-- MySQL Administrator dump 1.4
--
-- ------------------------------------------------------
-- Server version	5.1.34-community


/*!40101 SET @OLD_CHARACTER_SET_CLIENT=@@CHARACTER_SET_CLIENT */;
/*!40101 SET @OLD_CHARACTER_SET_RESULTS=@@CHARACTER_SET_RESULTS */;
/*!40101 SET @OLD_COLLATION_CONNECTION=@@COLLATION_CONNECTION */;
/*!40101 SET NAMES utf8 */;

/*!40014 SET @OLD_UNIQUE_CHECKS=@@UNIQUE_CHECKS, UNIQUE_CHECKS=0 */;
/*!40014 SET @OLD_FOREIGN_KEY_CHECKS=@@FOREIGN_KEY_CHECKS, FOREIGN_KEY_CHECKS=0 */;
/*!40101 SET @OLD_SQL_MODE=@@SQL_MODE, SQL_MODE='NO_AUTO_VALUE_ON_ZERO' */;


--
-- Create schema skythink
--

CREATE DATABASE IF NOT EXISTS skythink;
USE skythink;

--
-- Definition of table `act_ge_bytearray`
--

DROP TABLE IF EXISTS `act_ge_bytearray`;
CREATE TABLE `act_ge_bytearray` (
  `ID_` varchar(64) COLLATE utf8_bin NOT NULL DEFAULT '',
  `REV_` int(11) DEFAULT NULL,
  `NAME_` varchar(255) COLLATE utf8_bin DEFAULT NULL,
  `DEPLOYMENT_ID_` varchar(64) COLLATE utf8_bin DEFAULT NULL,
  `BYTES_` longblob,
  `GENERATED_` tinyint(4) DEFAULT NULL,
  PRIMARY KEY (`ID_`),
  KEY `ACT_FK_BYTEARR_DEPL` (`DEPLOYMENT_ID_`),
  CONSTRAINT `ACT_FK_BYTEARR_DEPL` FOREIGN KEY (`DEPLOYMENT_ID_`) REFERENCES `act_re_deployment` (`ID_`)
) ENGINE=InnoDB DEFAULT CHARSET=utf8 COLLATE=utf8_bin;

--
-- Dumping data for table `act_ge_bytearray`
--

/*!40000 ALTER TABLE `act_ge_bytearray` DISABLE KEYS */;
INSERT INTO `act_ge_bytearray` (`ID_`,`REV_`,`NAME_`,`DEPLOYMENT_ID_`,`BYTES_`,`GENERATED_`) VALUES 
 (0x343032,1,0x44656D6F50726F636573732E62706D6E,0x343031,0x3C3F786D6C2076657273696F6E3D22312E302220656E636F64696E673D225554462D38223F3E0A3C646566696E6974696F6E7320786D6C6E733D22687474703A2F2F7777772E6F6D672E6F72672F737065632F42504D4E2F32303130303532342F4D4F44454C2220786D6C6E733A7873693D22687474703A2F2F7777772E77332E6F72672F323030312F584D4C536368656D612D696E7374616E63652220786D6C6E733A61637469766974693D22687474703A2F2F61637469766974692E6F72672F62706D6E2220786D6C6E733A62706D6E64693D22687474703A2F2F7777772E6F6D672E6F72672F737065632F42504D4E2F32303130303532342F44492220786D6C6E733A6F6D6764633D22687474703A2F2F7777772E6F6D672E6F72672F737065632F44442F32303130303532342F44432220786D6C6E733A6F6D6764693D22687474703A2F2F7777772E6F6D672E6F72672F737065632F44442F32303130303532342F44492220747970654C616E67756167653D22687474703A2F2F7777772E77332E6F72672F323030312F584D4C536368656D61222065787072657373696F6E4C616E67756167653D22687474703A2F2F7777772E77332E6F72672F313939392F585061746822207461726765744E616D6573706163653D22687474703A2F2F7777772E61637469766974692E6F72672F74657374223E0A20203C70726F636573732069643D2270726F636573733122206E616D653D22736D616C6C46696E616E6365223E0A202020203C646F63756D656E746174696F6E3EE5BEAEE59E8BE8B4B7E6ACBEE6B581E7A88B3C2F646F63756D656E746174696F6E3E0A202020203C73746172744576656E742069643D2273746172746576656E743122206E616D653D225374617274223E3C2F73746172744576656E743E0A202020203C757365725461736B2069643D22757365727461736B3122206E616D653D22E5AEA2E688B7E8B083E69FA5223E3C2F757365725461736B3E0A202020203C757365725461736B2069643D22757365727461736B3222206E616D653D22E983A8E995BFE5A48DE6A0B8223E3C2F757365725461736B3E0A202020203C757365725461736B2069643D22757365727461736B3322206E616D653D2241E8A792E8B083E69FA5223E3C2F757365725461736B3E0A202020203C706172616C6C656C476174657761792069643D22706172616C6C656C676174657761793122206E616D653D22506172616C6C656C2047617465776179223E3C2F706172616C6C656C476174657761793E0A202020203C757365725461736B2069643D22757365727461736B3422206E616D653D2242E8A792E8B083E69FA5223E3C2F757365725461736B3E0A202020203C706172616C6C656C476174657761792069643D22706172616C6C656C676174657761793222206E616D653D22E8B083E69FA5E6B187E680BB223E3C2F706172616C6C656C476174657761793E0A202020203C757365725461736B2069643D22757365727461736B3522206E616D653D22E9A38EE68EA7E983A8E5AEA1E6A0B8223E3C2F757365725461736B3E0A202020203C757365725461736B2069643D22757365727461736B3622206E616D653D22E5AE89E68E92E4B88AE4BC9A223E3C2F757365725461736B3E0A202020203C757365725461736B2069643D22757365727461736B3722206E616D653D22E8AF84E5AEA1E4BC9AE8AF84E5AEA1223E3C2F757365725461736B3E0A202020203C757365725461736B2069643D22757365727461736B3822206E616D653D22E7ADBEE59088E5908C223E3C2F757365725461736B3E0A202020203C656E644576656E742069643D22656E646576656E743122206E616D653D22456E64223E3C2F656E644576656E743E0A202020203C73657175656E6365466C6F772069643D22666C6F773122206E616D653D22E68F90E4BAA4E983A8E995BF2220736F757263655265663D22757365727461736B3122207461726765745265663D22757365727461736B32223E3C2F73657175656E6365466C6F773E0A202020203C73657175656E6365466C6F772069643D22666C6F773322206E616D653D22E68F90E4BAA4E9A1B9E79BAE2220736F757263655265663D2273746172746576656E743122207461726765745265663D22757365727461736B31223E3C2F73657175656E6365466C6F773E0A202020203C73657175656E6365466C6F772069643D22666C6F773422206E616D653D22E58886E9858D412C42E8A7922220736F757263655265663D22757365727461736B3222207461726765745265663D22706172616C6C656C6761746577617931223E3C2F73657175656E6365466C6F773E0A202020203C73657175656E6365466C6F772069643D22666C6F773522206E616D653D22E9878DE696B0E8B083E69FA52220736F757263655265663D22757365727461736B3222207461726765745265663D22757365727461736B31223E3C2F73657175656E6365466C6F773E0A202020203C73657175656E6365466C6F772069643D22666C6F773622206E616D653D2241E8A792E8B083E69FA52220736F757263655265663D22706172616C6C656C676174657761793122207461726765745265663D22757365727461736B33223E3C2F73657175656E6365466C6F773E0A202020203C73657175656E6365466C6F772069643D22666C6F773722206E616D653D2242E8A792E8B083E69FA52220736F757263655265663D22706172616C6C656C676174657761793122207461726765745265663D22757365727461736B34223E3C2F73657175656E6365466C6F773E0A202020203C73657175656E6365466C6F772069643D22666C6F773822206E616D653D2242E8A792E8B083E69FA5E7BB93E69D9F2220736F757263655265663D22757365727461736B3422207461726765745265663D22706172616C6C656C6761746577617932223E3C2F73657175656E6365466C6F773E0A202020203C73657175656E6365466C6F772069643D22666C6F773922206E616D653D2241E8A792E8B083E69FA5E7BB93E69D9F2220736F757263655265663D22757365727461736B3322207461726765745265663D22706172616C6C656C6761746577617932223E3C2F73657175656E6365466C6F773E0A202020203C73657175656E6365466C6F772069643D22666C6F77313022206E616D653D22E9A38EE68EA7E983A8E5AEA1E6A0B82220736F757263655265663D22706172616C6C656C676174657761793222207461726765745265663D22757365727461736B35223E3C2F73657175656E6365466C6F773E0A202020203C73657175656E6365466C6F772069643D22666C6F77313122206E616D653D22E68F90E4BAA4E8AF84E5AEA1E4BC9AE8AF84E5AEA12220736F757263655265663D22757365727461736B3522207461726765745265663D22757365727461736B36223E3C2F73657175656E6365466C6F773E0A202020203C73657175656E6365466C6F772069643D22666C6F77313222206E616D653D22E5BC80E4BC9AE8AF84E5AEA12220736F757263655265663D22757365727461736B3622207461726765745265663D22757365727461736B37223E3C2F73657175656E6365466C6F773E0A202020203C73657175656E6365466C6F772069643D22666C6F77313322206E616D653D22E7ADBEE59088E5908C2220736F757263655265663D22757365727461736B3722207461726765745265663D22757365727461736B38223E3C2F73657175656E6365466C6F773E0A202020203C73657175656E6365466C6F772069643D22666C6F77313422206E616D653D22E9A1B9E79BAEE7BB93E69D9F2220736F757263655265663D22757365727461736B3822207461726765745265663D22656E646576656E7431223E3C2F73657175656E6365466C6F773E0A202020203C73657175656E6365466C6F772069643D22666C6F77313522206E616D653D22E9878DE696B0E8B083E69FA52220736F757263655265663D22757365727461736B3722207461726765745265663D22757365727461736B31223E3C2F73657175656E6365466C6F773E0A202020203C73657175656E6365466C6F772069643D22666C6F77313622206E616D653D22E7BB88E6ADA2E9A1B9E79BAE2220736F757263655265663D22757365727461736B3722207461726765745265663D22656E646576656E7431223E3C2F73657175656E6365466C6F773E0A20203C2F70726F636573733E0A20203C62706D6E64693A42504D4E4469616772616D2069643D2242504D4E4469616772616D5F70726F6365737331223E0A202020203C62706D6E64693A42504D4E506C616E652062706D6E456C656D656E743D2270726F6365737331222069643D2242504D4E506C616E655F70726F6365737331223E0A2020202020203C62706D6E64693A42504D4E53686170652062706D6E456C656D656E743D2273746172746576656E7431222069643D2242504D4E53686170655F73746172746576656E7431223E0A20202020202020203C6F6D6764633A426F756E6473206865696768743D223335222077696474683D2233352220783D2233302220793D223530223E3C2F6F6D6764633A426F756E64733E0A2020202020203C2F62706D6E64693A42504D4E53686170653E0A2020202020203C62706D6E64693A42504D4E53686170652062706D6E456C656D656E743D22757365727461736B31222069643D2242504D4E53686170655F757365727461736B31223E0A20202020202020203C6F6D6764633A426F756E6473206865696768743D223535222077696474683D223130352220783D223138302220793D223430223E3C2F6F6D6764633A426F756E64733E0A2020202020203C2F62706D6E64693A42504D4E53686170653E0A2020202020203C62706D6E64693A42504D4E53686170652062706D6E456C656D656E743D22757365727461736B32222069643D2242504D4E53686170655F757365727461736B32223E0A20202020202020203C6F6D6764633A426F756E6473206865696768743D223535222077696474683D223130352220783D223431302220793D223430223E3C2F6F6D6764633A426F756E64733E0A2020202020203C2F62706D6E64693A42504D4E53686170653E0A2020202020203C62706D6E64693A42504D4E53686170652062706D6E456C656D656E743D22757365727461736B33222069643D2242504D4E53686170655F757365727461736B33223E0A20202020202020203C6F6D6764633A426F756E6473206865696768743D223535222077696474683D223130352220783D223438302220793D22313233223E3C2F6F6D6764633A426F756E64733E0A2020202020203C2F62706D6E64693A42504D4E53686170653E0A2020202020203C62706D6E64693A42504D4E53686170652062706D6E456C656D656E743D22706172616C6C656C6761746577617931222069643D2242504D4E53686170655F706172616C6C656C6761746577617931223E0A20202020202020203C6F6D6764633A426F756E6473206865696768743D223430222077696474683D2234302220783D223632302220793D223437223E3C2F6F6D6764633A426F756E64733E0A2020202020203C2F62706D6E64693A42504D4E53686170653E0A2020202020203C62706D6E64693A42504D4E53686170652062706D6E456C656D656E743D22757365727461736B34222069643D2242504D4E53686170655F757365727461736B34223E0A20202020202020203C6F6D6764633A426F756E6473206865696768743D223535222077696474683D223130352220783D223730332220793D22313135223E3C2F6F6D6764633A426F756E64733E0A2020202020203C2F62706D6E64693A42504D4E53686170653E0A2020202020203C62706D6E64693A42504D4E53686170652062706D6E456C656D656E743D22706172616C6C656C6761746577617932222069643D2242504D4E53686170655F706172616C6C656C6761746577617932223E0A20202020202020203C6F6D6764633A426F756E6473206865696768743D223430222077696474683D2234302220783D223634302220793D22323230223E3C2F6F6D6764633A426F756E64733E0A2020202020203C2F62706D6E64693A42504D4E53686170653E0A2020202020203C62706D6E64693A42504D4E53686170652062706D6E456C656D656E743D22757365727461736B35222069643D2242504D4E53686170655F757365727461736B35223E0A20202020202020203C6F6D6764633A426F756E6473206865696768743D223535222077696474683D223130352220783D223630382220793D22323930223E3C2F6F6D6764633A426F756E64733E0A2020202020203C2F62706D6E64693A42504D4E53686170653E0A2020202020203C62706D6E64693A42504D4E53686170652062706D6E456C656D656E743D22757365727461736B36222069643D2242504D4E53686170655F757365727461736B36223E0A20202020202020203C6F6D6764633A426F756E6473206865696768743D223535222077696474683D223130352220783D223339302220793D22323930223E3C2F6F6D6764633A426F756E64733E0A2020202020203C2F62706D6E64693A42504D4E53686170653E0A2020202020203C62706D6E64693A42504D4E53686170652062706D6E456C656D656E743D22757365727461736B37222069643D2242504D4E53686170655F757365727461736B37223E0A20202020202020203C6F6D6764633A426F756E6473206865696768743D223535222077696474683D223130352220783D223138302220793D22323930223E3C2F6F6D6764633A426F756E64733E0A2020202020203C2F62706D6E64693A42504D4E53686170653E0A2020202020203C62706D6E64693A42504D4E53686170652062706D6E456C656D656E743D22757365727461736B38222069643D2242504D4E53686170655F757365727461736B38223E0A20202020202020203C6F6D6764633A426F756E6473206865696768743D223535222077696474683D223130352220783D2231302220793D22323930223E3C2F6F6D6764633A426F756E64733E0A2020202020203C2F62706D6E64693A42504D4E53686170653E0A2020202020203C62706D6E64693A42504D4E53686170652062706D6E456C656D656E743D22656E646576656E7431222069643D2242504D4E53686170655F656E646576656E7431223E0A20202020202020203C6F6D6764633A426F756E6473206865696768743D223335222077696474683D2233352220783D2234352220793D22313433223E3C2F6F6D6764633A426F756E64733E0A2020202020203C2F62706D6E64693A42504D4E53686170653E0A2020202020203C62706D6E64693A42504D4E456467652062706D6E456C656D656E743D22666C6F7731222069643D2242504D4E456467655F666C6F7731223E0A20202020202020203C6F6D6764693A776179706F696E7420783D223238352220793D223637223E3C2F6F6D6764693A776179706F696E743E0A20202020202020203C6F6D6764693A776179706F696E7420783D223431302220793D223637223E3C2F6F6D6764693A776179706F696E743E0A20202020202020203C62706D6E64693A42504D4E4C6162656C3E0A202020202020202020203C6F6D6764633A426F756E6473206865696768743D223134222077696474683D223130302220783D222D33362220793D2234223E3C2F6F6D6764633A426F756E64733E0A20202020202020203C2F62706D6E64693A42504D4E4C6162656C3E0A2020202020203C2F62706D6E64693A42504D4E456467653E0A2020202020203C62706D6E64693A42504D4E456467652062706D6E456C656D656E743D22666C6F7733222069643D2242504D4E456467655F666C6F7733223E0A20202020202020203C6F6D6764693A776179706F696E7420783D2236352220793D223637223E3C2F6F6D6764693A776179706F696E743E0A20202020202020203C6F6D6764693A776179706F696E7420783D223138302220793D223637223E3C2F6F6D6764693A776179706F696E743E0A20202020202020203C62706D6E64693A42504D4E4C6162656C3E0A202020202020202020203C6F6D6764633A426F756E6473206865696768743D223134222077696474683D223130302220783D222D34312220793D2234223E3C2F6F6D6764633A426F756E64733E0A20202020202020203C2F62706D6E64693A42504D4E4C6162656C3E0A2020202020203C2F62706D6E64693A42504D4E456467653E0A2020202020203C62706D6E64693A42504D4E456467652062706D6E456C656D656E743D22666C6F7734222069643D2242504D4E456467655F666C6F7734223E0A20202020202020203C6F6D6764693A776179706F696E7420783D223531352220793D223637223E3C2F6F6D6764693A776179706F696E743E0A20202020202020203C6F6D6764693A776179706F696E7420783D223632302220793D223637223E3C2F6F6D6764693A776179706F696E743E0A20202020202020203C62706D6E64693A42504D4E4C6162656C3E0A202020202020202020203C6F6D6764633A426F756E6473206865696768743D223134222077696474683D223130302220783D222D33372220793D222D3230223E3C2F6F6D6764633A426F756E64733E0A20202020202020203C2F62706D6E64693A42504D4E4C6162656C3E0A2020202020203C2F62706D6E64693A42504D4E456467653E0A2020202020203C62706D6E64693A42504D4E456467652062706D6E456C656D656E743D22666C6F7735222069643D2242504D4E456467655F666C6F7735223E0A20202020202020203C6F6D6764693A776179706F696E7420783D223436322220793D223935223E3C2F6F6D6764693A776179706F696E743E0A20202020202020203C6F6D6764693A776179706F696E7420783D223436302220793D22313236223E3C2F6F6D6764693A776179706F696E743E0A20202020202020203C6F6D6764693A776179706F696E7420783D223233322220793D22313236223E3C2F6F6D6764693A776179706F696E743E0A20202020202020203C6F6D6764693A776179706F696E7420783D223233322220793D223935223E3C2F6F6D6764693A776179706F696E743E0A20202020202020203C62706D6E64693A42504D4E4C6162656C3E0A202020202020202020203C6F6D6764633A426F756E6473206865696768743D223134222077696474683D223130302220783D222D33352220793D222D3136223E3C2F6F6D6764633A426F756E64733E0A20202020202020203C2F62706D6E64693A42504D4E4C6162656C3E0A2020202020203C2F62706D6E64693A42504D4E456467653E0A2020202020203C62706D6E64693A42504D4E456467652062706D6E456C656D656E743D22666C6F7736222069643D2242504D4E456467655F666C6F7736223E0A20202020202020203C6F6D6764693A776179706F696E7420783D223634302220793D223837223E3C2F6F6D6764693A776179706F696E743E0A20202020202020203C6F6D6764693A776179706F696E7420783D223533322220793D22313233223E3C2F6F6D6764693A776179706F696E743E0A20202020202020203C62706D6E64693A42504D4E4C6162656C3E0A202020202020202020203C6F6D6764633A426F756E6473206865696768743D223134222077696474683D223130302220783D222D34392220793D222D3135223E3C2F6F6D6764633A426F756E64733E0A20202020202020203C2F62706D6E64693A42504D4E4C6162656C3E0A2020202020203C2F62706D6E64693A42504D4E456467653E0A2020202020203C62706D6E64693A42504D4E456467652062706D6E456C656D656E743D22666C6F7737222069643D2242504D4E456467655F666C6F7737223E0A20202020202020203C6F6D6764693A776179706F696E7420783D223634302220793D223837223E3C2F6F6D6764693A776179706F696E743E0A20202020202020203C6F6D6764693A776179706F696E7420783D223735352220793D22313135223E3C2F6F6D6764693A776179706F696E743E0A20202020202020203C62706D6E64693A42504D4E4C6162656C3E0A202020202020202020203C6F6D6764633A426F756E6473206865696768743D223134222077696474683D223130302220783D2231302220793D222D3130223E3C2F6F6D6764633A426F756E64733E0A20202020202020203C2F62706D6E64693A42504D4E4C6162656C3E0A2020202020203C2F62706D6E64693A42504D4E456467653E0A2020202020203C62706D6E64693A42504D4E456467652062706D6E456C656D656E743D22666C6F7738222069643D2242504D4E456467655F666C6F7738223E0A20202020202020203C6F6D6764693A776179706F696E7420783D223735352220793D22313730223E3C2F6F6D6764693A776179706F696E743E0A20202020202020203C6F6D6764693A776179706F696E7420783D223636302220793D22323230223E3C2F6F6D6764693A776179706F696E743E0A20202020202020203C62706D6E64693A42504D4E4C6162656C3E0A202020202020202020203C6F6D6764633A426F756E6473206865696768743D223134222077696474683D223130302220783D2231302220793D2230223E3C2F6F6D6764633A426F756E64733E0A20202020202020203C2F62706D6E64693A42504D4E4C6162656C3E0A2020202020203C2F62706D6E64693A42504D4E456467653E0A2020202020203C62706D6E64693A42504D4E456467652062706D6E456C656D656E743D22666C6F7739222069643D2242504D4E456467655F666C6F7739223E0A20202020202020203C6F6D6764693A776179706F696E7420783D223533322220793D22313738223E3C2F6F6D6764693A776179706F696E743E0A20202020202020203C6F6D6764693A776179706F696E7420783D223636302220793D22323230223E3C2F6F6D6764693A776179706F696E743E0A20202020202020203C62706D6E64693A42504D4E4C6162656C3E0A202020202020202020203C6F6D6764633A426F756E6473206865696768743D223134222077696474683D223130302220783D222D38352220793D222D37223E3C2F6F6D6764633A426F756E64733E0A20202020202020203C2F62706D6E64693A42504D4E4C6162656C3E0A2020202020203C2F62706D6E64693A42504D4E456467653E0A2020202020203C62706D6E64693A42504D4E456467652062706D6E456C656D656E743D22666C6F773130222069643D2242504D4E456467655F666C6F773130223E0A20202020202020203C6F6D6764693A776179706F696E7420783D223636302220793D22323630223E3C2F6F6D6764693A776179706F696E743E0A20202020202020203C6F6D6764693A776179706F696E7420783D223636302220793D22323930223E3C2F6F6D6764693A776179706F696E743E0A20202020202020203C62706D6E64693A42504D4E4C6162656C3E0A202020202020202020203C6F6D6764633A426F756E6473206865696768743D223134222077696474683D223130302220783D2231302220793D222D3135223E3C2F6F6D6764633A426F756E64733E0A20202020202020203C2F62706D6E64693A42504D4E4C6162656C3E0A2020202020203C2F62706D6E64693A42504D4E456467653E0A2020202020203C62706D6E64693A42504D4E456467652062706D6E456C656D656E743D22666C6F773131222069643D2242504D4E456467655F666C6F773131223E0A20202020202020203C6F6D6764693A776179706F696E7420783D223630382220793D22333137223E3C2F6F6D6764693A776179706F696E743E0A20202020202020203C6F6D6764693A776179706F696E7420783D223439352220793D22333137223E3C2F6F6D6764693A776179706F696E743E0A20202020202020203C62706D6E64693A42504D4E4C6162656C3E0A202020202020202020203C6F6D6764633A426F756E6473206865696768743D223134222077696474683D223130302220783D222D34322220793D222D3237223E3C2F6F6D6764633A426F756E64733E0A20202020202020203C2F62706D6E64693A42504D4E4C6162656C3E0A2020202020203C2F62706D6E64693A42504D4E456467653E0A2020202020203C62706D6E64693A42504D4E456467652062706D6E456C656D656E743D22666C6F773132222069643D2242504D4E456467655F666C6F773132223E0A20202020202020203C6F6D6764693A776179706F696E7420783D223339302220793D22333137223E3C2F6F6D6764693A776179706F696E743E0A20202020202020203C6F6D6764693A776179706F696E7420783D223238352220793D22333137223E3C2F6F6D6764693A776179706F696E743E0A20202020202020203C62706D6E64693A42504D4E4C6162656C3E0A202020202020202020203C6F6D6764633A426F756E6473206865696768743D223134222077696474683D223130302220783D222D33372220793D222D3237223E3C2F6F6D6764633A426F756E64733E0A20202020202020203C2F62706D6E64693A42504D4E4C6162656C3E0A2020202020203C2F62706D6E64693A42504D4E456467653E0A2020202020203C62706D6E64693A42504D4E456467652062706D6E456C656D656E743D22666C6F773133222069643D2242504D4E456467655F666C6F773133223E0A20202020202020203C6F6D6764693A776179706F696E7420783D223138302220793D22333137223E3C2F6F6D6764693A776179706F696E743E0A20202020202020203C6F6D6764693A776179706F696E7420783D223131352220793D22333137223E3C2F6F6D6764693A776179706F696E743E0A20202020202020203C62706D6E64693A42504D4E4C6162656C3E0A202020202020202020203C6F6D6764633A426F756E6473206865696768743D223134222077696474683D223130302220783D222D31372220793D222D3237223E3C2F6F6D6764633A426F756E64733E0A20202020202020203C2F62706D6E64693A42504D4E4C6162656C3E0A2020202020203C2F62706D6E64693A42504D4E456467653E0A2020202020203C62706D6E64693A42504D4E456467652062706D6E456C656D656E743D22666C6F773134222069643D2242504D4E456467655F666C6F773134223E0A20202020202020203C6F6D6764693A776179706F696E7420783D2236322220793D22323930223E3C2F6F6D6764693A776179706F696E743E0A20202020202020203C6F6D6764693A776179706F696E7420783D2236322220793D22313738223E3C2F6F6D6764693A776179706F696E743E0A20202020202020203C62706D6E64693A42504D4E4C6162656C3E0A202020202020202020203C6F6D6764633A426F756E6473206865696768743D223134222077696474683D223130302220783D2231302220793D2230223E3C2F6F6D6764633A426F756E64733E0A20202020202020203C2F62706D6E64693A42504D4E4C6162656C3E0A2020202020203C2F62706D6E64693A42504D4E456467653E0A2020202020203C62706D6E64693A42504D4E456467652062706D6E456C656D656E743D22666C6F773135222069643D2242504D4E456467655F666C6F773135223E0A20202020202020203C6F6D6764693A776179706F696E7420783D223233322220793D22323930223E3C2F6F6D6764693A776179706F696E743E0A20202020202020203C6F6D6764693A776179706F696E7420783D223233322220793D223935223E3C2F6F6D6764693A776179706F696E743E0A20202020202020203C62706D6E64693A42504D4E4C6162656C3E0A202020202020202020203C6F6D6764633A426F756E6473206865696768743D223134222077696474683D223130302220783D2231302220793D2230223E3C2F6F6D6764633A426F756E64733E0A20202020202020203C2F62706D6E64693A42504D4E4C6162656C3E0A2020202020203C2F62706D6E64693A42504D4E456467653E0A2020202020203C62706D6E64693A42504D4E456467652062706D6E456C656D656E743D22666C6F773136222069643D2242504D4E456467655F666C6F773136223E0A20202020202020203C6F6D6764693A776179706F696E7420783D223233322220793D22323930223E3C2F6F6D6764693A776179706F696E743E0A20202020202020203C6F6D6764693A776179706F696E7420783D2236322220793D22313738223E3C2F6F6D6764693A776179706F696E743E0A20202020202020203C62706D6E64693A42504D4E4C6162656C3E0A202020202020202020203C6F6D6764633A426F756E6473206865696768743D223134222077696474683D223130302220783D222D32372220793D222D3431223E3C2F6F6D6764633A426F756E64733E0A20202020202020203C2F62706D6E64693A42504D4E4C6162656C3E0A2020202020203C2F62706D6E64693A42504D4E456467653E0A202020203C2F62706D6E64693A42504D4E506C616E653E0A20203C2F62706D6E64693A42504D4E4469616772616D3E0A3C2F646566696E6974696F6E733E,0),
 (0x343033,1,0x44656D6F50726F636573732E706E67,0x343031,0x89504E470D0A1A0A0000000D49484452000003350000015E08020000003322A60B0000473249444154789CED9D7F8C1CE57DFFB760E020100E35C1C7EF4D5AC4B62978BF2192D754AD0FAAE2ADD4866D8BF0267F385B21CC4550726A517A6D6A5FD5E09EAA249C9B045D5A30AB46B48B22D39302E61A6CB20543B6C6D8671CC3629FC33AC664C1188EFA6CAFEF876FBECFEDD8C3787E3CF3CCEC3CF3CC33CFFBA58F4FE3D9F9FD79CFF379EFB3BBCFA4340000000000102752A20F0000000000009C05FC190000000040BC803F03000000008817F0670000000000F102FE0C00000000205EC09F0100000000C40BF833000000008078017F0600000000102FE0CF0000000000E205FC190000000040BC803F03000000008817F0670000000000F102FE0C00000000205EC09F0100000000C40BF833000000008078017F0600000000102FE0CF0000000000E205FC190000000040BC803F03000000008817F0670000000000F102FE0C00000000205EC09F0100000000C40BF833000000008078017F0600000000102FE0CF0000000000E205FC190000000040BC803F03000000008817F0670000000000F102FE0C00000000205EC09F0100000000C40BF833000000008078017F0600000000102FE0CF0000000000E205FC190000000040BC803F03000000008817F0670000000000F102FE0C00000000205EC09F0100000000C40BF833000000008078017F067CD06AB52A954AB158ECEDED4DA7D3295521E74EAE40A1502897CB939393A2D3025C816275A05800A403FE0CB0323636465A7952EA9E78E289CD5BB64CECDF3F333BAB669073275760E3C68DAB56AD22D784D43CD1C9010E40B1502C00F2027F06BC216FB84BA5D28A152B0EBE7D70667606618EC3EF1F26358F5C9C66B3293A51E034502C140B80ECC09F010F48A9CB66B38F6D787466761AE1164F3FF3F4D2A54B1B8D86E8740128168A052009C09F010F4AA552BBD49D44D063F396E7962FFF7DD1E902502C140B4012803F0334C6C6C656ACB87D76AE856089AFFFCD83EBD67D5374D294068A8562014806F067C09556AB954EA7DF3ED4989D3B816089A9631F2E597253BD5E179D3A458162A158001203FC1970A55C2E974AA5D9B9E346DC9AFF63C6DFF39BD7522AD6ADFBC7818101D1A9531428168A052031C09F01570A85C2C6A79EFCB8D4DDBEE2579A76E094B66F567B7D5ADB35AD6D9F9A1B7EEAF99F1CFA68DB8CF6BF2D6D5B4BDB7A5C7BEEA4F62F5B77AFEEBB5778E11112AFEEA865B359D1A95314283662C5125FEB381D0111EF8E07FAAF8C311C1D70437A89037E6432993D7B76CECE1DD3833488539A766C5EFB684EFB60463BAE697FF5776B53E75C9CBBBD7068563B38AD1D3CA9355ADAC49CF6A39FED6A77481C5330A68E1DE9EAEA129D3A45816223562CC59F3976529AE7779268C7ED77B8C18821B66CF9F2E58F6DD8D0DBDB0B8B061C11ACE956AB353A3A3A383848DEF8F69E219FCF9339954A05AA154B7777F7FB470ECDCE4DE9415AC0E3A7B4E9530B2FCDCD2FFCFDF1A6FFBEF2377EE71B0F7D7B4ED38ECE691FCD6A1FCC6A2467CFBDF25ABBDA4DA919D2958AC400C546A958FB5A6E733C977C7675EA96F5130EFB98587F8BC981AD7ED6C7AEE38C6ECEB6BFBA6366768EFC8545038E08D334B165C48791F76DC4991137B671E3539BB73CAFC7D3CF6C5AB3666DB15824AD6D2E97C350D7A26857ACA34690FF1E9BD38E9CD0664E9D5E80B4290F7FEF07DFFCD6F70EBEB330D0E5ECBC36D3AE822FBFBACBB2AE522157A94812506C948AA59B24B7FE33877589095BBD9EFC7B56B3415EFAD8B89D76714932677AC0A2014704C87A7C7C5C7F121CF1618640DD62EB4B2FAF5AF5956C365BAD56A33F54C56957ACFF3362A1DA9DD20E1FD7DE9DD266356D667A3A73C30DA9D4B9A954D79D5F5A655E71FB8E9D9675950AB9AA459280622353ACDB2AC67C73CF99BD17CD3C4D6C17B166138E06CDE2CFCE4C3B9A3F293EE5B49B335834E046D46A1E1A1A22666BF396E73D9D9945BB44D37D7D7DAD562BE203569976C5FAC808FDD3A22327B4778E6AEF9DD4B6EFF9C5E2C58BCF5D74FE85977EAAF8E5B3AADD2BAFEEB0ACAB54C4BF48241528361AC55ABE4966B1479E7FCF3652BA3DB358B1339CFDF9A6F101A79BD58BF9ADE766CE60D18023D1A99958AB62B1383030E0CB9999E3FB8F3C42E48B67C64546BB624D1A41FE7B625EFBA0B5D01B71F8A4B6E595FA8D4B6EFED4A72FBFB4FBB21FFCFB8F4E6ADAD4B4767C7A61C5ADB5572CEB2A15312F1209068A8D5EB114ABE4F85FCBBECCAEEC8C537379D9F42D3519FBCFE8E60C160DD88948CDC49CE572B94AA512D89C191F7792EDE09971D1401ABBB9B90F8DD0DB3E52F03E9AD53E9CD1DE393AFBF2EEC692CF7FE1D63FFCA3F7A6B5775BDA7B2DEDC8B446EADDD66DAF58D6552AE25C24920D141BBD62D9BBB29CFC19B15C6763E9423BBB53CD3070D2F59FB19833583460212235178BC5CECD99215F62D1F0416704582A56EFADCB5F7B63DFF6DDF5DA78FDA51DF59776EE7DF9B5FD3FDDF6FACF76BFF5C28EBD2FEE78F3A59D6FD676EDDDBDEF978FFCEB86BB56DE25BCEAC858ED402740B1112BD6B2A2BDC3CCEDD3CFD3587BCC6C9F715AFBCF4E2F2D57FF99A3395BB366AD11B068C09128D43C3434D4C9C79AF6D8B8F1A942A110C1912B4EBBDA7D608EFBEEBB97D2321AFCF99D775A56542AE2592454008A8D58B1747FE6B8B0E9AFD34F024E7B30D397D24C69721C5F83BE53E1B8F59C99E5875E34E00877358F8F8F67B3D910CD991EAB57DF3B3232C2FBE015A75DED8E20FC460C8B842240B1512AD6CD8119D38E9D5B29874F391D7876B5D3701B2E3BA21C9258281F6BD2FD192C1AD022F067C49CB17CE8EE370EBE7DE8BAEBD2F894932B0BD5EED4FB08BF11B722A10E506C648A75B4626E0B58E6D817B631B17EBDAB3D735B9761B39142FFCE99A73F8345037CD53C3A3A5A28144237677A3CF0C0D7868787B91EBFE2B4ABDD6184DF885591500A28168A8D099E3F0860F167B0688AC3F7B624C2F23BD499AF2EB49E9E1EAEC7AF38ED6AF71EC26FA0DA89028A8562E300CBAF3519FD192C9ACA70BC2D899EBABBBB3999333D962E5D5AABD5F89D82E2B4ABDDBB08BF816A270A28168A150EE3501AECFE0C164D5938DE96E572B9542A71F5670FAD5B373030C0EF1454A052A9B88D27D7AE764D84DF40B5E30A140BC50A81223C03F671CE7CF933583435E1785BF6F5F58D8C8C70F5679BB73C4F24CBEF1412CFDEBD7BF506E2924B2ED9B871A3E555543B54BBB801C542B142A00B4F87DD9C05F067B0680AC2F1B6CCE7F32C4F40EF2426F6EFBFEEBA34BF53483CAD56EB9C73CED1DB88F3CE3BEF739FFB9CF90D62BBDAFD0AE13750EDF801C542B142A00B4FF369CE82F9335834D5E0785B721A59C31C47A78E757575F13B0515E8E9E931B714175E78E1DD77DFAD0F5C42FE7BEAD43B08BF816AC71528168A150245786EE66CCD9AB5A9CEC0D3055486E36D49D47CF0ED435CFD99FE2E8488B5C37B00B871EAD42184DF484193E2109E7D192305C5760631678E2315F0F06733F8628F3270F467994CE6E77BF644E0CFF89D820A5C7AE9A5465B506843EEFC7ABDAE9DEE8D781BE137A049AE40B150AC1028C21B1F1F2716EDF0FB4722F067642F64BF648FA2AF07E00EC7DB92EBE0677AE0FB671D323939A9B702C44CDF73CF3DE46FA552315E6D57BB835C8365178ECB98673AB66BC1F615D64909CC69B211A8D8C05AB52CE0869BB6A1D83840179EE662D142F76730674AC1F1B62C954A8F6DD8C0D59F6D7DE9E5A54B97F23B85C473E0C081AEAEAE7C3E9F4EA70706062CDF6968D7865F861B9EED91DB5A9499F657F539C1F615CA398A4A68E2895EB1762159E650846A5980F1F0E8DB84628540179E8E5B2F9ADB273F068CF50EE64C3538DE96C3C3C30F3CF035AEFE8CF8BF55ABBEC2EF1454607474B45C2E3B8EEBC3C99F51AA8EA59831FA2AFB361D2B9CF92FAA9DBC44AC585F3236CF7713A1A7A4294B42B102A108CF80DDA2F9F56730670AC2F1B6243A266F35B8FAB3152B568C8D8D053BBCD4D90FEB35A02C49DF9A9D6007161FDAF5E000A770AA3DD605DC56749C63DE8E791963DA3EC1EFD438A5C398E850B18C920E709062E19459BB9CDCB4E42666BAAACD5BB36C81B756B92A564D182D9A39D73067C011BEB725D79F081C9D3AD6DDDDADFFBC3900E66A679FE9B6B065A6BD40DA97B41B114A658D150BB561BEC123EC5B6699639E7FBA869DBDA465C2BC8C65839697423F3B4EE9B04C683E15AB39793B3741DAFF0BC5DA05C6285A8BF0EC386EC44DBDB2285659582C9A39FB3067C011BEB725D78F38BFFD9DEF908D073EB614B537C2AD19B52FE6B84DCF9994F9F1A15D12DE0A3DF4CD9A37EEB823B7BD1BF3CD134E05EF2D9657399D20A774181381154BDF2C6577E19F0F077864D6ED7A7A2AD04D8D74A99B372EBB6255C6D3A299934B3767575E79E50F7FF843D1270404C0F7B66CB55AE9749AC7286847A78E5D775DBAD96C06382A4AE9F2DB4EA5A8D591BECDF8B789EDAAF00B7E61AA3DB4579DAADDE9052C13E6751DA7DDE6847E5EA1272274C51AD36E42B5EF2BFEF0CEAC5D42963D5234495735E5A6F0DC660C150B089B366DA2583473F6E93D67A3A3A3B95C6E606020F087454052B8DF96954AE5AE952BE3D679A6317F9B875E0BDD6A1B65FB947DC58D763DD81F6E9C5D933C66BA6DC171C2BC05B78DDBF7C22338653614C56A2EB68CBE1D59E09459BB78EC2274132745C06E2F39DE055C452B63AE634EB55ACD66B3945E34B3A2583ED61C1A1A221BACD56A62CF0B444914B7E517EFB863E3C6A74234673FDFB367C9922547A78E7572542C4D9267D14AD9FC196522C00188A55D122678848B67B22EE3B911F384FDAFDB76F89D97B17D4EE908B08CC5AE39A2B1BD9D30168E2D9C326B9793457B94255994EFB811F37C4915AB2CC3C3C3C62398DC2C9A39FB9EE64CA75EAFA3234D29A2B82D894C972E5D1AD60F05887089399BD8BFBFC3A3325726C70A94B2F52BB8CD619CB01F4087A7C09B7655D8C723EC5BB6CC61D9F59902B6CFF86B99635ECC560EB99C97B1474EE9E85CB18E9BB54CD0E7C7194E99B5C8C92236FB92C67C47557B4ADDBE80A48A551052EC0A85427F7FBF79A6DBD0B546B098330374A4A94344B72531FEC4A21153D5B939FBE21D773CFDCCA64E0EC652D58C9994E5DD1660F4676E74721611C0D59FD13D13CBAEDDAA20E3EA1255BB70156B5120FC995FB95204E6A864477D3ACADEAE5E8AC8E3AC5835D1FBB7464747ED2FB18F8BC6F26B4D74A4294274B72511DC92254BB6BEF472271F6B1293D7A1393348D97A1D289E8932DFADC87996B7F8B789E408E7E7F7F208FB96CD737CEDD7B2B09147F3B41BFCCE8E533ACC1381156B99F6F46794ADC50D4E39B58BD36D47F40370149E7DA659BDEC1B8FA1629542FF16BFFE384E47582C9AAFA134D091967822BD2D2727278940D7AC59CBF8040C238E4E1DFBF677BEA37F481AD6C1D8AB1D7D49FB026E7328758E657E7C68D78337117E23327F465FD27101477FE6E8F3E8EE2D9E40B1B152AC3AF4F7F7170A05C7873E99A15BB400E39CA1232DD9447D5B1219117F76C30D19E2B788EB6231678F6DD840967FE081AF11F98678242CD5CE52B728DD159A53E533AFE548E767C19576B5AB23FC86407FE6A958BB0229EF1F1CD7EDEC24F802C5C64AB12A403C193155C3C3C38CCBBB59B44E06A145475A5211735B369B4DF286A3BBBBFB8B77DC41ECD7F6577758C44AE63CF1C47FDCB572255966D5AAAFD01F7916004B71722C5A1DD62DCF8E87F8B789ED6AF706C26FF0C86C588AB5BF8B90579F76A0D8F8285605889D22C6A85AADFA5DCB62D13A7F42003AD21289C8DB9228697474B4542A2D59B2C4526FC81C62CE2A958A678F31E0475757D789133BE7E75F47F80A543B5140B1506C648C8C8C104B14ACEFC06CD1427C7CD3D0D010FD3B70402E705B0257D2E9F45B6FFD647E7E0FC257A0DA89028A856223A0D56AF5B5E9A4B34AB76813FBF787FB6C4DBD4B8F18B5B036080482DB12B892CFE79F1D1B99D77E8E608F37EA3FCE6432A253A728502C14CB9B66B3491CD5C8C848E79B225E8ABCA308FDC1E7C4350E0C0CA0232D01C09F0157C89BB08181BB85D70FB9E2F1F243A5524974EA14058A8562B952AD56899795E29BF8E420D191263BF067C09546A391C97CE6446BFBBCB61BC11885C26D8E035482088062A5532CFDA355FB8F91EDBF8CF1B5C14E303FB5490AA2E948932883D2810B01680C2ED037AFBD866089FFACFC73B198179D34A58162E552AC67C1A6FC10DEF1B7CC2C0EC02FC4E8148B45CB539B648177479A1419941475CF1CB0401AA6DEDE2FD46A3FD4B45D087A349B5B3299CF4C4E6E159D34A5816263ABD86757A76E593F619E43A9E576EC65DEB270CA345E4C8845BD5EAF137F53A954C2DA60F484D09136B1FE1693615AFDECE9D95264505E70098007EDE6E9867A7D54D3C6116E414A1DB105D5EAA3A2D305A0D8582A9614F8D5EBC9BF3395DD5F69D76C7D2D96E53D6B7F303C9FDA24111D75A491F47D6CAE4F3B6D29322835AA9F3F60A17D63DF3034F4979AB613618FD1D1EF6432E96AF5DF44270A9C068A8D9B62494927D66CC26CD0189EAD6299769CB07C046699EEA4C60F0E0EB23CB549228277A459FCD999E998675076D43D73E08BF68D5DEAEDBDB95CFE8766F3394DDB81989CFC9F4AE59F8AC51585422F99169D227016506C9C14ABDB334B99A73D13CF3E4D31019EAFFA457F6A13F16781B710678274A49DFDF9A6F101676C33980C543F7FE08B6AB55A2AFD494FCFAF3BDE4BAAD1DD7D49B1783B2978A2D3025C8162CD8852ACD9959D716A0B500ED55837E5FE6997E36294398C047B6A935C181D69CD66936905A7CF37B5B8663031A87EFE40527EF3377F53F42100005820E5FC6C4C9F8E190B794EA7BCBEBD44B108EC542A95C04F6D928E5AAD96C964CAE5B2F7A267777C1A263B86194C12AA9F3F9091C71F7F9CDCBA070E1C107D2000002FCC3D660B7C5CEA03F4BED8FF5A16A3CCA1A33FB5A9582C2AF588F1C9C9C952A994CFE73D3AD2ACFD67A7331AAB0C260FD5CF1FC8C8A2458BC8AD7BD34D37893E10009848D277CCFD72F64F02DA9CA9EF8CBD2F968ACEA3F725C4A736C9C8D8D89847471AC3F81A62339848543F7F201D7FF6677FA6DFBAE79C73CE934F3E29FA7000F04691CFCBFCC258DDED33DDE60443FFBEBC144F6DE2076B47DAD9C4248349055707C8C4810307CCEFAE2EBAE822D147048037A13F033B01B8D566C78E13CB1C4B1F0C1DFA610C0F0FFBF89A7CD2F1EE483311930C261875CF1CC8C815575C61BE6FCF3DF7DCBBEFBE5BF44101E041B27F0C2829523FB5891FC13AD2000FE0CF8034583ACF0C8BA6F2977B8014087C003970A4D168E47239A99FDAC4155F1D698013F067401A56AD5AA57BB20B2EB8C0F067647A787858F4A1014003752E5610BB9CCD66F1A1331D74A40907FE0C48C3F7BFFFFD5FFBB55F5BB46811F99B6AFF3E4007FE0CC41C48343E24EFA94D5C41479A40E0CF804C3CF9E4935BB76ED5CE7CDB944CE3279C20FE24F5494172413C197166C8855F8C8E3498DA88813F0352A2F28F7A8074E04BE8C2D19FDA842F020646EF48237F451F8842A0C80129813F0312512A95441F82D228F5D4267E349BCD7C3E4FC46CE948FBEE77BFFBE0830F8A3AAA04832207A404FE0C4844A150107D08EAD2DFDFAFDA539BB8522E97CD1D69C4AB91D6F8B2CB2E1B1818107B60C903450E4809FC199088DEDE5ED187A022CD663397CBE1C719A163EE487BF8E187F59FD2138B862FA8850B8A1C9012F8332011D96C56F42128079EDAC41BBD23ADA7A747F767975F7EF9FDF7DF2FFAA012058A1C9012F8332011E9745AF421A8C5C8C8486F6F2F06EEE2CD5FFCC55F98470BBFE28A2B30AA5C88A0C80129216D81CA5F28A13C9CCED1B91ACFB973DC02E53977F0C1A1D0DDDD2DFA1054417F6A535F5F9FCAED43343CF8E0839606E4FCF3CFBFF9E69B451F577240E30BA484B4054AFD1A8BE581C1F665ECCB1BD36EC6CED1B779EE1A50989C9C843F8B063CB5294A0606064883D0D3D393C964962D5BF6894F7CE2C20B2FBCFAEAAB31986D58A0B5055242DA05653BD2D94D126549BB51B32C6CEE72832DEB047DE42DD147917CAAD52A9EDA143DC413932B3F3838582A958851236DC535D75C23FAA012029A5D2025A415208D82E8A38808C63E2D7B3F99A73FB374B6595E759C007E191D1DC5F81AE1F2E0830F5A3A69883FE8EDEDC5EF078563FCB453F4812401B4B9404A885D50AA17DDD13C69D44E2FCDF635354733679970FB3CD4FE126064B08DE8A3480EF7DD771FD1E105175CA07FC30C4F6D8A0F2423954AA5582C12AF9C4EA73DDF58261572EEE40A10599222D5C97B06B4B6404AC83DA0D45B344A5BE0B680E6F2B300CA06E9BB8BEE6C93452E97C3280F61B16DDB365D8D37DE78E3E8E868BD5E2797174F6D8A03636363C4971073F6C4134F6CDEB26562FFFE99D95935839C3BB9021B376E5CB56A15B92681BB12D0E60229210D742693117D14D1E1E8B134A78F1DEDAFBAF933C65DB8CD012C341A0D0CAE1122D75E7BADEECF3EF1894F5C73CD35C4A5118B26FAA054477F80FA8A152B0EBE7D70667606618EC3EF1F262E8D5C9C00A3BDA0CD0552421A68A5BE0BECD97F665F4663F067F68529BB8BE44493C6F0F0301E8E1E16EBD7AFB768925834751A817842CC19698A1FDBF0E8CCEC34C22D9E7EE6E9A54B97FA1D73006D2E9012D2342B5BF9E856C957FF99A78D63DC2970A4D56AA5D3698C921A0AC40774757599CD594F4FCF9D77DE89DF5E88A5542AB5CDD949043D366F796EF9F2DFF7756DD1E6022949B5C7A755A7F831F69F51FE9AB7A3A1FF2C12868686F0D0E8B0203EECC20B2FBCFEFAEB2FBEF8E2DFFDDDDFCD66B3E4F6CFE7F3F8CDA640C6C6C656ACB87D76AE856089AFFFCD83EBD67D93FDF2A2CD0552A2DB856AB5AAE093A71DAD92A563CC71C26D2665B32030A47411F720FA2892432E972312EDEEEE5EB972E5E0E020B9F7951AA13A86E8EF90DF3ED4989D3B816089A9631F2E597213FB3726D122032931CC0469A913FF2927A5F3CCDE8516E0C34A4B2F1AE3BE00855AAD86E1B842845881BE36786A537C2897CBA5526976EEB811B7E6FFD8B301D131AFA554AC5BF78FEC7DEA686D8194988D02913B3EE600F16168682897CB7112248698D2096B8829101872F1373EF5E4C7E6ECF615BFD2B403A7B47DB3DAEBD3DAAE696DFBD4DCF053CFFFE4D047DB66B4FF6D69DB5ADAD6E3DA7327B57FD9BA7B75DFBDC2AD92907875478DFD6922F067404A526777E4E843EF0C0E0E2AF2753410438873225E2193C9F0FBCE1986980A7D8829101822F53D7B76CECE1DD383B4C9539A766C5EFB684EFB60463BAE697FF5776B53E75C9CBBBD7068563B38AD1D3CA9355ADAC49CF6A39FED4A2D74A11D5330A68E1DE9EAEA62BCC2F067404A52B60FDAC87B68E2CFF4AF0CEB5F4F11715C40396AB5DAF0F030F14C447BA55289D3705C18628AD310532030DDDDDDEF1F39343B37A50769938F9FD2A64F2DBC3437BFF0F7C79BFEFBCADFF89D6F3CF4ED394D3B3AA77D34AB7D30AB4D6ADA73AFBCD6F667536A86BD78B9017F06A4C44DE2AD566B6C6C4C7F189FB08F5E804AE472B9FEFEFE4AA5C2CF1C6088297E434C81C0A4163CD65123C87F8FCD69474E6833A74E2F4074FBF0F77EF0CD6F7DEFE03B0BB7C6ECBC36D3F66D2FBFBACBB2AE5291823F03C9865DE200C80E8698E237C414084CDB63FD9F110BFEEC9476F8B8F6EE9436AB6933D3D3991B6E48A5CE4DA5BAEEFCD22AF38ADB77ECB4ACAB54C09F8184037F061401434C711D620A04A6EDB13E3222D5FE7CF3C809ED9DA3DA7B27B5ED7B7EB178F1E273179D7FE1A59F2A7EF92C7FF6CAAB3B2CEB2A15F06720E1C09F0115C01053BC87980281697BAC4923C87F4FCC6B1FB416FACF0E9FD4B6BC52BF71C9CD9FFAF4E597765FF6837FFFD1494D9B9AD68E4F2FACB8B5F68A655DA502FE0C241CF833A00218622A40F81A620A0486686C6EEE4323F4369958B48F66B50F67B4778ECEBEBCBBB1E4F35FB8F50FFFE8BD69EDDD96F65E4B3B32AD1187B675DB2B9675950AF8339070E0CF800A6088A900E16B882910188BC7EABD75F96B6FECDBBEBB5E1BAFBFB4A3FED2CEBD2FBFB6FFA7DB5EFFD9EEB75ED8B1F7C51D6FBEB4F3CDDAAEBDBBF7FDF2917FDD70D7CABB84FB24F83300B8007F065400434CF11E620A04A6EDCF3E30C77DF7DDCBD2B3FBE777DE695951A9803F030907FE0CA8008698E23DC414084CDB9F1D41F80DF8339070D0FE0215C01053BC8798028159F067A7DE47F80DF8339070D0FE0215C01053BC8798028169FBB3C308BF017F06120EDA5FA00218628AF7105320306D7FF61EC26FC09F818483F617A8008698E23DC414084CDB9FBD8BF01BF06720E1A0FD052A8021A6780F610002D3F6674D84DF803F030907ED2F50010C31057F165BE0CFE0CF007000ED2F50010C31C57B88291098B63FFB15C26FC09F818483F617A8008698E23DC414080CB9C8A74EBD83F01BF06720E1A0FD052A8021A6780F310502D3F66787107E2399FEACD56A8D8E8E0E0E0E160A85DE33E4F37932A75C2E379B4DD10708A203ED2F50010C31C57B88291098B63F7B1BE13792E6CF882D239ECCF32B17D96C76646484D838D1C70BB883F617A8008698E23DC414084CDB9F1D8C3EE8FB35BFEAE813FC6E90C7F1B35E61AEF9EB9C6AB59ACBE558BE0F6B904EA7899F137DE0802F687F810AA430C414E721A64060DAB6E697D18793E5B22E6099B0BCE4E922781F3FEB15E69ABF4E68B55AA552C972D5B2D9ECD7BFFE371B373EB579CBF346AC59B376C58A1596250B85C2E4E4A4E89300BC40FB0B542085210C380F610002C3D7C7EC1B5C662AE8F76CB27A2FBB1B73744274C766D835FA76E0CFCEA2D96C5ABACD1E78E06B13FBF7CFCCCEB9C5E1F78F7CFF91477A7A7ACC1D69E3E3E3A24F057001ED2F5001F833F8B3D8D236340778C5BEB5CB96ADDD77FABFE57B529F1FDE77C0BE47FA31E8AF9A7AC5CE5ADE98B64F700DB9FD59A3D120D6CAB8A6F97C9EEECC2C2E6DCD9AB5C6BA5D5D5DB55A4DF40981F041FB0B54208521A6380F310502B3E066E61BBC62A2EDCF4EFFB77CCF9969EB2791264E991630A61D27CCCB985FB5BFC42324F667AD56CBDC73F6D0BA758CCECC1C4F3CF11FC49919BD68F86967F240FB0B54208521A6380F310502D3F6316FF18A8935E6CF3753AB1FD7E79B77EA39ED62E3DE6279955F48ECCF8AC5A271A5366E7C2A8039D363FBAB3BBABBBBF5EDF4F6F68A3E2D1032687F810AA430C414E721A64060DA6EE617BC82F8B3656BF69DFEEF8685CF372716A6A9FD67A7D735A6ED47E8B818650E8F90D59F8D8E8E76D873668EA79FD9646C6D787858F4C9813041FB0B54208521A6380F310502D37633FB79C5C4DF2F5BF6F7FBCEFC77D3EAD43D9B1626CC3BF59CD6274C06CEBA9893C9E37646A6FDB25E61AEF9F34B369BD5AF513E9FEFD09CE9617C17ADA7A707E3A22509B4BF40055218628AF3105320306D3733C12B26BEB16CD937F69DFEEF63F7A48A9BDAD3D4FEB3D3EB1AD3FA84FDAF6531CA1C1E21A53FAB542AFA55EEEAEA3AF8F6A150FCD9D1A963C62F3AFBFBFB459F22080DB4BF40055218628AF3100620306D37B38F57107F6652CB3D9B4ECF37EF9432ADFFD7F86B99635ECC66F2B89D9169BFAC57986BFE7CD1DBDBAB5FA0071EF85A28E64C8FC7366CD037DBDDDD2DFA144168A0FD052A10813FDB744F6AD9F00B8EDE8B328762D42C0B1B768DBE1DF833E988C6CDD8CD0DFBB4FD08851CB3F4FE6C7272D230B061759E1971DD75697DCBD56A55F489827040FB0B5420C57B40A67D6B97DDB37678D99737B90F28453F8694E4434C81C0908B3C3FBF37CA70DBA3AE3DFAC28644CDD36EF03E0BD62BCC357FEC94CB65FDBAF4F6F6866BCE48AC5E7DAFBEF1818101D1270AC201ED2F508114E7A198DA5FBB6EEC1BFE3CF96B1902CA91E40D310502D3F6316F22FC867CFEACAFAF4FBF693BFFD9A63D366F795EDF782E97137DA2201CD0FE021548F11D90E9F17B525FDAA48F35B5309601EBB052491A620A04A6EDCFEA08BF219F3FCBE7F3FAADFBF4339B42F76713FB4FFF92369D4E8B3E51100E687F810AA4780EC8B46FF8F3CB867FAA4FB73BD23E1E9FC9BDFF2C69434C81C0B4FDD91B08BF219F3F3346D6D8FEEA8ED0FD1909A37D117DA2201C904AA002298E03326DB8C762BECE0C3765DEA9E7744AF221A64060BABABA4E9CD8393FFF3AC257C8E7CF8C5130D81FB5E92B8CED8B3E51100E4825508114BF0199361553AB1F33CDD932BCECFF0D4F2837C414084C3A9D7EEBAD9FCCCFEF41F80AF9FC592693D1EFFF9FEFD9C3C39F198FE3147DA2201C904AA002296EC3010C2F5BB9C93273D3CAB663536B882910987C3EFFECD8C8BCF673047BBC51FF31713B8C57382E2236063FDBBCE5F9D0CDD9E1F78FE81BC710688901ED2F508168DC8CDDDCB04FDB8F50C831C39F45CFD0D0D0C0C0DDC21D8F5CF178F9A152A9C47885E3226272C4BA85FAFE238F84EECF7EBE678FBEF16C362BFA444138A0FD052A90C210539C8798028169341A99CC674EB4B6CF6BBB118C5128DC363A3ACA7885E32262E2C4F59B76D5AAAF84EECF1E5AB74EDF78B158147DA2201CD0FE021548618829CE434C814E185CA06F5E7B0DC112FF59F9E76231CF7E79E322E27ABD6E7C047974EA58B8FE6CF9F2E5FAC6CBE5B2E81305E180F617A8400A434C711E620A7442ABD5EAEDFD42ADF6434DDB85A047B3B92593F9CCE4E456F6CB1B2311A7D369DD456DDCF85488E6CC18FC8C30393929FA2C4138A0FD052A90C210539C8798021D52AFD7B3D91BEAF5514D1B47B8053167C4C856AB8FFABAB63112F1C0C080EEA2962C59126217DA17EFB843DF6CA150107D8A2034D0FE0215C01053BC8798029D53ABD588451B1AFA4B4DDB89B0C7E8E877329974B5FA6F7E2F6C8C443C3939698C5216D6539EB6BEF4B2D179363E3E2EFA144168A0FD052A8021A6780F310542A1D56A0D0C947A7B6F2E97FFA1D97C4ED376202627FFA752F9A7627145A1D04BA6035CD5788978787858F752E45D63E7036D4CECDF6F18BEBEBE3ED12707C204ED2F50010C3115207C0D310542A45AAD964A7FD2D3F3EB9EBFDE5581EEEE4B8AC5DB89450B7C3D6357E472B99C7E6EC45A75F22C81A353C7962C59626CAAD96C8A3E33102629F833A00018622A40F81A620AC4017C35DC91D815B946A3D1DDDD6DF8AA608FE33CF8F621C39C75757511532FFAB440C8C09F0115C01053BC879802C221E6ACB7B757F451C49138163962A78C1E42E2AEFC8E58BBF5A5978D8F3509B7DC720B69E3449F130819F833A00818628AEB1053402CBA39C3B7C31D89699123EF7E8C5EB454FB179D4F3FB389A5DBECAE952BCD1F000F0F0FD7EBF54F7EF293CB962D7BF1C517459F16080DF833A00818628AEB10534020306774E25BE488AF321E9A6EB8B4356BD6DA1FA04E6CD9F71F7964C58A15677F35AFDBF858F3AB5FFDAA3EF3A28B2EBAFDF6DB61D41200FC1950070C31C56F8829200A98334F625DE448FE060707BBBABA1C7F1CB174E952B7978AC5A2E507019FFEF4A7CD0B10A376D75D77E13B89F2027F069402434C711A620A0801E68C05098A1C715AC6D3D33D2129270D997D232FBCF0C279E79D672CF6A77FFAA7DDDDDDFDFDFDD19F0E0805F833A01A18628AC71053207A60CE1891A6C891B6A952A910A396CD662D9E2C9D4E170A85919111FA201AB7DD769BBEFCB265CBC846200EA9813F036A8221A6CC743EC4148818983376242E727E47B821EEEDFCF3CF27B7F455575D75C71D77703A2A100D29F8330094A4AFAFCFF14312107F60CE7C216B91DBB66D5BCAFFF3CEEFBCF3CEDFFAADDF4AA7D37FFDD77F8D0F37A506FE0C0035A9D7EBB95C6E606040F481007FC09CF945D62277EDB5D7920A7DFFFDF7FB5AABD56A150A8572B9ACB59F258531A6E505FE0C0095191A1A222E8D7835D107029880390B8094456EFDFAF5FA970FAEB8E28A4EF24D8C5A3E9F27A62DC46303D1007F0680E2B47FD39A1D1919117D20C00398B360C857E448A68D6135CE3FFFFC9B6FBEB993AD8D8D8D118B868136A403FE0C0040DE5DF7F5F591361C4F588E2D30678191AFC8150A05F3EF77AEBDF65AFDF3CAC054AB55A21E5834B9803F0300E890B7D9994C86FC157D20C00ACC59274856E448B2ED3FB1BEFAEAAB3BFC8C92A8279BCDE2319D12017F06003020A5219FCF974A257C5F253EC09C75886445EED1471FD53DD98D37DE68F8B3DFFEEDDF361EE5141862CEA02489803F0300582897CBE49D3646DF880330679D2359917BF1C5172FBEF8E2743AAD3F3DBDA7CDE5975FDEB93FD360D1A402FE0C0060471F7D63707050F481280DCC5928C857E448CAF50F22F50A4DA64314015115B9B7F13D86F8037F06007083F8338CBE210A98B3B090B8C871AAD0E631D2406C813F030050D047DF404B1E31306721227191E357A189452B954A185627CEC09F0100E8E82D3946DF880C98B37091B8C8F1AED07D7D7DF812436C813F0300B030363696CD66F1AD15DEC09C858EC4452E820A4DFC197169BCF70202007F060060A4D96CE6F379D29863F40D4EC09CF140E222174D851E1919C1983A3104FE0C00E00BD29863F40D1EC09C7142E2221759852E97CB8542218045331F21CBD1D297B10FCCABB247F17BEE948BE6B8297DA625832CD75FE5A4001073F4D137868686441F48728039E387C4B524CA4238363616E019506ED59D6579CB5A8C8BA963E03C4F8DE53AD897B12F6F4CBB193BCAC54F760A0090948181018CBE110A30675C91B878445CF96AB51A1122FBEF801C6BBC463D6C96FE185F7D36093607BE4E8D7D6196ECB83936C3AEF93D3C0040C490F69C58348CBED1093067BC91B88A445F028910C92DCDF2984E7309A7976D4FEB66D99463DF0CFC99FD55963E2DFBC5F7F467E62DD0BBD9127CF101F0BC01CDD32C9DCAEC6F5CD9774D87D80B7DF40DBF1F8C00AD63739600FD44408C0EC52F42AE233167C4A2798AD251469EAA72D41FA5DE9B5FA21B91E4E1796A8ED7D0BEA2C569592E9DF91ABA4DB8E5CBFE120089C1B3A9F16CB828AD16E59E72FC2FE3761C191B1BCB6432187DC3179DF79C25463F5C91B87888BA70CD66934893E5474076895054E8F8AAE66E0B1C27281B4F189EA7E679BF39CEB7A789B2BC65B158DDD80084C5B3AB53B7AC9F30CFA1B7636E2FB9B5576EB79E7D2D965B2CC07DA78FBED1DFDF8FDFE9B3E0C39C4DACBFC594ACD5CF9E9E9D30FDF0234687E21781D7511728FD2D974516E6F98EE55F7339238A3ADDF44ADF6032F03C35F68B6C7FD5717996157D1D210012404AECEAF5E4DF99DAEA5BEAC63D65347DF4FBCBF3EE733C0037D84E7281E1E1618CBEE189BF9E33229E8FADFD699F9F54FDF040E21222F6DAD11FD369CF2E8B5BEFC49FC5535EFCF03C35966B629FEF79FF539A09752E3E5007525489359B301B34E6CE6963DA71C27E335AB6AF3935A49A4B7DF59C66A15EAF13F381D137DCF0FDB1A6C59F9D994EAA7E4247E21222FCDA05784C27BB32CC330DA95916B34F78EE2E31F83A35FAC2F6143826C5FC1265B1604708402CD1ED99A5D032D5334BAD752CC39EAFD237C57E0CEC90565D1F7D83E577604A11E43B67677FBE697CC09960FD848BC42544F8B5D3A13CA6D31081A3688C651CA7E9732CF359369E303C4FCDF1BE75BC2DDDFE9AB7637EC93287B2BBF04E170001985DD919A7B600FBCDA579356B9E8D1ECB7DC4723CBEA8D56AD96C16A36F1804FC4180D3E79B9A02FA090B894B88F06B6740FC59A95432CF714CADDB4CC76947DC168EADBCF8E1EBD41C17B6DFFF8E2D0263330140E22005F56C4C9F4F190B794EA73A78636399E9D9B885D8EEE9A36F140A058CBE11FCD79A6777BB1A165F05FD84425C8E2300F1B9885AFB1950C56291E5E73F66D9D1B1AC653FDF94BB75A0CF4F00F45363BFB66EF73C7D77947B9E9E4700A4C1DC63B6C0C7C596F1CE324FD8FF5A16A3CC717CC96D45FB2E3A61747454F1D1373A1A4AC3DA7F765A4FEAE8A743627110C188C91534A8542AC11ED3090210B7EC039030CEFE49409B3315D6ADCE51DEF958DED25816A3BFA5715BD1B28CDB4487E8A36F0C0C0C28D8B6773ACE19C3F81A89D74F27883F82C0C4E1F259206FB372B91CFAC3232086D907401118EBAB7DA6DB1CCA8E28C5D86D19B7D53B616868289BCD2AF52C237E8F6F52503FC190B8C8C5B3421335134DE3B73FBC8967F601483C6EB79E5BD7857D194B8F881BF45D530EC3D7E9B053AFD7C9DB6F4546DF88C69C59E6275B3F0188D1A1F82556D7D10C2C5A04C436FB0080A4628CBED16C36451F0B47F0E0F3982071918B738526E64CB5CEF0888973F6010009A656AB653299A48EBE0173161F242E7231AFD0BACAABD5AAE803492631CF3E0020C1E8A36F148BC5847DDB18E62C56485CE4E25FA189D6F3F9BCCABFCDE647FCB30F004836954A2593C924E64D38CC59DC90B8C84951A15BAD16B16849ED09178814D90700249B66B3493C4D0246DF80398B21121739892A74A9541A1E1E167D148942A2EC0300928D3EFA46BD5E177D200181398B27121739B92A747F7FBFDB633A4100E4CA3E0020D91073462C9A8CA36FC09CC516898B9C7415DAFE984E1018E9B20F004836FAE81BC4EB4834FA06CC599C91B8C8C958A1D91FD309E8C8987D0040E2A956ABB28CBE01731673242E72925668FD319D09FB5576F4489A7D0040E2D147DF20C4B99D87398B3F121739792BF4D8D818B931E27CEBC61F79B30F00508172B99CC9646AB59AE8037100E64C0A242E725257687263E472393C032A3052671F00A002CD6693B4F3711B7D03E64C16242E72B257E87ABD4E6E12797F922D16D9B30F005084A1A121E2D24435F59B376F367F190EE64C22242E7209A8D08D4683DCB7B855029080EC0300148134F2E18EBEA17FC58DE54B329FFDEC67496BA92F097326171217B9645468FD86C133A0FC928CEC030014411F7D239FCF773EFA06A91ACB972F7F6CC306CFEF316FDBB68D34958B172FEEEFEF8739930E898B5C622A34B96D0A85C2E8E8A8E8039189C4641F00A00EE4AD782693A9542AE699DFFDEE771F7CF041C62DE8E66CFBAB3B6666E7C85FBA45BBF1C61B536D2EB9E492EBAFBF1EE64C2E242E7249AAD0E4AD15B168520C99131392947D00803A103B552C168D4F27C95FD29A5D76D9650303032CEB1AE64C0F8A45D33BCF0C162D5AB478F1623C695022242E72C9ABD0E48E95F1F12042485EF60100EA40DE8D67B3D95AADF6F0C30FEBFE895834FA8795767346B76846E75957571779FF9F4EA7F17567B990B8C825B2420FB4117D141290C8EC0300D4A1D1687CEE739F5BB46891EEA22EBFFCF2FBEFBFDF6D613773E666D1F4CEB3ABAEBAEA8A2BAEB8F2CA2BC99B7F0CE7241D1217B9A456E8A1A1213CA6D393A4661F00A008DFFAD6B7526743BC9463FF16DD9C395A34B2FCE2C58BBBBABABEF8C52FC299498AC4452EC115BA5C2E170A85580D691837129C7D00800ADC76DB6D9FFCE427CDFEECFCF3CFBFF9E69B2D8BB19833BB45BBFEFAEB7B7A7A366DDA24E2CC4038485CE4925DA1474747F1984E0AC9CE3E0020F1E86398111795C9647EEFF77EEFB2CB2EBBE0820BAEBAEA2ACB70B27673B666CD5A231C2DDA8103073094460290B8C825BE42E3319D14129F7D00800A341A8D6AB53A383848BCDA4D37DDA47F694C7FC9ADE7CCDCE5C6F25D342029121739152A341ED3E9860AD90700A8863E1CA63EFA86DBC79A747F068B9618242E728A5468FD319DE8A9B6A048F601000A42FFCE99A73F83454B06121739752A74A3D18045B3A04EF601004AE1F98300167F068B9600242E724A5568728FE572393CA6D340A9EC03001481E5D79A8CFE0C164D76242E72EC153AE54427FBA2AFCEC93AE8CF80B23CB84D59E0CF0000098371280D767F068B26351217394F9364F761F6551CAD9BE78AF6FFD209727A4E108B562C16F1984E0DFE0C00902CD8C739F3E5CF60D1E445E222E759A1593ABDDC36629E6F4C337A2FDED6A1542A0D0E0E72DD45FC813F03002406767316C09FC1A2498AC4458EDD9F517C95A73F735CD2BE56049D6766883FEBEFEFE7B16559803F030024035FE62C983F83459311898B9C2F7F467989EEAB1C6D16658394E970191E1E56F9319DF067008004E066CED6AC594B294F2CB83D5D00164D16242E7201FC196582BE71373FE7B87C34FE4C6B3FA6339FCFABF9984EF83300400220E66CF396E7EDDD5D3CFC1909B22F62D1449F346042E22217993F63B102949BC473DD4E181B1B23164DC1F743F067008004303E3E4E2CDAE1F78F44E0CFC85E3094A644485CE4C2F267745F6599E3E9BDA2B16566AAD5AA825DD6F067008064E068D142F7673067D221719163F16786A9B2AC629F60DC788ADAAF66DE5D940682DC72D96C56A9C774C29F010012835B2F5A58BF0F80399311898B1CBD42D3CD93E746EC8BD95777DB94A7F9E3816ACF80823F03002409768BE6D79FC19C498AC445CE578576F35594CE61F3026ECBBB2D6359DEE7990544298B067F060048188C16CD973F83399317898B1C63857674489C3EDFF475603C50E7319DF0670080E4C162D1D8FD19CC99D4485CE450A11DD11FD399F8674021FB008044E269D118FD19CC99EC485CE450A1DD2016AD542A8D8C8C883E108E20FB0080A442B7682CFE0CE62C01485CE450A1E9F4F5F525F8319DC83E0020C1502C9AA73F83394B0612173954684F883F232E4DF4517001D90700241B378B46F76730678941E222870ACDC2C8C848A9544ADE33A0907D0040E2711BBAD60898B304237191438566A45C2E170A85845934641F00A002ECE3A2C19C250C898B1C2A343B636363097B0614B20F005004168B0673963C242E72A8D0BEA8D56AE4EE6D369BA20F241C907D00803AD02D1ACC592291B8C8A142FB85DCBDB95C2E198FE944F601004AE166D160CE928AC4450E153A00C49C118B96803B19D90700A886DDA2C19C2518898B1C2A74309ACD26B99F6BB59AE803E908641F00A020668B0673966C242E72A8D081999C9C2477B5D48FE944F601006AA25BB489FDFB61CE928DC4450E15BA13647F4C27B20F00501662CBD2E934CC59B291B8C8A1427788D48FE944F601002A435A6FD18700F822719143850E05491FD389EC030054269436D0B211CA36D977C7B811B4E19E487C8190DDB020FE4CBAB762C83E0040653CDBC0940BF48D38CEB1AC4EF92F7D8FEC761068F06740A75C2E178B45899E0185EC03005486C59F79CE34FEEBE9E4DCD6F23C12BB3FF3B52F9591F8A220A3E152A954247A4C27B20F005019BFFECCEEA52C7D606EAB3B1A2CCA31B8CDB45831B4E19E487C8190DDD0191B1BCBE572523CA613D90700A80C8B3FA3582BC78DD0BD1AA5DB8CE5C34DFB16184F445924BE2E482A0FC6C7C77B7B7BE3FF0C28641F00A0328CFD67F41E2F379F44FFDCD3D19FB14C1B2BE2934D1624BE34C82B27A4B068C83E004065D83FDFA47456B17CBEC9B26596FE33C7398CE7A226125F1464941FC49C65B3D9380F7E88EC030054A6737FE6E69F3CE73BFA33B75D982760CE7C21F1754152B9A23F03AA5AAD8A3E1067907D0080CA30FA33474745F146F439147FE6D97F665E1DE68C05892F0DF2CA1B62D1F2F97C3C1FD389EC03005486C59FB959ABCEFD99DB27959469C7FFA225A720F1A5415E23A0D56A118B16C3C77422FB00009561FF7CD33EDFAF3F73FB7CD3EF81E1F34D5F487C5D90D4C828954AC3C3C3A28FE22C907D0080CA043649DAD9DD60C61CB78F26299F6FFADDB57DBF2C47AB2C125F1464344AFAFBFB63F5984E641F00A0326803138FC409863A2326568FE944F601002A833630F1489C60A8337AE2F3984E641F00A0326803138FC409863A85A03FA653F833A0907D0080CAA00D4C3C122718EA14C5D8D8586F6FAF588B86EC030054066D60E29138C150A740C6C7C773B99CC0674021FB000095411B9878244E30D429967ABDDEDBDB4BFE0AD93BB20F005019B4818947E204439DC269341AB95C4EC8633A917D0080CAA00D4C3C122718EA8C03FA633AA37F0614B20F00508D4AA5429ABEAEAEAE6C364B267A7A7AC8DF8B2EBA48D4E718802B12173954E898402C5AA150181D1D8D72A7C83E004035FEEBBFFECB3ECAFFADB7DE1A71F30BA241E222870A1D1F5AAD16B168513EA613D90700A80669692FB8E002B339BBE9A69B7A7A7A840F78047820719143858E1BA552696868289A7D21FB000005F9DBBFFDDB458B1619FEECAB5FFDEAC0C080E883025C90B8C8A142C790813611EC08D90700A8C9E2C58B7573B672E5CA743A1D8707BA001E485CE450A1E3C9D0D050048FE944F601006AF2C20B2F9C77DE79A40DCCE7F3F8E6598291B8C8A142C79672B95C2814B8BEAB43F60100CA72DB6DB7E9FE4CF481008E485CE450A1E30C7957C7F5319DC83E0040599ACD26690331AC46B291B8C8A142C71CFD319D9C368EEC030054066D60E2F19DE056AB55A9548AC52229BDE974DA3E168B2290732757401F54429DDF3623FB3A6A665F14509D0E541707A0461DA83102FCF9B3B1B131921522CD279E7862F3962D13FBF7CFCCCEAA19E4DCC915D8B871E3AA55ABC835E97CE8AF94EDCD907D0EFBAB3C40F6F965DF2F6ED9F7AB8AE855E417A88E9FEA8CEC5B4A2F65495F2F055E3EB6F2861AF9A911D861952F31C8A55269C58A1507DF3E38333B8330C7E1F70F138D928BD36C368367C2D63E525A4C7D8E5B4B4A21D8B121FB51669FB1587AD630C7EDD0E5117A3DEB04A82E02D55926B440DE285CC9C553DE50236F35023B4C7A25D2CC66B38F6D787466761AE1164F3FF3F4D2A54B1B8D469034D89A244A23456F4C599A515F20FBBCB3EF98209632C99250CB32F455E2E3CFA0BA0854C7C9EB7422B978CA1B6A8C408DC00E935EC9FB86B6344F22E8B179CB73CB97FF7E47F970316A6EFF755BC0B1310DD63C21FB1167DF31AD6E333D6D9C7D826575E140755C5547315B8125D1B9E4622B6FA891AB1A811BDEF21D1B1B5BB1E2F6D9B9168225BEFE370FAE5BF7CD8E52E2E2A528EF592DEF7AE95BF605B21F65F6E9BEDCD1793BBE64DE8263257323F091870B54178DEADC24E1B698E622CBCE25176779438DD1A811D8F1906CABD54AA7D36F1F6ACCCE9D40B0C4D4B10F972CB929D8B0349646C4ADADA4B73B8ECD9CA52D6304D98F32FB1AB51006D88839E96E5B0E658FE102D545A63A968C3B36416E7322905CC4F2861A235323B0E321D972B95C2A9566E78E1B716BFE8F296F50CC98D7522AD6ADFB47BFCFA0A4BCBDF3FBCECFD18A05F367C87E94D9A7E0776B94FFD277E76B479C80EAA2519DE6DE6B9572F2406E733CFFEBB8FDC0928B58DE5063646A04763C245B2814363EF5E4C7D2BC7DC5AF34EDC0296DDFACF6FAB4B66B5ADB3E3537FCD4F33F39F4D1B619ED7F5BDAB696B6F5B8F6DC49ED5FB6EE5EDD77AF70A108895777D4B2D96C906478B5292C4D4F2A3C7F86EC47997D8DFA76DFB318D873EDB68CDB5EFCCA8313505D04AA736B5E28CB5316E85C72B19537D418811A811B1E92CD64327BF6EC9C9D3BA60791F894A61D9BD73E9AD33E98D18E6BDA5FFDDDDAD43917E76E2F1C9AD50E4E6B074F6A8D963631A7FDE867BB520B6F208E291853C78E747575054F89FF2F90B1B45FF42D3B82EC479C7D9672E29944CFA2CB52050502D545A63A8BA7A1CB80BD5DEA4472719337D418991A811D0FC9767777BF7FE4D0ECDC941E4470C74F69D3A7165E9A9B5FF8FBE34DFF7DE56FFCCE371EFAF69CA61D9DD33E9AD53E98D52635EDB9575E6BAB734ACD08D616A46C6F013D1B23FB7CF666D413645F48F629C962A9679652445F8551395102D545A63ABB3FA32F49697F42915C0CE50D3546A64660C7FBCDCAECDC5123C87F8FCD69474E6833A74E2F303939F9F0F77EF0CD6F7DEFE03B0B03D3CDCE6B336DD5BEFCEA2ECBBA4A4560757A363D9E6F0D43F467C87E94D90FAB6380D1D3B3BC2A04A82E32D5B1F8337BF3E2E9A282492E9EF2861A235323B0C3E2CFFECF8805759ED20E1FD7DE9DD266356D667A3A73C30DA9D4B9A954D79D5F5A655E71FB8E9D9675958A004E888EB198DBEA8ED3F6EDFB3D2A643F82EC3B668D7D239D94A81836A3505D34AA331A04E3AFA5C1A1B418F4C6245CC9899537D4188D1A81232CFEEC232352EDDE5DF2EEE19DA3DA7B27B5ED7B7EB178F1E273179D7FE1A59F2A7EF92C75BEF2EA0ECBBA4A4532D489ECAB9C7D514075505D7C801AA14681B0F8B34923C87F4FCC6B1FB416DE3D1C3EA96D79A57EE3929B3FF5E9CB2FEDBEEC07FFFEA3939A3635AD1D9F5E58716BED15CBBA4A4532D489ECAB9C7D514075505D7C801AA1468178FBB3B9B90F8DD02F3A11E847B3DA8733E43DC4ECCBBB1B4B3EFF855BFFF08FDE9BD6DE6D69EFB5B423D31AD1E7D66DAF58D6552A92A14E645FE5EC8B02AA83EAE203D408350AC49F3FEBBD75F96B6FECDBBEBB5E1BAFBFB4A3FED2CEBD2FBFB6FFA7DB5EFFD9EEB75ED8B1F7C51D6FBEB4F3CDDAAEBDBBF7FDF2917FDD70D7CABB84AB04EAEC04645FE5EC8B02AA83EAE203D408350A84C59F7D608EFBEEBB37C5C09FDF79A76545A52219EA44F655CEBE28A03AA82E3E408D50A34058FCD91184DF48863A917D95B32F0AA80EAA8B0F5023D42810067F76EA7D84DF48863A917D95B32F0AA80EAA8B0F5023D42810167F7618E13792A14E645FE5EC8B02AA83EAE203D408350A84C59FBD87F01BC95027B2AF72F64501D54175F1016A841A05C2E2CFDE45F88D64A813D95739FBA280EAA0BAF80035428D0261F1674D84DF705367A55269341AE1A7910FC8BECAD917055407D5C507A8315C35025FC09F45A1CEC9C9C92F7FF9CBFAEFAEAFB8E20A599A4B645FE5EC8B02AA83EAE203D4188A1A413058FCD9AF107EC3ACCE919191AEAE2EBDA124133D3D3DCD6693735AC301D95739FBA280EAA0BAF8003576AE4610186F7F76EAD43B08BFA1ABB35EAF7FF6B39F350F5A98CBE5D2E97424990D01645FE5EC8B02AA83EAE203D4D8891A4187B0F8B34308BF41AE5B6F6F6F4A7E845F4919239594EC8B427806658C1454C707E199953152F06761C0E2CFDE46F80D5D9D8D46E30FFEE00FAEB9E61AE356BFE4924BB2D96C24990D01645FE5EC8B02AA83EAE203D4D8891A4187B0F8B38311847D47F45D477660814FC7B886636363D75D77DDD5575FAD3797175C7041ABD5E29CD67008E522FBDD08CBF26ECBF0D897B2D91705EF5B9BBD61D1A73B145B944DA8710DA1BAB010550129FB653F24C68DF03847F8B35060F167BF8C20CEEE4F769E635ED8F84BD98E534F7514E7A21F86F93292C6717070F0DA6BAF256F64C9DFF1F1719E390D8DB0AE98634EDD667A668D92FDD0F7A572F64511C17D4AD985F92546A579EE289A9607AAE34128B963696DDC1A3ACA764ED9AA247BFBE6B9F770D50882110B7F666FC528ED1A4564749D45732E1475361A8D72B93C3A3ACA2795E1C3E98AF96A1A280BB317C860FB523CFBA2E0A13ABF75CBB1E6F9558B5FAD4275312494C4791632F37FE9FA74DB08A5625204E96B5F9DAB11F885C59F1D882CF4DD99776A3900FBF1382EE0A4398775B99E4834F9E34AB857CCD89A7D829E62F6EC87B82F645F143C924269524E39351A96F98C6A0CA655A82ECE849235B722659E43A9538E8D986561F6F6CD4DE750630C61F067F38D2843DFA37DBFA7F5E4B28AF112E580A33C9764A8B3F32BF67143E0945CF3841B9614DB5FB5BFD4E1BE907DB1F0BE4FE9DB37BFEAD616B909895DAB9CCE4B74EA124828F9B2E4DD51578EFFB5EFDDB159B36C9CA57DB3378C9EB706D4183D2CFEECAD68E28C869CFF6B9E6993DD590B382E66BC14D9B944933FAE8475C58CED981361C9B5E7740CF795ECEC8B82C77D4A295AF666C7BCBC65DA51693109A88E07A164D9B12D72AC5C94698A74FDB66F766D3B2A1C6A140E8B3FFB05EF38230E7F2FB92D6FFCA5CFE47D46D1E48F2B615D31C774D8B3ECD2FAC4775FC9CEBE28B8DEA78CF230BF4A699AF81D2754171342C9B245516E5274D31BE518EC5B6669DF1CE784AB6AA8311458FCD9FE68C245521E0B5816D3A7ED2BDA67F23E9768F2C795B0AE9871FDDD1267CFA0659A927A370104DE17B22F167EF7A97DCB1601B034269E8261D76AE867273A750924947CB1343E8E52F49C6FDFB267FB6657B5E3BA50631C60F167135106658F6E2F99E7EBD34E6D226DCB3CCE229AFC7125AC2B66D98E7DB3D462C62A8FD0F7A578F645C1EF3EB524DA71479606C4BE566029F20EA88E07A124D15C802CF2A3A8913EC76D75C6F6CDAC6D1E72851A4381C59FED8B268C7DD9271CFFEB389F72C0119F4B34F9E34A5857EC4C2BE09A08B7573D05E03827947D21FBA288E03EB588842E0F9625595EE57D5E501D0F42C99A63A364511763E366DF08A5C5636F4B297704D4289018F933BA9ECC5A747A67E0BA16CB4B3C4E249AFC7125447FC69E084A39F4CC7E58FB42F605C2F53E350BC6B12685E2CF18B50AD5C59F5052466FD3DC96F1AC8074117A4AD43E1DA23EA1C650F0F667F3F37B7907A539D33116735BDD71DABEFD08CEC5D86334F9E30AA72B46DFACDF9D76B2357E27283A7512C323299416C0D27AD81B13FB029E2D55C47A83EAF8D179CA589A204B9963A9807671FADAB57DBFE14A146A0C05167FF626C26F24439DC8BECAD917055407D5C507A8116A14088B3FAB23FC4632D489ECAB9C7D514075505D7C801AA14681B0F8B337107E2319EA44F655CEBE28A03AA82E3E408D50A3403C2E625757D789133BE7E75F47F88A64A813D95739FBA280EAA0BAF80035428D02F1B888E974FAADB77E323FBF07E12B92A14E645FE5EC8B02AA83EAE203D408350AC4E322E6F3F967C746E6B59F23D8E38DFA8F33994C34F9E30AB2AF72F64501D54175F1016A841A05E2E1CF8686860606EE169E6FB9E2F1F243A552299AFC7105D95739FBA280EAA0BAF80035428D02F1F0678D462393F9CC89D6F6796D3782310A85DB464747A3C91F57907D95B32F0AA80EAA8B0F5023D42810EF0F890717E89BD75E43B0C47F56FEB958CC4790B96840F655CEBE28A03AA82E3E408D50A328BCFD59ABD5EAEDFD42ADF6434DDB85A047B3B985BCD99A9CDC1A41E6A201D95739FBA280EAA0BAF80035428DA260FA9145BD5ECF666FA8D747356D1CE116449AE436AE561FE59DB38841F655CEBE28A03AA82E3E408D50A310587F045BABD588408786FE52D37622EC313AFA9D4C265DADFE1BD76C8902D95739FBA280EAA0BAF80035428DD1E363909256AB353050EAEDBDB95CFE8766F3394DDB81989CFC9F4AE59F8AC51585422F99E69727E120FB2A675F14501D54171FA046A831627C0F2257AD564BA53FE9E9F9F51448A5BABB2F29166F2702E5919B1882EC9B512DFBA280EACC407562811ACD408D5CC120BF0000000000F102FE0C00000000205EC09F0100000000C40BF833000000008078017F0600000000102FFE3F2BFB050FC06ED4960000000049454E44AE426082,0),
 (0x353032,1,0x44656D6F50726F636573732E62706D6E,0x353031,0x3C3F786D6C2076657273696F6E3D22312E302220656E636F64696E673D225554462D38223F3E0A3C646566696E6974696F6E7320786D6C6E733D22687474703A2F2F7777772E6F6D672E6F72672F737065632F42504D4E2F32303130303532342F4D4F44454C2220786D6C6E733A7873693D22687474703A2F2F7777772E77332E6F72672F323030312F584D4C536368656D612D696E7374616E63652220786D6C6E733A61637469766974693D22687474703A2F2F61637469766974692E6F72672F62706D6E2220786D6C6E733A62706D6E64693D22687474703A2F2F7777772E6F6D672E6F72672F737065632F42504D4E2F32303130303532342F44492220786D6C6E733A6F6D6764633D22687474703A2F2F7777772E6F6D672E6F72672F737065632F44442F32303130303532342F44432220786D6C6E733A6F6D6764693D22687474703A2F2F7777772E6F6D672E6F72672F737065632F44442F32303130303532342F44492220747970654C616E67756167653D22687474703A2F2F7777772E77332E6F72672F323030312F584D4C536368656D61222065787072657373696F6E4C616E67756167653D22687474703A2F2F7777772E77332E6F72672F313939392F585061746822207461726765744E616D6573706163653D22687474703A2F2F7777772E61637469766974692E6F72672F74657374223E0A20203C70726F636573732069643D2270726F636573733122206E616D653D22736D616C6C46696E616E6365223E0A202020203C646F63756D656E746174696F6E3EE5BEAEE59E8BE8B4B7E6ACBEE6B581E7A88B3C2F646F63756D656E746174696F6E3E0A202020203C73746172744576656E742069643D2273746172746576656E743122206E616D653D225374617274223E3C2F73746172744576656E743E0A202020203C757365725461736B2069643D22757365727461736B3122206E616D653D22E5AEA2E688B7E8B083E69FA5223E3C2F757365725461736B3E0A202020203C757365725461736B2069643D22757365727461736B3222206E616D653D22E983A8E995BFE5A48DE6A0B8223E3C2F757365725461736B3E0A202020203C757365725461736B2069643D22757365727461736B3322206E616D653D2241E8A792E8B083E69FA5223E3C2F757365725461736B3E0A202020203C706172616C6C656C476174657761792069643D22706172616C6C656C676174657761793122206E616D653D22506172616C6C656C2047617465776179223E3C2F706172616C6C656C476174657761793E0A202020203C757365725461736B2069643D22757365727461736B3422206E616D653D2242E8A792E8B083E69FA5223E3C2F757365725461736B3E0A202020203C706172616C6C656C476174657761792069643D22706172616C6C656C676174657761793222206E616D653D22E8B083E69FA5E6B187E680BB223E3C2F706172616C6C656C476174657761793E0A202020203C757365725461736B2069643D22757365727461736B3522206E616D653D22E9A38EE68EA7E983A8E5AEA1E6A0B8223E3C2F757365725461736B3E0A202020203C757365725461736B2069643D22757365727461736B3622206E616D653D22E5AE89E68E92E4B88AE4BC9A223E3C2F757365725461736B3E0A202020203C757365725461736B2069643D22757365727461736B3722206E616D653D22E8AF84E5AEA1E4BC9AE8AF84E5AEA1223E3C2F757365725461736B3E0A202020203C757365725461736B2069643D22757365727461736B3822206E616D653D22E7ADBEE59088E5908C223E3C2F757365725461736B3E0A202020203C656E644576656E742069643D22656E646576656E743122206E616D653D22456E64223E3C2F656E644576656E743E0A202020203C73657175656E6365466C6F772069643D22666C6F773122206E616D653D22E68F90E4BAA4E983A8E995BF2220736F757263655265663D22757365727461736B3122207461726765745265663D22757365727461736B32223E3C2F73657175656E6365466C6F773E0A202020203C73657175656E6365466C6F772069643D22666C6F773322206E616D653D22E68F90E4BAA4E9A1B9E79BAE2220736F757263655265663D2273746172746576656E743122207461726765745265663D22757365727461736B31223E3C2F73657175656E6365466C6F773E0A202020203C73657175656E6365466C6F772069643D22666C6F773422206E616D653D22E58886E9858D412C42E8A7922220736F757263655265663D22757365727461736B3222207461726765745265663D22706172616C6C656C6761746577617931223E3C2F73657175656E6365466C6F773E0A202020203C73657175656E6365466C6F772069643D22666C6F773522206E616D653D22E9878DE696B0E8B083E69FA52220736F757263655265663D22757365727461736B3222207461726765745265663D22757365727461736B31223E3C2F73657175656E6365466C6F773E0A202020203C73657175656E6365466C6F772069643D22666C6F773622206E616D653D2241E8A792E8B083E69FA52220736F757263655265663D22706172616C6C656C676174657761793122207461726765745265663D22757365727461736B33223E3C2F73657175656E6365466C6F773E0A202020203C73657175656E6365466C6F772069643D22666C6F773722206E616D653D2242E8A792E8B083E69FA52220736F757263655265663D22706172616C6C656C676174657761793122207461726765745265663D22757365727461736B34223E3C2F73657175656E6365466C6F773E0A202020203C73657175656E6365466C6F772069643D22666C6F773822206E616D653D2242E8A792E8B083E69FA5E7BB93E69D9F2220736F757263655265663D22757365727461736B3422207461726765745265663D22706172616C6C656C6761746577617932223E3C2F73657175656E6365466C6F773E0A202020203C73657175656E6365466C6F772069643D22666C6F773922206E616D653D2241E8A792E8B083E69FA5E7BB93E69D9F2220736F757263655265663D22757365727461736B3322207461726765745265663D22706172616C6C656C6761746577617932223E3C2F73657175656E6365466C6F773E0A202020203C73657175656E6365466C6F772069643D22666C6F77313022206E616D653D22E9A38EE68EA7E983A8E5AEA1E6A0B82220736F757263655265663D22706172616C6C656C676174657761793222207461726765745265663D22757365727461736B35223E3C2F73657175656E6365466C6F773E0A202020203C73657175656E6365466C6F772069643D22666C6F77313122206E616D653D22E68F90E4BAA4E8AF84E5AEA1E4BC9AE8AF84E5AEA12220736F757263655265663D22757365727461736B3522207461726765745265663D22757365727461736B36223E3C2F73657175656E6365466C6F773E0A202020203C73657175656E6365466C6F772069643D22666C6F77313222206E616D653D22E5BC80E4BC9AE8AF84E5AEA12220736F757263655265663D22757365727461736B3622207461726765745265663D22757365727461736B37223E3C2F73657175656E6365466C6F773E0A202020203C73657175656E6365466C6F772069643D22666C6F77313322206E616D653D22E7ADBEE59088E5908C2220736F757263655265663D22757365727461736B3722207461726765745265663D22757365727461736B38223E3C2F73657175656E6365466C6F773E0A202020203C73657175656E6365466C6F772069643D22666C6F77313422206E616D653D22E9A1B9E79BAEE7BB93E69D9F2220736F757263655265663D22757365727461736B3822207461726765745265663D22656E646576656E7431223E3C2F73657175656E6365466C6F773E0A202020203C73657175656E6365466C6F772069643D22666C6F77313522206E616D653D22E9878DE696B0E8B083E69FA52220736F757263655265663D22757365727461736B3722207461726765745265663D22757365727461736B31223E3C2F73657175656E6365466C6F773E0A202020203C73657175656E6365466C6F772069643D22666C6F77313622206E616D653D22E7BB88E6ADA2E9A1B9E79BAE2220736F757263655265663D22757365727461736B3722207461726765745265663D22656E646576656E7431223E3C2F73657175656E6365466C6F773E0A20203C2F70726F636573733E0A20203C62706D6E64693A42504D4E4469616772616D2069643D2242504D4E4469616772616D5F70726F6365737331223E0A202020203C62706D6E64693A42504D4E506C616E652062706D6E456C656D656E743D2270726F6365737331222069643D2242504D4E506C616E655F70726F6365737331223E0A2020202020203C62706D6E64693A42504D4E53686170652062706D6E456C656D656E743D2273746172746576656E7431222069643D2242504D4E53686170655F73746172746576656E7431223E0A20202020202020203C6F6D6764633A426F756E6473206865696768743D223335222077696474683D2233352220783D2233302220793D223530223E3C2F6F6D6764633A426F756E64733E0A2020202020203C2F62706D6E64693A42504D4E53686170653E0A2020202020203C62706D6E64693A42504D4E53686170652062706D6E456C656D656E743D22757365727461736B31222069643D2242504D4E53686170655F757365727461736B31223E0A20202020202020203C6F6D6764633A426F756E6473206865696768743D223535222077696474683D223130352220783D223138302220793D223430223E3C2F6F6D6764633A426F756E64733E0A2020202020203C2F62706D6E64693A42504D4E53686170653E0A2020202020203C62706D6E64693A42504D4E53686170652062706D6E456C656D656E743D22757365727461736B32222069643D2242504D4E53686170655F757365727461736B32223E0A20202020202020203C6F6D6764633A426F756E6473206865696768743D223535222077696474683D223130352220783D223431302220793D223430223E3C2F6F6D6764633A426F756E64733E0A2020202020203C2F62706D6E64693A42504D4E53686170653E0A2020202020203C62706D6E64693A42504D4E53686170652062706D6E456C656D656E743D22757365727461736B33222069643D2242504D4E53686170655F757365727461736B33223E0A20202020202020203C6F6D6764633A426F756E6473206865696768743D223535222077696474683D223130352220783D223438302220793D22313233223E3C2F6F6D6764633A426F756E64733E0A2020202020203C2F62706D6E64693A42504D4E53686170653E0A2020202020203C62706D6E64693A42504D4E53686170652062706D6E456C656D656E743D22706172616C6C656C6761746577617931222069643D2242504D4E53686170655F706172616C6C656C6761746577617931223E0A20202020202020203C6F6D6764633A426F756E6473206865696768743D223430222077696474683D2234302220783D223632302220793D223437223E3C2F6F6D6764633A426F756E64733E0A2020202020203C2F62706D6E64693A42504D4E53686170653E0A2020202020203C62706D6E64693A42504D4E53686170652062706D6E456C656D656E743D22757365727461736B34222069643D2242504D4E53686170655F757365727461736B34223E0A20202020202020203C6F6D6764633A426F756E6473206865696768743D223535222077696474683D223130352220783D223730332220793D22313135223E3C2F6F6D6764633A426F756E64733E0A2020202020203C2F62706D6E64693A42504D4E53686170653E0A2020202020203C62706D6E64693A42504D4E53686170652062706D6E456C656D656E743D22706172616C6C656C6761746577617932222069643D2242504D4E53686170655F706172616C6C656C6761746577617932223E0A20202020202020203C6F6D6764633A426F756E6473206865696768743D223430222077696474683D2234302220783D223634302220793D22323230223E3C2F6F6D6764633A426F756E64733E0A2020202020203C2F62706D6E64693A42504D4E53686170653E0A2020202020203C62706D6E64693A42504D4E53686170652062706D6E456C656D656E743D22757365727461736B35222069643D2242504D4E53686170655F757365727461736B35223E0A20202020202020203C6F6D6764633A426F756E6473206865696768743D223535222077696474683D223130352220783D223630382220793D22323930223E3C2F6F6D6764633A426F756E64733E0A2020202020203C2F62706D6E64693A42504D4E53686170653E0A2020202020203C62706D6E64693A42504D4E53686170652062706D6E456C656D656E743D22757365727461736B36222069643D2242504D4E53686170655F757365727461736B36223E0A20202020202020203C6F6D6764633A426F756E6473206865696768743D223535222077696474683D223130352220783D223339302220793D22323930223E3C2F6F6D6764633A426F756E64733E0A2020202020203C2F62706D6E64693A42504D4E53686170653E0A2020202020203C62706D6E64693A42504D4E53686170652062706D6E456C656D656E743D22757365727461736B37222069643D2242504D4E53686170655F757365727461736B37223E0A20202020202020203C6F6D6764633A426F756E6473206865696768743D223535222077696474683D223130352220783D223138302220793D22323930223E3C2F6F6D6764633A426F756E64733E0A2020202020203C2F62706D6E64693A42504D4E53686170653E0A2020202020203C62706D6E64693A42504D4E53686170652062706D6E456C656D656E743D22757365727461736B38222069643D2242504D4E53686170655F757365727461736B38223E0A20202020202020203C6F6D6764633A426F756E6473206865696768743D223535222077696474683D223130352220783D2231302220793D22323930223E3C2F6F6D6764633A426F756E64733E0A2020202020203C2F62706D6E64693A42504D4E53686170653E0A2020202020203C62706D6E64693A42504D4E53686170652062706D6E456C656D656E743D22656E646576656E7431222069643D2242504D4E53686170655F656E646576656E7431223E0A20202020202020203C6F6D6764633A426F756E6473206865696768743D223335222077696474683D2233352220783D2234352220793D22313433223E3C2F6F6D6764633A426F756E64733E0A2020202020203C2F62706D6E64693A42504D4E53686170653E0A2020202020203C62706D6E64693A42504D4E456467652062706D6E456C656D656E743D22666C6F7731222069643D2242504D4E456467655F666C6F7731223E0A20202020202020203C6F6D6764693A776179706F696E7420783D223238352220793D223637223E3C2F6F6D6764693A776179706F696E743E0A20202020202020203C6F6D6764693A776179706F696E7420783D223431302220793D223637223E3C2F6F6D6764693A776179706F696E743E0A20202020202020203C62706D6E64693A42504D4E4C6162656C3E0A202020202020202020203C6F6D6764633A426F756E6473206865696768743D223134222077696474683D223130302220783D222D33362220793D2234223E3C2F6F6D6764633A426F756E64733E0A20202020202020203C2F62706D6E64693A42504D4E4C6162656C3E0A2020202020203C2F62706D6E64693A42504D4E456467653E0A2020202020203C62706D6E64693A42504D4E456467652062706D6E456C656D656E743D22666C6F7733222069643D2242504D4E456467655F666C6F7733223E0A20202020202020203C6F6D6764693A776179706F696E7420783D2236352220793D223637223E3C2F6F6D6764693A776179706F696E743E0A20202020202020203C6F6D6764693A776179706F696E7420783D223138302220793D223637223E3C2F6F6D6764693A776179706F696E743E0A20202020202020203C62706D6E64693A42504D4E4C6162656C3E0A202020202020202020203C6F6D6764633A426F756E6473206865696768743D223134222077696474683D223130302220783D222D34312220793D2234223E3C2F6F6D6764633A426F756E64733E0A20202020202020203C2F62706D6E64693A42504D4E4C6162656C3E0A2020202020203C2F62706D6E64693A42504D4E456467653E0A2020202020203C62706D6E64693A42504D4E456467652062706D6E456C656D656E743D22666C6F7734222069643D2242504D4E456467655F666C6F7734223E0A20202020202020203C6F6D6764693A776179706F696E7420783D223531352220793D223637223E3C2F6F6D6764693A776179706F696E743E0A20202020202020203C6F6D6764693A776179706F696E7420783D223632302220793D223637223E3C2F6F6D6764693A776179706F696E743E0A20202020202020203C62706D6E64693A42504D4E4C6162656C3E0A202020202020202020203C6F6D6764633A426F756E6473206865696768743D223134222077696474683D223130302220783D222D33372220793D222D3230223E3C2F6F6D6764633A426F756E64733E0A20202020202020203C2F62706D6E64693A42504D4E4C6162656C3E0A2020202020203C2F62706D6E64693A42504D4E456467653E0A2020202020203C62706D6E64693A42504D4E456467652062706D6E456C656D656E743D22666C6F7735222069643D2242504D4E456467655F666C6F7735223E0A20202020202020203C6F6D6764693A776179706F696E7420783D223436322220793D223935223E3C2F6F6D6764693A776179706F696E743E0A20202020202020203C6F6D6764693A776179706F696E7420783D223436302220793D22313236223E3C2F6F6D6764693A776179706F696E743E0A20202020202020203C6F6D6764693A776179706F696E7420783D223233322220793D22313236223E3C2F6F6D6764693A776179706F696E743E0A20202020202020203C6F6D6764693A776179706F696E7420783D223233322220793D223935223E3C2F6F6D6764693A776179706F696E743E0A20202020202020203C62706D6E64693A42504D4E4C6162656C3E0A202020202020202020203C6F6D6764633A426F756E6473206865696768743D223134222077696474683D223130302220783D222D33352220793D222D3136223E3C2F6F6D6764633A426F756E64733E0A20202020202020203C2F62706D6E64693A42504D4E4C6162656C3E0A2020202020203C2F62706D6E64693A42504D4E456467653E0A2020202020203C62706D6E64693A42504D4E456467652062706D6E456C656D656E743D22666C6F7736222069643D2242504D4E456467655F666C6F7736223E0A20202020202020203C6F6D6764693A776179706F696E7420783D223634302220793D223837223E3C2F6F6D6764693A776179706F696E743E0A20202020202020203C6F6D6764693A776179706F696E7420783D223533322220793D22313233223E3C2F6F6D6764693A776179706F696E743E0A20202020202020203C62706D6E64693A42504D4E4C6162656C3E0A202020202020202020203C6F6D6764633A426F756E6473206865696768743D223134222077696474683D223130302220783D222D34392220793D222D3135223E3C2F6F6D6764633A426F756E64733E0A20202020202020203C2F62706D6E64693A42504D4E4C6162656C3E0A2020202020203C2F62706D6E64693A42504D4E456467653E0A2020202020203C62706D6E64693A42504D4E456467652062706D6E456C656D656E743D22666C6F7737222069643D2242504D4E456467655F666C6F7737223E0A20202020202020203C6F6D6764693A776179706F696E7420783D223634302220793D223837223E3C2F6F6D6764693A776179706F696E743E0A20202020202020203C6F6D6764693A776179706F696E7420783D223735352220793D22313135223E3C2F6F6D6764693A776179706F696E743E0A20202020202020203C62706D6E64693A42504D4E4C6162656C3E0A202020202020202020203C6F6D6764633A426F756E6473206865696768743D223134222077696474683D223130302220783D2231302220793D222D3130223E3C2F6F6D6764633A426F756E64733E0A20202020202020203C2F62706D6E64693A42504D4E4C6162656C3E0A2020202020203C2F62706D6E64693A42504D4E456467653E0A2020202020203C62706D6E64693A42504D4E456467652062706D6E456C656D656E743D22666C6F7738222069643D2242504D4E456467655F666C6F7738223E0A20202020202020203C6F6D6764693A776179706F696E7420783D223735352220793D22313730223E3C2F6F6D6764693A776179706F696E743E0A20202020202020203C6F6D6764693A776179706F696E7420783D223636302220793D22323230223E3C2F6F6D6764693A776179706F696E743E0A20202020202020203C62706D6E64693A42504D4E4C6162656C3E0A202020202020202020203C6F6D6764633A426F756E6473206865696768743D223134222077696474683D223130302220783D2231302220793D2230223E3C2F6F6D6764633A426F756E64733E0A20202020202020203C2F62706D6E64693A42504D4E4C6162656C3E0A2020202020203C2F62706D6E64693A42504D4E456467653E0A2020202020203C62706D6E64693A42504D4E456467652062706D6E456C656D656E743D22666C6F7739222069643D2242504D4E456467655F666C6F7739223E0A20202020202020203C6F6D6764693A776179706F696E7420783D223533322220793D22313738223E3C2F6F6D6764693A776179706F696E743E0A20202020202020203C6F6D6764693A776179706F696E7420783D223636302220793D22323230223E3C2F6F6D6764693A776179706F696E743E0A20202020202020203C62706D6E64693A42504D4E4C6162656C3E0A202020202020202020203C6F6D6764633A426F756E6473206865696768743D223134222077696474683D223130302220783D222D38352220793D222D37223E3C2F6F6D6764633A426F756E64733E0A20202020202020203C2F62706D6E64693A42504D4E4C6162656C3E0A2020202020203C2F62706D6E64693A42504D4E456467653E0A2020202020203C62706D6E64693A42504D4E456467652062706D6E456C656D656E743D22666C6F773130222069643D2242504D4E456467655F666C6F773130223E0A20202020202020203C6F6D6764693A776179706F696E7420783D223636302220793D22323630223E3C2F6F6D6764693A776179706F696E743E0A20202020202020203C6F6D6764693A776179706F696E7420783D223636302220793D22323930223E3C2F6F6D6764693A776179706F696E743E0A20202020202020203C62706D6E64693A42504D4E4C6162656C3E0A202020202020202020203C6F6D6764633A426F756E6473206865696768743D223134222077696474683D223130302220783D2231302220793D222D3135223E3C2F6F6D6764633A426F756E64733E0A20202020202020203C2F62706D6E64693A42504D4E4C6162656C3E0A2020202020203C2F62706D6E64693A42504D4E456467653E0A2020202020203C62706D6E64693A42504D4E456467652062706D6E456C656D656E743D22666C6F773131222069643D2242504D4E456467655F666C6F773131223E0A20202020202020203C6F6D6764693A776179706F696E7420783D223630382220793D22333137223E3C2F6F6D6764693A776179706F696E743E0A20202020202020203C6F6D6764693A776179706F696E7420783D223439352220793D22333137223E3C2F6F6D6764693A776179706F696E743E0A20202020202020203C62706D6E64693A42504D4E4C6162656C3E0A202020202020202020203C6F6D6764633A426F756E6473206865696768743D223134222077696474683D223130302220783D222D34322220793D222D3237223E3C2F6F6D6764633A426F756E64733E0A20202020202020203C2F62706D6E64693A42504D4E4C6162656C3E0A2020202020203C2F62706D6E64693A42504D4E456467653E0A2020202020203C62706D6E64693A42504D4E456467652062706D6E456C656D656E743D22666C6F773132222069643D2242504D4E456467655F666C6F773132223E0A20202020202020203C6F6D6764693A776179706F696E7420783D223339302220793D22333137223E3C2F6F6D6764693A776179706F696E743E0A20202020202020203C6F6D6764693A776179706F696E7420783D223238352220793D22333137223E3C2F6F6D6764693A776179706F696E743E0A20202020202020203C62706D6E64693A42504D4E4C6162656C3E0A202020202020202020203C6F6D6764633A426F756E6473206865696768743D223134222077696474683D223130302220783D222D33372220793D222D3237223E3C2F6F6D6764633A426F756E64733E0A20202020202020203C2F62706D6E64693A42504D4E4C6162656C3E0A2020202020203C2F62706D6E64693A42504D4E456467653E0A2020202020203C62706D6E64693A42504D4E456467652062706D6E456C656D656E743D22666C6F773133222069643D2242504D4E456467655F666C6F773133223E0A20202020202020203C6F6D6764693A776179706F696E7420783D223138302220793D22333137223E3C2F6F6D6764693A776179706F696E743E0A20202020202020203C6F6D6764693A776179706F696E7420783D223131352220793D22333137223E3C2F6F6D6764693A776179706F696E743E0A20202020202020203C62706D6E64693A42504D4E4C6162656C3E0A202020202020202020203C6F6D6764633A426F756E6473206865696768743D223134222077696474683D223130302220783D222D31372220793D222D3237223E3C2F6F6D6764633A426F756E64733E0A20202020202020203C2F62706D6E64693A42504D4E4C6162656C3E0A2020202020203C2F62706D6E64693A42504D4E456467653E0A2020202020203C62706D6E64693A42504D4E456467652062706D6E456C656D656E743D22666C6F773134222069643D2242504D4E456467655F666C6F773134223E0A20202020202020203C6F6D6764693A776179706F696E7420783D2236322220793D22323930223E3C2F6F6D6764693A776179706F696E743E0A20202020202020203C6F6D6764693A776179706F696E7420783D2236322220793D22313738223E3C2F6F6D6764693A776179706F696E743E0A20202020202020203C62706D6E64693A42504D4E4C6162656C3E0A202020202020202020203C6F6D6764633A426F756E6473206865696768743D223134222077696474683D223130302220783D2231302220793D2230223E3C2F6F6D6764633A426F756E64733E0A20202020202020203C2F62706D6E64693A42504D4E4C6162656C3E0A2020202020203C2F62706D6E64693A42504D4E456467653E0A2020202020203C62706D6E64693A42504D4E456467652062706D6E456C656D656E743D22666C6F773135222069643D2242504D4E456467655F666C6F773135223E0A20202020202020203C6F6D6764693A776179706F696E7420783D223233322220793D22323930223E3C2F6F6D6764693A776179706F696E743E0A20202020202020203C6F6D6764693A776179706F696E7420783D223233322220793D223935223E3C2F6F6D6764693A776179706F696E743E0A20202020202020203C62706D6E64693A42504D4E4C6162656C3E0A202020202020202020203C6F6D6764633A426F756E6473206865696768743D223134222077696474683D223130302220783D2231302220793D2230223E3C2F6F6D6764633A426F756E64733E0A20202020202020203C2F62706D6E64693A42504D4E4C6162656C3E0A2020202020203C2F62706D6E64693A42504D4E456467653E0A2020202020203C62706D6E64693A42504D4E456467652062706D6E456C656D656E743D22666C6F773136222069643D2242504D4E456467655F666C6F773136223E0A20202020202020203C6F6D6764693A776179706F696E7420783D223233322220793D22323930223E3C2F6F6D6764693A776179706F696E743E0A20202020202020203C6F6D6764693A776179706F696E7420783D2236322220793D22313738223E3C2F6F6D6764693A776179706F696E743E0A20202020202020203C62706D6E64693A42504D4E4C6162656C3E0A202020202020202020203C6F6D6764633A426F756E6473206865696768743D223134222077696474683D223130302220783D222D32372220793D222D3431223E3C2F6F6D6764633A426F756E64733E0A20202020202020203C2F62706D6E64693A42504D4E4C6162656C3E0A2020202020203C2F62706D6E64693A42504D4E456467653E0A202020203C2F62706D6E64693A42504D4E506C616E653E0A20203C2F62706D6E64693A42504D4E4469616772616D3E0A3C2F646566696E6974696F6E733E,0),
 (0x353033,1,0x44656D6F50726F636573732E706E67,0x353031,0x89504E470D0A1A0A0000000D49484452000003350000015E08020000003322A60B0000473249444154789CED9D7F8C1CE57DFFB760E020100E35C1C7EF4D5AC4B62978BF2192D754AD0FAAE2ADD4866D8BF0267F385B21CC4550726A517A6D6A5FD5E09EAA249C9B045D5A30AB46B48B22D39302E61A6CB20543B6C6D8671CC3629FC33AC664C1188EFA6CAFEF876FBECFEDD8C3787E3CF3CCEC3CF3CC33CFFBA58F4FE3D9F9FD79CFF379EFB3BBCFA4340000000000102752A20F0000000000009C05FC190000000040BC803F03000000008817F0670000000000F102FE0C00000000205EC09F0100000000C40BF833000000008078017F0600000000102FE0CF0000000000E205FC190000000040BC803F03000000008817F0670000000000F102FE0C00000000205EC09F0100000000C40BF833000000008078017F0600000000102FE0CF0000000000E205FC190000000040BC803F03000000008817F0670000000000F102FE0C00000000205EC09F0100000000C40BF833000000008078017F0600000000102FE0CF0000000000E205FC190000000040BC803F03000000008817F0670000000000F102FE0C00000000205EC09F0100000000C40BF833000000008078017F0600000000102FE0CF0000000000E205FC190000000040BC803F03000000008817F0670000000000F102FE0C00000000205EC09F0100000000C40BF833000000008078017F067CD06AB52A954AB158ECEDED4DA7D3295521E74EAE40A1502897CB939393A2D3025C816275A05800A403FE0CB0323636465A7952EA9E78E289CD5BB64CECDF3F333BAB669073275760E3C68DAB56AD22D784D43CD1C9010E40B1502C00F2027F06BC216FB84BA5D28A152B0EBE7D70667606618EC3EF1F26358F5C9C66B3293A51E034502C140B80ECC09F010F48A9CB66B38F6D787466761AE1164F3FF3F4D2A54B1B8D86E8740128168A052009C09F010F4AA552BBD49D44D063F396E7962FFF7DD1E902502C140B4012803F0334C6C6C656ACB87D76AE856089AFFFCD83EBD67D5374D294068A8562014806F067C09556AB954EA7DF3ED4989D3B816089A9631F2E597253BD5E179D3A458162A158001203FC1970A55C2E974AA5D9B9E346DC9AFF63C6DFF39BD7522AD6ADFBC7818101D1A9531428168A052031C09F01570A85C2C6A79EFCB8D4DDBEE2579A76E094B66F567B7D5ADB35AD6D9F9A1B7EEAF99F1CFA68DB8CF6BF2D6D5B4BDB7A5C7BEEA4F62F5B77AFEEBB5778E11112AFEEA865B359D1A95314283662C5125FEB381D0111EF8E07FAAF8C311C1D70437A89037E6432993D7B76CECE1DD3833488539A766C5EFB684EFB60463BAE697FF5776B53E75C9CBBBD7068563B38AD1D3CA9355ADAC49CF6A39FED6A77481C5330A68E1DE9EAEA129D3A45816223562CC59F3976529AE7779268C7ED77B8C18821B66CF9F2E58F6DD8D0DBDB0B8B061C11ACE956AB353A3A3A383848DEF8F69E219FCF9339954A05AA154B7777F7FB470ECDCE4DE9415AC0E3A7B4E9530B2FCDCD2FFCFDF1A6FFBEF2377EE71B0F7D7B4ED38ECE691FCD6A1FCC6A2467CFBDF25ABBDA4DA919D2958AC400C546A958FB5A6E733C977C7675EA96F5130EFB98587F8BC981AD7ED6C7AEE38C6ECEB6BFBA6366768EFC8545038E08D334B165C48791F76DC4991137B671E3539BB73CAFC7D3CF6C5AB3666DB15824AD6D2E97C350D7A26857ACA34690FF1E9BD38E9CD0664E9D5E80B4290F7FEF07DFFCD6F70EBEB330D0E5ECBC36D3AE822FBFBACBB2AE522157A94812506C948AA59B24B7FE33877589095BBD9EFC7B56B3415EFAD8B89D76714932677AC0A2014704C87A7C7C5C7F121CF1618640DD62EB4B2FAF5AF5956C365BAD56A33F54C56957ACFF3362A1DA9DD20E1FD7DE9DD266356D667A3A73C30DA9D4B9A954D79D5F5A655E71FB8E9D9675950AB9AA459280622353ACDB2AC67C73CF99BD17CD3C4D6C17B166138E06CDE2CFCE4C3B9A3F293EE5B49B335834E046D46A1E1A1A22666BF396E73D9D9945BB44D37D7D7DAD562BE203569976C5FAC808FDD3A22327B4778E6AEF9DD4B6EFF9C5E2C58BCF5D74FE85977EAAF8E5B3AADD2BAFEEB0ACAB54C4BF48241528361AC55ABE4966B1479E7FCF3652BA3DB358B1339CFDF9A6F101A79BD58BF9ADE766CE60D18023D1A99958AB62B1383030E0CB9999E3FB8F3C42E48B67C64546BB624D1A41FE7B625EFBA0B5D01B71F8A4B6E595FA8D4B6EFED4A72FBFB4FBB21FFCFB8F4E6ADAD4B4767C7A61C5ADB5572CEB2A15312F1209068A8D5EB114ABE4F85FCBBECCAEEC8C537379D9F42D3519FBCFE8E60C160DD88948CDC49CE572B94AA512D89C191F7792EDE09971D1401ABBB9B90F8DD0DB3E52F03E9AD53E9CD1DE393AFBF2EEC692CF7FE1D63FFCA3F7A6B5775BDA7B2DEDC8B446EADDD66DAF58D6552AE25C24920D141BBD62D9BBB29CFC19B15C6763E9423BBB53CD3070D2F59FB19833583460212235178BC5CECD99215F62D1F0416704582A56EFADCB5F7B63DFF6DDF5DA78FDA51DF59776EE7DF9B5FD3FDDF6FACF76BFF5C28EBD2FEE78F3A59D6FD676EDDDBDEF978FFCEB86BB56DE25BCEAC858ED402740B1112BD6B2A2BDC3CCEDD3CFD3587BCC6C9F715AFBCF4E2F2D57FF99A3395BB366AD11B068C09128D43C3434D4C9C79AF6D8B8F1A942A110C1912B4EBBDA7D608EFBEEBB97D2321AFCF99D775A56542AE2592454008A8D58B1747FE6B8B0E9AFD34F024E7B30D397D24C69721C5F83BE53E1B8F59C99E5875E34E00877358F8F8F67B3D910CD991EAB57DF3B3232C2FBE015A75DED8E20FC460C8B842240B1512AD6CD8119D38E9D5B29874F391D7876B5D3701B2E3BA21C9258281F6BD2FD192C1AD022F067C49CB17CE8EE370EBE7DE8BAEBD2F894932B0BD5EED4FB08BF11B722A10E506C648A75B4626E0B58E6D817B631B17EBDAB3D735B9761B39142FFCE99A73F8345037CD53C3A3A5A28144237677A3CF0C0D7868787B91EBFE2B4ABDD6184DF885591500A28168A8D099E3F0860F167B0688AC3F7B624C2F23BD499AF2EB49E9E1EAEC7AF38ED6AF71EC26FA0DA89028A8562E300CBAF3519FD192C9ACA70BC2D899EBABBBB3999333D962E5D5AABD5F89D82E2B4ABDDBB08BF816A270A28168A150EE3501AECFE0C164D5938DE96E572B9542A71F5670FAD5B373030C0EF1454A052A9B88D27D7AE764D84DF40B5E30A140BC50A81223C03F671CE7CF933583435E1785BF6F5F58D8C8C70F5679BB73C4F24CBEF1412CFDEBD7BF506E2924B2ED9B871A3E555543B54BBB801C542B142A00B4F87DD9C05F067B0680AC2F1B6CCE7F32C4F40EF2426F6EFBFEEBA34BF53483CAD56EB9C73CED1DB88F3CE3BEF739FFB9CF90D62BBDAFD0AE13750EDF801C542B142A00B4FF369CE82F9335834D5E0785B721A59C31C47A78E757575F13B0515E8E9E931B714175E78E1DD77DFAD0F5C42FE7BEAD43B08BF816AC71528168A150245786EE66CCD9AB5A9CEC0D3055486E36D49D47CF0ED435CFD99FE2E8488B5C37B00B871EAD42184DF484193E2109E7D192305C5760631678E2315F0F06733F8628F3270F467994CE6E77BF644E0CFF89D820A5C7AE9A5465B506843EEFC7ABDAE9DEE8D781BE137A049AE40B150AC1028C21B1F1F2716EDF0FB4722F067642F64BF648FA2AF07E00EC7DB92EBE0677AE0FB671D323939A9B702C44CDF73CF3DE46FA552315E6D57BB835C8365178ECB98673AB66BC1F615D64909CC69B211A8D8C05AB52CE0869BB6A1D83840179EE662D142F76730674AC1F1B62C954A8F6DD8C0D59F6D7DE9E5A54B97F23B85C473E0C081AEAEAE7C3E9F4EA70706062CDF6968D7865F861B9EED91DB5A9499F657F539C1F615CA398A4A68E2895EB1762159E650846A5980F1F0E8DB84628540179E8E5B2F9ADB273F068CF50EE64C3538DE96C3C3C30F3CF035AEFE8CF8BF55ABBEC2EF1454607474B45C2E3B8EEBC3C99F51AA8EA59831FA2AFB361D2B9CF92FAA9DBC44AC585F3236CF7713A1A7A4294B42B102A108CF80DDA2F9F56730670AC2F1B6243A266F35B8FAB3152B568C8D8D053BBCD4D90FEB35A02C49DF9A9D6007161FDAF5E000A770AA3DD605DC56749C63DE8E791963DA3EC1EFD438A5C398E850B18C920E709062E19459BB9CDCB4E42666BAAACD5BB36C81B756B92A564D182D9A39D73067C011BEB725D79F081C9D3AD6DDDDADFFBC3900E66A679FE9B6B065A6BD40DA97B41B114A658D150BB561BEC123EC5B6699639E7FBA869DBDA465C2BC8C65839697423F3B4EE9B04C683E15AB39793B3741DAFF0BC5DA05C6285A8BF0EC386EC44DBDB2285659582C9A39FB3067C011BEB725D78F38BFFD9DEF908D073EB614B537C2AD19B52FE6B84DCF9994F9F1A15D12DE0A3DF4CD9A37EEB823B7BD1BF3CD134E05EF2D9657399D20A774181381154BDF2C6577E19F0F077864D6ED7A7A2AD04D8D74A99B372EBB6255C6D3A299934B3767575E79E50F7FF843D1270404C0F7B66CB55AE9749AC7286847A78E5D775DBAD96C06382A4AE9F2DB4EA5A8D591BECDF8B789EDAAF00B7E61AA3DB4579DAADDE9052C13E6751DA7DDE6847E5EA1272274C51AD36E42B5EF2BFEF0CEAC5D42963D5234495735E5A6F0DC660C150B089B366DA2583473F6E93D67A3A3A3B95C6E606020F087454052B8DF96954AE5AE952BE3D679A6317F9B875E0BDD6A1B65FB947DC58D763DD81F6E9C5D933C66BA6DC171C2BC05B78DDBF7C22338653614C56A2EB68CBE1D59E09459BB78EC2274132745C06E2F39DE055C452B63AE634EB55ACD66B3945E34B3A2583ED61C1A1A221BACD56A62CF0B444914B7E517EFB863E3C6A74234673FDFB367C9922547A78E7572542C4D9267D14AD9FC196522C00188A55D122678848B67B22EE3B911F384FDAFDB76F89D97B17D4EE908B08CC5AE39A2B1BD9D30168E2D9C326B9793457B94255994EFB811F37C4915AB2CC3C3C3C62398DC2C9A39FB9EE64CA75EAFA3234D29A2B82D894C972E5D1AD60F05887089399BD8BFBFC3A3325726C70A94B2F52BB8CD619CB01F4087A7C09B7655D8C723EC5BB6CC61D9F59902B6CFF86B99635ECC560EB99C97B1474EE9E85CB18E9BB54CD0E7C7194E99B5C8C92236FB92C67C47557B4ADDBE80A48A551052EC0A85427F7FBF79A6DBD0B546B098330374A4A94344B72531FEC4A21153D5B939FBE21D773CFDCCA64E0EC652D58C9994E5DD1660F4676E74721611C0D59FD13D13CBAEDDAA20E3EA1255BB70156B5120FC995FB95204E6A864477D3ACADEAE5E8AC8E3AC5835D1FBB7464747ED2FB18F8BC6F26B4D74A4294274B72511DC92254BB6BEF472271F6B1293D7A1393348D97A1D289E8932DFADC87996B7F8B789E408E7E7F7F208FB96CD737CEDD7B2B09147F3B41BFCCE8E533ACC1381156B99F6F46794ADC50D4E39B58BD36D47F40370149E7DA659BDEC1B8FA1629542FF16BFFE384E47582C9AAFA134D091967822BD2D2727278940D7AC59CBF8040C238E4E1DFBF677BEA37F481AD6C1D8AB1D7D49FB026E7328758E657E7C68D78337117E23327F465FD27101477FE6E8F3E8EE2D9E40B1B152AC3AF4F7F7170A05C7873E99A15BB400E39CA1232DD9447D5B1219117F76C30D19E2B788EB6231678F6DD840967FE081AF11F98678242CD5CE52B728DD159A53E533AFE548E767C19576B5AB23FC86407FE6A958BB0229EF1F1CD7EDEC24F802C5C64AB12A403C193155C3C3C38CCBBB59B44E06A145475A5211735B369B4DF286A3BBBBFB8B77DC41ECD7F6577758C44AE63CF1C47FDCB572255966D5AAAFD01F7916004B71722C5A1DD62DCF8E87F8B789ED6AF706C26FF0C86C588AB5BF8B90579F76A0D8F8285605889D22C6A85AADFA5DCB62D13A7F42003AD21289C8DB9228697474B4542A2D59B2C4526FC81C62CE2A958A678F31E0475757D789133BE7E75F47F80A543B5140B1506C648C8C8C104B14ACEFC06CD1427C7CD3D0D010FD3B70402E705B0257D2E9F45B6FFD647E7E0FC257A0DA89028A856223A0D56AF5B5E9A4B34AB76813FBF787FB6C4DBD4B8F18B5B036080482DB12B892CFE79F1D1B99D77E8E608F37EA3FCE6432A253A728502C14CB9B66B3491CD5C8C848E79B225E8ABCA308FDC1E7C4350E0C0CA0232D01C09F0157C89BB08181BB85D70FB9E2F1F243A5524974EA14058A8562B952AD56899795E29BF8E420D191263BF067C09546A391C97CE6446BFBBCB61BC11885C26D8E035482088062A5532CFDA355FB8F91EDBF8CF1B5C14E303FB5490AA2E948932883D2810B01680C2ED037AFBD866089FFACFC73B198179D34A58162E552AC67C1A6FC10DEF1B7CC2C0EC02FC4E8148B45CB539B648177479A1419941475CF1CB0401AA6DEDE2FD46A3FD4B45D087A349B5B3299CF4C4E6E159D34A5816263ABD86757A76E593F619E43A9E576EC65DEB270CA345E4C8845BD5EAF137F53A954C2DA60F484D09136B1FE1693615AFDECE9D95264505E70098007EDE6E9867A7D54D3C6116E414A1DB105D5EAA3A2D305A0D8582A9614F8D5EBC9BF3395DD5F69D76C7D2D96E53D6B7F303C9FDA24111D75A491F47D6CAE4F3B6D29322835AA9F3F60A17D63DF3034F4979AB613618FD1D1EF6432E96AF5DF44270A9C068A8D9B62494927D66CC26CD0189EAD6299769CB07C046699EEA4C60F0E0EB23CB549228277A459FCD999E998675076D43D73E08BF68D5DEAEDBDB95CFE8766F3394DDB81989CFC9F4AE59F8AC51585422F99169D227016506C9C14ABDB334B99A73D13CF3E4D31019EAFFA457F6A13F16781B710678274A49DFDF9A6F101676C33980C543F7FE08B6AB55A2AFD494FCFAF3BDE4BAAD1DD7D49B1783B2978A2D3025C8162CD8852ACD9959D716A0B500ED55837E5FE6997E36294398C047B6A935C181D69CD66936905A7CF37B5B8663031A87EFE40527EF3377F53F42100005820E5FC6C4C9F8E190B794EA7BCBEBD44B108EC542A95C04F6D928E5AAD96C964CAE5B2F7A267777C1A263B86194C12AA9F3F9091C71F7F9CDCBA070E1C107D2000002FCC3D660B7C5CEA03F4BED8FF5A16A3CCA1A33FB5A9582C2AF588F1C9C9C952A994CFE73D3AD2ACFD67A7331AAB0C260FD5CF1FC8C8A2458BC8AD7BD34D37893E10009848D277CCFD72F64F02DA9CA9EF8CBD2F968ACEA3F725C4A736C9C8D8D89847471AC3F81A62339848543F7F201D7FF6677FA6DFBAE79C73CE934F3E29FA7000F04691CFCBFCC258DDED33DDE60443FFBEBC144F6DE2076B47DAD9C4248349055707C8C4810307CCEFAE2EBAE822D147048037A13F033B01B8D566C78E13CB1C4B1F0C1DFA610C0F0FFBF89A7CD2F1EE483311930C261875CF1CC8C815575C61BE6FCF3DF7DCBBEFBE5BF44101E041B27F0C2829523FB5891FC13AD2000FE0CF8034583ACF0C8BA6F2977B8014087C003970A4D168E47239A99FDAC4155F1D698013F067401A56AD5AA57BB20B2EB8C0F067647A787858F4A1014003752E5610BB9CCD66F1A1331D74A40907FE0C48C3F7BFFFFD5FFBB55F5BB46811F99B6AFF3E4007FE0CC41C48343E24EFA94D5C41479A40E0CF804C3CF9E4935BB76ED5CE7CDB944CE3279C20FE24F5494172413C197166C8855F8C8E3498DA88813F0352A2F28F7A8074E04BE8C2D19FDA842F020646EF48237F451F8842A0C80129813F0312512A95441F82D228F5D4267E349BCD7C3E4FC46CE948FBEE77BFFBE0830F8A3AAA04832207A404FE0C4844A150107D08EAD2DFDFAFDA539BB8522E97CD1D69C4AB91D6F8B2CB2E1B1818107B60C903450E4809FC199088DEDE5ED187A022CD663397CBE1C719A163EE487BF8E187F59FD2138B862FA8850B8A1C9012F8332011D96C56F42128079EDAC41BBD23ADA7A747F767975F7EF9FDF7DF2FFAA012058A1C9012F8332011E9745AF421A8C5C8C8486F6F2F06EEE2CD5FFCC55F98470BBFE28A2B30AA5C88A0C80129216D81CA5F28A13C9CCED1B91ACFB973DC02E53977F0C1A1D0DDDD2DFA1054417F6A535F5F9FCAED43343CF8E0839606E4FCF3CFBFF9E69B451F577240E30BA484B4054AFD1A8BE581C1F665ECCB1BD36EC6CED1B779EE1A50989C9C843F8B063CB5294A0606064883D0D3D393C964962D5BF6894F7CE2C20B2FBCFAEAAB31986D58A0B5055242DA05653BD2D94D126549BB51B32C6CEE72832DEB047DE42DD147917CAAD52A9EDA143DC413932B3F3838582A958851236DC535D75C23FAA012029A5D2025A415208D82E8A38808C63E2D7B3F99A73FB374B6595E759C007E191D1DC5F81AE1F2E0830F5A3A69883FE8EDEDC5EF078563FCB453F4812401B4B9404A885D50AA17DDD13C69D44E2FCDF635354733679970FB3CD4FE126064B08DE8A3480EF7DD771FD1E105175CA07FC30C4F6D8A0F2423954AA5582C12AF9C4EA73DDF58261572EEE40A10599222D5C97B06B4B6404AC83DA0D45B344A5BE0B680E6F2B300CA06E9BB8BEE6C93452E97C3280F61B16DDB365D8D37DE78E3E8E868BD5E2797174F6D8A03636363C4971073F6C4134F6CDEB26562FFFE99D95935839C3BB9021B376E5CB56A15B92681BB12D0E60229210D742693117D14D1E1E8B134A78F1DEDAFBAF933C65DB8CD012C341A0D0CAE1122D75E7BADEECF3EF1894F5C73CD35C4A5118B26FAA054477F80FA8A152B0EBE7D70667606618EC3EF1F262E8D5C9C00A3BDA0CD0552421A68A5BE0BECD97F665F4663F067F68529BB8BE44493C6F0F0301E8E1E16EBD7AFB768925834751A817842CC19698A1FDBF0E8CCEC34C22D9E7EE6E9A54B97FA1D73006D2E9012D2342B5BF9E856C957FF99A78D63DC2970A4D56AA5D3698C921A0AC40774757599CD594F4FCF9D77DE89DF5E88A5542AB5CDD949043D366F796EF9F2DFF7756DD1E6022949B5C7A755A7F831F69F51FE9AB7A3A1FF2C12868686F0D0E8B0203EECC20B2FBCFEFAEB2FBEF8E2DFFDDDDFCD66B3E4F6CFE7F3F8CDA640C6C6C656ACB87D76AE856089AFFFCD83EBD67D93FDF2A2CD0552A2DB856AB5AAE093A71DAD92A563CC71C26D2665B32030A47411F720FA2892432E972312EDEEEE5EB972E5E0E020B9F7951AA13A86E8EF90DF3ED4989D3B816089A9631F2E597213FB3726D122032931CC0469A913FF2927A5F3CCDE8516E0C34A4B2F1AE3BE00855AAD86E1B842845881BE36786A537C2897CBA5526976EEB811B7E6FFD8B301D131AFA554AC5BF78FEC7DEA686D8194988D02913B3EE600F16168682897CB7112248698D2096B8829101872F1373EF5E4C7E6ECF615BFD2B403A7B47DB3DAEBD3DAAE696DFBD4DCF053CFFFE4D047DB66B4FF6D69DB5ADAD6E3DA7327B57FD9BA7B75DFBDC2AD92907875478DFD6922F067404A526777E4E843EF0C0E0E2AF2753410438873225E2193C9F0FBCE1986980A7D8829101822F53D7B76CECE1DD383B4C9539A766C5EFB684EFB60463BAE697FF5776B53E75C9CBBBD7068563B38AD1D3CA9355ADAC49CF6A39FED4A2D74A11D5330A68E1DE9EAEA62BCC2F067404A52B60FDAC87B68E2CFF4AF0CEB5F4F11715C40396AB5DAF0F030F14C447BA55289D3705C18628AD310532030DDDDDDEF1F39343B37A50769938F9FD2A64F2DBC3437BFF0F7C79BFEFBCADFF89D6F3CF4ED394D3B3AA77D34AB7D30AB4D6ADA73AFBCD6F667536A86BD78B9017F06A4C44DE2AD566B6C6C4C7F189FB08F5E804AE472B9FEFEFE4AA5C2CF1C6088297E434C81C0A4163CD65123C87F8FCD69474E6833A74E2F4074FBF0F77EF0CD6F7DEFE03B0BB7C6ECBC36D3F66D2FBFBACBB2AE5291823F03C9865DE200C80E8698E237C414084CDB63FD9F110BFEEC9476F8B8F6EE9436AB6933D3D3991B6E48A5CE4DA5BAEEFCD22AF38ADB77ECB4ACAB54C09F8184037F061401434C711D620A04A6EDB13E3222D5FE7CF3C809ED9DA3DA7B27B5ED7B7EB178F1E273179D7FE1A59F2A7EF92C7FF6CAAB3B2CEB2A15F06720E1C09F0115C01053BC87980281697BAC4923C87F4FCC6B1FB416FACF0E9FD4B6BC52BF71C9CD9FFAF4E597765FF6837FFFD1494D9B9AD68E4F2FACB8B5F68A655DA502FE0C241CF833A00218622A40F81A620A0486686C6EEE4323F4369958B48F66B50F67B4778ECEBEBCBBB1E4F35FB8F50FFFE8BD69EDDD96F65E4B3B32AD1187B675DB2B9675950AF8339070E0CF800A6088A900E16B882910188BC7EABD75F96B6FECDBBEBB5E1BAFBFB4A3FED2CEBD2FBFB6FFA7DB5EFFD9EEB75ED8B1F7C51D6FBEB4F3CDDAAEBDBBF7FDF2917FDD70D7CABB84FB24F83300B8007F065400434CF11E620A04A6EDCF3E30C77DF7DDCBD2B3FBE777DE695951A9803F030907FE0CA8008698E23DC414084CDB9F1D41F80DF8339070D0FE0215C01053BC8798028159F067A7DE47F80DF8339070D0FE0215C01053BC8798028169FBB3C308BF017F06120EDA5FA00218628AF7105320306D7FF61EC26FC09F818483F617A8008698E23DC414084CDB9FBD8BF01BF06720E1A0FD052A8021A6780F610002D3F6674D84DF803F030907ED2F50010C31057F165BE0CFE0CF007000ED2F50010C31C57B88291098B63FFB15C26FC09F818483F617A8008698E23DC414080CB9C8A74EBD83F01BF06720E1A0FD052A8021A6780F310502D3F66787107E2399FEACD56A8D8E8E0E0E0E160A85DE33E4F37932A75C2E379B4DD10708A203ED2F50010C31C57B88291098B63F7B1BE13792E6CF882D239ECCF32B17D96C76646484D838D1C70BB883F617A8008698E23DC414084CDB9F1D8C3EE8FB35BFEAE813FC6E90C7F1B35E61AEF9EB9C6AB59ACBE558BE0F6B904EA7899F137DE0802F687F810AA430C414E721A64060DAB6E697D18793E5B22E6099B0BCE4E922781F3FEB15E69ABF4E68B55AA552C972D5B2D9ECD7BFFE371B373EB579CBF346AC59B376C58A1596250B85C2E4E4A4E89300BC40FB0B542085210C380F610002C3D7C7EC1B5C662AE8F76CB27A2FBB1B73744274C766D835FA76E0CFCEA2D96C5ABACD1E78E06B13FBF7CFCCCEB9C5E1F78F7CFF91477A7A7ACC1D69E3E3E3A24F057001ED2F5001F833F8B3D8D236340778C5BEB5CB96ADDD77FABFE57B529F1FDE77C0BE47FA31E8AF9A7AC5CE5ADE98B64F700DB9FD59A3D120D6CAB8A6F97C9EEECC2C2E6DCD9AB5C6BA5D5D5DB55A4DF40981F041FB0B54208521A6380F310502B3E066E61BBC62A2EDCF4EFFB77CCF9969EB2791264E991630A61D27CCCB985FB5BFC42324F667AD56CBDC73F6D0BA758CCECC1C4F3CF11FC49919BD68F86967F240FB0B54208521A6380F310502D3F6316FF18A8935E6CF3753AB1FD7E79B77EA39ED62E3DE6279955F48ECCF8AC5A271A5366E7C2A8039D363FBAB3BBABBBBF5EDF4F6F68A3E2D1032687F810AA430C414E721A64060DA6EE617BC82F8B3656BF69DFEEF8685CF372716A6A9FD67A7D735A6ED47E8B818650E8F90D59F8D8E8E76D873668EA79FD9646C6D787858F4C9813041FB0B54208521A6380F310502D37633FB79C5C4DF2F5BF6F7FBCEFC77D3EAD43D9B1626CC3BF59CD6274C06CEBA9893C9E37646A6FDB25E61AEF9F34B369BD5AF513E9FEFD09CE9617C17ADA7A707E3A22509B4BF40055218628AF3105320306D3733C12B26BEB16CD937F69DFEEF63F7A48A9BDAD3D4FEB3D3EB1AD3FA84FDAF6531CA1C1E21A53FAB542AFA55EEEAEA3AF8F6A150FCD9D1A963C62F3AFBFBFB459F22080DB4BF40055218628AF3100620306D37B38F57107F6652CB3D9B4ECF37EF9432ADFFD7F86B99635ECC66F2B89D9169BFAC57986BFE7CD1DBDBAB5FA0071EF85A28E64C8FC7366CD037DBDDDD2DFA144168A0FD052A10813FDB744F6AD9F00B8EDE8B328762D42C0B1B768DBE1DF833E988C6CDD8CD0DFBB4FD08851CB3F4FE6C7272D230B061759E1971DD75697DCBD56A55F489827040FB0B5420C57B40A67D6B97DDB37678D99737B90F28453F8694E4434C81C0908B3C3FBF37CA70DBA3AE3DFAC28644CDD36EF03E0BD62BCC357FEC94CB65FDBAF4F6F6866BCE48AC5E7DAFBEF1818101D1270AC201ED2F508114E7A198DA5FBB6EEC1BFE3CF96B1902CA91E40D310502D3F6316F22FC867CFEACAFAF4FBF693BFFD9A63D366F795EDF782E97137DA2201CD0FE021548F11D90E9F17B525FDAA48F35B5309601EBB052491A620A04A6EDCFEA08BF219F3FCBE7F3FAADFBF4339B42F76713FB4FFF92369D4E8B3E51100E687F810AA4780EC8B46FF8F3CB867FAA4FB73BD23E1E9FC9BDFF2C69434C81C0B4FDD91B08BF219F3F3346D6D8FEEA8ED0FD1909A37D117DA2201C904AA002298E03326DB8C762BECE0C3765DEA9E7744AF221A64060BABABA4E9CD8393FFF3AC257C8E7CF8C5130D81FB5E92B8CED8B3E51100E4825508114BF0199361553AB1F33CDD932BCECFF0D4F2837C414084C3A9D7EEBAD9FCCCFEF41F80AF9FC592693D1EFFF9FEFD9C3C39F198FE3147DA2201C904AA002296EC3010C2F5BB9C93273D3CAB663536B882910987C3EFFECD8C8BCF673047BBC51FF31713B8C57382E2236063FDBBCE5F9D0CDD9E1F78FE81BC710688901ED2F508168DC8CDDDCB04FDB8F50C831C39F45CFD0D0D0C0C0DDC21D8F5CF178F9A152A9C47885E3226272C4BA85FAFE238F84EECF7EBE678FBEF16C362BFA444138A0FD052A90C210539C8798028169341A99CC674EB4B6CF6BBB118C5128DC363A3ACA7885E32262E2C4F59B76D5AAAF84EECF1E5AB74EDF78B158147DA2201CD0FE021548618829CE434C814E185CA06F5E7B0DC112FF59F9E76231CF7E79E322E27ABD6E7C047974EA58B8FE6CF9F2E5FAC6CBE5B2E81305E180F617A8400A434C711E620A7442ABD5EAEDFD42ADF6434DDB85A047B3B92593F9CCE4E456F6CB1B2311A7D369DD456DDCF85488E6CC18FC8C30393929FA2C4138A0FD052A90C210539C8798021D52AFD7B3D91BEAF5514D1B47B8053167C4C856AB8FFABAB63112F1C0C080EEA2962C59126217DA17EFB843DF6CA150107D8A2034D0FE0215C01053BC8798029D53ABD588451B1AFA4B4DDB89B0C7E8E877329974B5FA6F7E2F6C8C443C3939698C5216D6539EB6BEF4B2D179363E3E2EFA144168A0FD052A8021A6780F310542A1D56A0D0C947A7B6F2E97FFA1D97C4ED376202627FFA752F9A7627145A1D04BA6035CD5788978787858F752E45D63E7036D4CECDF6F18BEBEBE3ED12707C204ED2F50010C3115207C0D310542A45AAD964A7FD2D3F3EB9EBFDE5581EEEE4B8AC5DB89450B7C3D6357E472B99C7E6EC45A75F22C81A353C7962C59626CAAD96C8A3E33102629F833A00018622A40F81A620AC4017C35DC91D815B946A3D1DDDD6DF8AA608FE33CF8F621C39C75757511532FFAB440C8C09F0115C01053BC879802C221E6ACB7B757F451C49138163962A78C1E42E2AEFC8E58BBF5A5978D8F3509B7DC720B69E3449F130819F833A00818628AEB1053402CBA39C3B7C31D89699123EF7E8C5EB454FB179D4F3FB389A5DBECAE952BCD1F000F0F0FD7EBF54F7EF293CB962D7BF1C517459F16080DF833A00818628AEB10534020306774E25BE488AF321E9A6EB8B4356BD6DA1FA04E6CD9F71F7964C58A15677F35AFDBF858F3AB5FFDAA3EF3A28B2EBAFDF6DB61D41200FC1950070C31C56F8829200A98334F625DE448FE060707BBBABA1C7F1CB174E952B7978AC5A2E507019FFEF4A7CD0B10A376D75D77E13B89F2027F069402434C711A620A0801E68C05098A1C715AC6D3D33D2129270D997D232FBCF0C279E79D672CF6A77FFAA7DDDDDDFDFDFDD19F0E0805F833A01A18628AC71053207A60CE1891A6C891B6A952A910A396CD662D9E2C9D4E170A85919111FA201AB7DD769BBEFCB265CBC846200EA9813F036A8221A6CC743EC4148818983376242E727E47B821EEEDFCF3CF27B7F455575D75C71D77703A2A100D29F8330094A4AFAFCFF14312107F60CE7C216B91DBB66D5BCAFFF3CEEFBCF3CEDFFAADDF4AA7D37FFDD77F8D0F37A506FE0C0035A9D7EBB95C6E606040F481007FC09CF945D62277EDB5D7920A7DFFFDF7FB5AABD56A150A8572B9ACB59F258531A6E505FE0C0095191A1A222E8D7835D107029880390B8094456EFDFAF5FA970FAEB8E28A4EF24D8C5A3E9F27A62DC46303D1007F0680E2B47FD39A1D1919117D20C00398B360C857E448A68D6135CE3FFFFC9B6FBEB993AD8D8D8D118B868136A403FE0C0040DE5DF7F5F591361C4F588E2D30678191AFC8150A05F3EF77AEBDF65AFDF3CAC054AB55A21E5834B9803F0300E890B7D9994C86FC157D20C00ACC59274856E448B2ED3FB1BEFAEAAB3BFC8C92A8279BCDE2319D12017F06003020A5219FCF974A257C5F253EC09C75886445EED1471FD53DD98D37DE68F8B3DFFEEDDF361EE5141862CEA02489803F0300582897CBE49D3646DF880330679D2359917BF1C5172FBEF8E2743AAD3F3DBDA7CDE5975FDEB93FD360D1A402FE0C0060471F7D63707050F481280DCC5928C857E448CAF50F22F50A4DA64314015115B9B7F13D86F8037F06007083F8338CBE210A98B3B090B8C871AAD0E631D2406C813F030050D047DF404B1E31306721227191E357A189452B954A185627CEC09F0100E8E82D3946DF880C98B37091B8C8F1AED07D7D7DF812436C813F0300B030363696CD66F1AD15DEC09C858EC4452E820A4DFC197169BCF70202007F060060A4D96CE6F379D29863F40D4EC09CF140E222174D851E1919C1983A3104FE0C00E00BD29863F40D1EC09C7142E2221759852E97CB8542218045331F21CBD1D297B10FCCABB247F17BEE948BE6B8297DA625832CD75FE5A4001073F4D137868686441F48728039E387C4B524CA4238363616E019506ED59D6579CB5A8C8BA963E03C4F8DE53AD897B12F6F4CBB193BCAC54F760A0090948181018CBE110A30675C91B878445CF96AB51A1122FBEF801C6BBC463D6C96FE185F7D36093607BE4E8D7D6196ECB83936C3AEF93D3C0040C490F69C58348CBED1093067BC91B88A445F028910C92DCDF2984E7309A7976D4FEB66D99463DF0CFC99FD55963E2DFBC5F7F467E62DD0BBD9127CF101F0BC01CDD32C9DCAEC6F5CD9774D87D80B7DF40DBF1F8C00AD63739600FD44408C0EC52F42AE233167C4A2798AD251469EAA72D41FA5DE9B5FA21B91E4E1796A8ED7D0BEA2C569592E9DF91ABA4DB8E5CBFE120089C1B3A9F16CB828AD16E59E72FC2FE3761C191B1BCB6432187DC3179DF79C25463F5C91B87888BA70CD66934893E5474076895054E8F8AAE66E0B1C27281B4F189EA7E679BF39CEB7A789B2BC65B158DDD80084C5B3AB53B7AC9F30CFA1B7636E2FB9B5576EB79E7D2D965B2CC07DA78FBED1DFDF8FDFE9B3E0C39C4DACBFC594ACD5CF9E9E9D30FDF0234687E21781D7511728FD2D974516E6F98EE55F7339238A3ADDF44ADF6032F03C35F68B6C7FD5717996157D1D210012404AECEAF5E4DF99DAEA5BEAC63D65347DF4FBCBF3EE733C0037D84E7281E1E1618CBEE189BF9E33229E8FADFD699F9F54FDF040E21222F6DAD11FD369CF2E8B5BEFC49FC5535EFCF03C35966B629FEF79FF539A09752E3E5007525489359B301B34E6CE6963DA71C27E335AB6AF3935A49A4B7DF59C66A15EAF13F381D137DCF0FDB1A6C59F9D994EAA7E4247E21222FCDA05784C27BB32CC330DA95916B34F78EE2E31F83A35FAC2F6143826C5FC1265B1604708402CD1ED99A5D032D5334BAD752CC39EAFD237C57E0CEC90565D1F7D83E577604A11E43B67677FBE697CC09960FD848BC42544F8B5D3A13CA6D31081A3688C651CA7E9732CF359369E303C4FCDF1BE75BC2DDDFE9AB7637EC93287B2BBF04E170001985DD919A7B600FBCDA579356B9E8D1ECB7DC4723CBEA8D56AD96C16A36F1804FC4180D3E79B9A02FA090B894B88F06B6740FC59A95432CF714CADDB4CC76947DC168EADBCF8E1EBD41C17B6DFFF8E2D0263330140E22005F56C4C9F4F190B794EA73A78636399E9D9B885D8EEE9A36F140A058CBE11FCD79A6777BB1A165F05FD84425C8E2300F1B9885AFB1950C56291E5E73F66D9D1B1AC653FDF94BB75A0CF4F00F45363BFB66EF73C7D77947B9E9E4700A4C1DC63B6C0C7C596F1CE324FD8FF5A16A3CC717CC96D45FB2E3A61747454F1D1373A1A4AC3DA7F765A4FEAE8A743627110C188C91534A8542AC11ED3090210B7EC039030CEFE49409B3315D6ADCE51DEF958DED25816A3BFA5715BD1B28CDB4487E8A36F0C0C0C28D8B6773ACE19C3F81A89D74F27883F82C0C4E1F259206FB372B91CFAC3232086D907401118EBAB7DA6DB1CCA8E28C5D86D19B7D53B616868289BCD2AF52C237E8F6F52503FC190B8C8C5B3421335134DE3B73FBC8967F601483C6EB79E5BD7857D194B8F881BF45D530EC3D7E9B053AFD7C9DB6F4546DF88C69C59E6275B3F0188D1A1F82556D7D10C2C5A04C436FB0080A4628CBED16C36451F0B47F0E0F3982071918B738526E64CB5CEF0888973F6010009A656AB653299A48EBE0173161F242E7231AFD0BACAABD5AAE803492631CF3E0020C1E8A36F148BC5847DDB18E62C56485CE4E25FA189D6F3F9BCCABFCDE647FCB30F004836954A2593C924E64D38CC59DC90B8C84951A15BAD16B16849ED09178814D90700249B66B3493C4D0246DF80398B21121739892A74A9541A1E1E167D148942A2EC0300928D3EFA46BD5E177D200181398B27121739B92A747F7FBFDB633A4100E4CA3E0020D91073462C9A8CA36FC09CC516898B9C7415DAFE984E1018E9B20F004836FAE81BC4EB4834FA06CC599C91B8C8C958A1D91FD309E8C8987D0040E2A956ABB28CBE01731673242E72925668FD319D09FB5576F4489A7D0040E2D147DF20C4B99D87398B3F121739792BF4D8D818B931E27CEBC61F79B30F00508172B99CC9646AB59AE8037100E64C0A242E725257687263E472393C032A3052671F00A002CD6693B4F3711B7D03E64C16242E72B257E87ABD4E6E12797F922D16D9B30F005084A1A121E2D24435F59B376F367F190EE64C22242E7209A8D08D4683DCB7B855029080EC0300148134F2E18EBEA17FC58DE54B329FFDEC67496BA92F097326171217B9645468FD86C133A0FC928CEC030014411F7D239FCF773EFA06A91ACB972F7F6CC306CFEF316FDBB68D34958B172FEEEFEF8739930E898B5C622A34B96D0A85C2E8E8A8E8039189C4641F00A00EE4AD782693A9542AE699DFFDEE771F7CF041C62DE8E66CFBAB3B6666E7C85FBA45BBF1C61B536D2EB9E492EBAFBF1EE64C2E242E7249AAD0E4AD15B168520C99131392947D00803A103B552C168D4F27C95FD29A5D76D9650303032CEB1AE64C0F8A45D33BCF0C162D5AB478F1623C695022242E72C9ABD0E48E95F1F12042485EF60100EA40DE8D67B3D95AADF6F0C30FEBFE895834FA8795767346B76846E75957571779FF9F4EA7F17567B990B8C825B2420FB4117D141290C8EC0300D4A1D1687CEE739F5BB46891EEA22EBFFCF2FBEFBFDF6D613773E666D1F4CEB3ABAEBAEA8A2BAEB8F2CA2BC99B7F0CE7241D1217B9A456E8A1A1213CA6D393A4661F00A008DFFAD6B7526743BC9463FF16DD9C395A34B2FCE2C58BBBBABABEF8C52FC299498AC4452EC115BA5C2E170A85580D691837129C7D00800ADC76DB6D9FFCE427CDFEECFCF3CFBFF9E69B2D8BB19833BB45BBFEFAEB7B7A7A366DDA24E2CC4038485CE4925DA1474747F1984E0AC9CE3E0020F1E86398111795C9647EEFF77EEFB2CB2EBBE0820BAEBAEA2ACB70B27673B666CD5A231C2DDA8103073094460290B8C825BE42E3319D14129F7D00800A341A8D6AB53A383848BCDA4D37DDA47F694C7FC9ADE7CCDCE5C6F25D342029121739152A341ED3E9860AD90700A8863E1CA63EFA86DBC79A747F068B9618242E728A5468FD319DE8A9B6A048F601000A42FFCE99A73F83454B06121739752A74A3D18045B3A04EF601004AE1F98300167F068B9600242E724A5568728FE572393CA6D340A9EC03001481E5D79A8CFE0C164D76242E72EC153AE54427FBA2AFCEC93AE8CF80B23CB84D59E0CF0000098371280D767F068B26351217394F9364F761F6551CAD9BE78AF6FFD209727A4E108B562C16F1984E0DFE0C00902CD8C739F3E5CF60D1E445E222E759A1593ABDDC36629E6F4C337A2FDED6A1542A0D0E0E72DD45FC813F03002406767316C09FC1A2498AC4458EDD9F517C95A73F735CD2BE56049D6766883FEBEFEFE7B16559803F030024035FE62C983F83459311898B9C2F7F467989EEAB1C6D16658394E970191E1E56F9319DF067008004E066CED6AC594B294F2CB83D5D00164D16242E7201FC196582BE71373FE7B87C34FE4C6B3FA6339FCFABF9984EF83300400220E66CF396E7EDDD5D3CFC1909B22F62D1449F346042E22217993F63B102949BC473DD4E181B1B23164DC1F743F067008004303E3E4E2CDAE1F78F44E0CFC85E3094A644485CE4C2F267745F6599E3E9BDA2B16566AAD5AA825DD6F067008064E068D142F7673067D221719163F16786A9B2AC629F60DC788ADAAF66DE5D940682DC72D96C56A9C774C29F010012835B2F5A58BF0F80399311898B1CBD42D3CD93E746EC8BD95777DB94A7F9E3816ACF80823F03002409768BE6D79FC19C498AC445CE578576F35594CE61F3026ECBBB2D6359DEE7990544298B067F060048188C16CD973F83399317898B1C63857674489C3EDFF475603C50E7319DF0670080E4C162D1D8FD19CC99D4485CE450A11DD11FD399F8674021FB008044E269D118FD19CC99EC485CE450A1DD2016AD542A8D8C8C883E108E20FB0080A442B7682CFE0CE62C01485CE450A1E9F4F5F525F8319DC83E0020C1502C9AA73F83394B0612173954684F883F232E4DF4517001D90700241B378B46F76730678941E222870ACDC2C8C848A9544ADE33A0907D0040E2711BBAD60898B304237191438566A45C2E170A85845934641F00A002ECE3A2C19C250C898B1C2A343B636363097B0614B20F005004168B0673963C242E72A8D0BEA8D56AE4EE6D369BA20F241C907D00803AD02D1ACC592291B8C8A142FB85DCBDB95C2E198FE944F601004AE166D160CE928AC4450E153A00C49C118B96803B19D90700A886DDA2C19C2518898B1C2A74309ACD26B99F6BB59AE803E908641F00A020668B0673966C242E72A8D081999C9C2477B5D48FE944F601006AA25BB489FDFB61CE928DC4450E15BA13647F4C27B20F00501662CBD2E934CC59B291B8C8A1427788D48FE944F601002A435A6FD18700F822719143850E05491FD389EC030054269436D0B211CA36D977C7B811B4E19E487C8190DDB020FE4CBAB762C83E0040653CDBC0940BF48D38CEB1AC4EF92F7D8FEC761068F06740A75C2E178B45899E0185EC03005486C59F79CE34FEEBE9E4DCD6F23C12BB3FF3B52F9591F8A220A3E152A954247A4C27B20F005019BFFECCEEA52C7D606EAB3B1A2CCA31B8CDB45831B4E19E487C8190DDD0191B1BCBE572523CA613D90700A80C8B3FA3582BC78DD0BD1AA5DB8CE5C34DFB16184F445924BE2E482A0FC6C7C77B7B7BE3FF0C28641F00A0328CFD67F41E2F379F44FFDCD3D19FB14C1B2BE2934D1624BE34C82B27A4B068C83E004065D83FDFA47456B17CBEC9B26596FE33C7398CE7A226125F1464941FC49C65B3D9380F7E88EC030054A6737FE6E69F3CE73BFA33B75D982760CE7C21F1754152B9A23F03AA5AAD8A3E1067907D0080CA30FA33474745F146F439147FE6D97F665E1DE68C05892F0DF2CA1B62D1F2F97C3C1FD389EC03005486C59FB959ABCEFD99DB27959469C7FFA225A720F1A5415E23A0D56A118B16C3C77422FB00009561FF7CD33EDFAF3F73FB7CD3EF81E1F34D5F487C5D90D4C828954AC3C3C3A28FE22C907D0080CA043649DAD9DD60C61CB78F26299F6FFADDB57DBF2C47AB2C125F1464344AFAFBFB63F5984E641F00A0326803138FC409863A2326568FE944F601002A833630F1489C60A8337AE2F3984E641F00A0326803138FC409863A85A03FA653F833A0907D0080CAA00D4C3C122718EA14C5D8D8586F6FAF588B86EC030054066D60E29138C150A740C6C7C773B99CC0674021FB000095411B9878244E30D429967ABDDEDBDB4BFE0AD93BB20F005019B4818947E204439DC269341AB95C4EC8633A917D0080CAA00D4C3C122718EA8C03FA633AA37F0614B20F00508D4AA5429ABEAEAEAE6C364B267A7A7AC8DF8B2EBA48D4E718802B12173954E898402C5AA150181D1D8D72A7C83E004035FEEBBFFECB3ECAFFADB7DE1A71F30BA241E222870A1D1F5AAD16B168513EA613D90700A80669692FB8E002B339BBE9A69B7A7A7A840F78047820719143858E1BA552696868289A7D21FB000005F9DBBFFDDB458B1619FEECAB5FFDEAC0C080E883025C90B8C8A142C790813611EC08D90700A8C9E2C58B7573B672E5CA743A1D8707BA001E485CE450A1E3C9D0D050048FE944F601006AF2C20B2F9C77DE79A40DCCE7F3F8E6598291B8C8A142C79672B95C2814B8BEAB43F60100CA72DB6DB7E9FE4CF481008E485CE450A1E30C7957C7F5319DC83E0040599ACD26690331AC46B291B8C8A142C71CFD319D9C368EEC030054066D60E2F19DE056AB55A9548AC52229BDE974DA3E168B2290732757401F54429DDF3623FB3A6A665F14509D0E541707A0461DA83102FCF9B3B1B131921522CD279E7862F3962D13FBF7CFCCCEAA19E4DCC915D8B871E3AA55ABC835E97CE8AF94EDCD907D0EFBAB3C40F6F965DF2F6ED9F7AB8AE855E417A88E9FEA8CEC5B4A2F65495F2F055E3EB6F2861AF9A911D861952F31C8A55269C58A1507DF3E38333B8330C7E1F70F138D928BD36C368367C2D63E525A4C7D8E5B4B4A21D8B121FB51669FB1587AD630C7EDD0E5117A3DEB04A82E02D55926B440DE285CC9C553DE50236F35023B4C7A25D2CC66B38F6D787466761AE1164F3FF3F4D2A54B1B8D469034D89A244A23456F4C599A515F20FBBCB3EF98209632C99250CB32F455E2E3CFA0BA0854C7C9EB7422B978CA1B6A8C408DC00E935EC9FB86B6344F22E8B179CB73CB97FF7E47F970316A6EFF755BC0B1310DD63C21FB1167DF31AD6E333D6D9C7D826575E140755C5547315B8125D1B9E4622B6FA891AB1A811BDEF21D1B1B5BB1E2F6D9B9168225BEFE370FAE5BF7CD8E52E2E2A528EF592DEF7AE95BF605B21F65F6E9BEDCD1793BBE64DE8263257323F091870B54178DEADC24E1B698E622CBCE25176779438DD1A811D8F1906CABD54AA7D36F1F6ACCCE9D40B0C4D4B10F972CB929D8B0349646C4ADADA4B73B8ECD9CA52D6304D98F32FB1AB51006D88839E96E5B0E658FE102D545A63A968C3B36416E7322905CC4F2861A235323B0E321D972B95C2A9566E78E1B716BFE8F296F50CC98D7522AD6ADFB47BFCFA0A4BCBDF3FBCECFD18A05F367C87E94D9A7E0776B94FFD277E76B479C80EAA2519DE6DE6B9572F2406E733CFFEBB8FDC0928B58DE5063646A04763C245B2814363EF5E4C7D2BC7DC5AF34EDC0296DDFACF6FAB4B66B5ADB3E3537FCD4F33F39F4D1B619ED7F5BDAB696B6F5B8F6DC49ED5FB6EE5EDD77AF70A108895777D4B2D96C906478B5292C4D4F2A3C7F86EC47997D8DFA76DFB318D873EDB68CDB5EFCCA8313505D04AA736B5E28CB5316E85C72B19537D418811A811B1E92CD64327BF6EC9C9D3BA60791F894A61D9BD73E9AD33E98D18E6BDA5FFDDDDAD43917E76E2F1C9AD50E4E6B074F6A8D963631A7FDE867BB520B6F208E291853C78E747575054F89FF2F90B1B45FF42D3B82EC479C7D9672E29944CFA2CB52050502D545A63A8BA7A1CB80BD5DEA4472719337D418991A811D0FC9767777BF7FE4D0ECDC941E4470C74F69D3A7165E9A9B5FF8FBE34DFF7DE56FFCCE371EFAF69CA61D9DD33E9AD53E98D52635EDB9575E6BAB734ACD08D616A46C6F013D1B23FB7CF666D413645F48F629C962A9679652445F8551395102D545A63ABB3FA32F49697F42915C0CE50D3546A64660C7FBCDCAECDC5123C87F8FCD69474E6833A74E2F303939F9F0F77EF0CD6F7DEFE03B0B03D3CDCE6B336DD5BEFCEA2ECBBA4A4560757A363D9E6F0D43F467C87E94D90FAB6380D1D3B3BC2A04A82E32D5B1F8337BF3E2E9A282492E9EF2861A235323B0C3E2CFFECF8805759ED20E1FD7DE9DD266356D667A3A73C30DA9D4B9A954D79D5F5A655E71FB8E9D9675958A004E888EB198DBEA8ED3F6EDFB3D2A643F82EC3B668D7D239D94A81836A3505D34AA331A04E3AFA5C1A1B418F4C6245CC9899537D4188D1A81232CFEEC232352EDDE5DF2EEE19DA3DA7B27B5ED7B7EB178F1E273179D7FE1A59F2A7EF92C75BEF2EA0ECBBA4A4532D489ECAB9C7D514075505D7C801AA14681B0F8B34923C87F4FCC6B1FB416DE3D1C3EA96D79A57EE3929B3FF5E9CB2FEDBEEC07FFFEA3939A3635AD1D9F5E58716BED15CBBA4A4532D489ECAB9C7D514075505D7C801AA1468178FBB3B9B90F8DD02F3A11E847B3DA8733E43DC4ECCBBB1B4B3EFF855BFFF08FDE9BD6DE6D69EFB5B423D31AD1E7D66DAF58D6552A92A14E645FE5EC8B02AA83EAE203D408350AC49F3FEBBD75F96B6FECDBBEBB5E1BAFBFB4A3FED2CEBD2FBFB6FFA7DB5EFFD9EEB75ED8B1F7C51D6FBEB4F3CDDAAEBDBBF7FDF2917FDD70D7CABB84AB04EAEC04645FE5EC8B02AA83EAE203D408350A84C59F7D608EFBEEBB37C5C09FDF79A76545A52219EA44F655CEBE28A03AA82E3E408D50A34058FCD91184DF48863A917D95B32F0AA80EAA8B0F5023D42810067F76EA7D84DF48863A917D95B32F0AA80EAA8B0F5023D42810167F7618E13792A14E645FE5EC8B02AA83EAE203D408350A84C59FBD87F01BC95027B2AF72F64501D54175F1016A841A05C2E2CFDE45F88D64A813D95739FBA280EAA0BAF80035428D0261F1674D84DF705367A55269341AE1A7910FC8BECAD917055407D5C507A8315C35025FC09F45A1CEC9C9C92F7FF9CBFAEFAEAFB8E20A599A4B645FE5EC8B02AA83EAE203D4188A1A413058FCD9AF107EC3ACCE919191AEAE2EBDA124133D3D3DCD6693735AC301D95739FBA280EAA0BAF8003576AE4610186F7F76EAD43B08BFA1ABB35EAF7FF6B39F350F5A98CBE5D2E97424990D01645FE5EC8B02AA83EAE203D4D8891A4187B0F8B34308BF41AE5B6F6F6F4A7E845F4919239594EC8B427806658C1454C707E199953152F06761C0E2CFDE46F80D5D9D8D46E30FFEE00FAEB9E61AE356BFE4924BB2D96C24990D01645FE5EC8B02AA83EAE203D4D8891A4187B0F8B38311847D47F45D477660814FC7B886636363D75D77DDD5575FAD3797175C7041ABD5E29CD67008E522FBDD08CBF26ECBF0D897B2D91705EF5B9BBD61D1A73B145B944DA8710DA1BAB010550129FB653F24C68DF03847F8B35060F167BF8C20CEEE4F769E635ED8F84BD98E534F7514E7A21F86F93292C6717070F0DA6BAF256F64C9DFF1F1719E390D8DB0AE98634EDD667A668D92FDD0F7A572F64511C17D4AD985F92546A579EE289A9607AAE34128B963696DDC1A3ACA764ED9AA247BFBE6B9F770D50882110B7F666FC528ED1A4564749D45732E1475361A8D72B93C3A3ACA2795E1C3E98AF96A1A280BB317C860FB523CFBA2E0A13ABF75CBB1E6F9558B5FAD4275312494C4791632F37FE9FA74DB08A5625204E96B5F9DAB11F885C59F1D882CF4DD99776A3900FBF1382EE0A4398775B99E4834F9E34AB857CCD89A7D829E62F6EC87B82F645F143C924269524E39351A96F98C6A0CA655A82ECE849235B722659E43A9538E8D986561F6F6CD4DE750630C61F067F38D2843DFA37DBFA7F5E4B28AF112E580A33C9764A8B3F32BF67143E0945CF3841B9614DB5FB5BFD4E1BE907DB1F0BE4FE9DB37BFEAD616B909895DAB9CCE4B74EA124828F9B2E4DD51578EFFB5EFDDB159B36C9CA57DB3378C9EB706D4183D2CFEECAD68E28C869CFF6B9E6993DD590B382E66BC14D9B944933FAE8475C58CED981361C9B5E7740CF795ECEC8B82C77D4A295AF666C7BCBC65DA51693109A88E07A164D9B12D72AC5C94698A74FDB66F766D3B2A1C6A140E8B3FFB05EF38230E7F2FB92D6FFCA5CFE47D46D1E48F2B615D31C774D8B3ECD2FAC4775FC9CEBE28B8DEA78CF230BF4A699AF81D2754171342C9B245516E5274D31BE518EC5B6669DF1CE784AB6AA8311458FCD9FE68C245521E0B5816D3A7ED2BDA67F23E9768F2C795B0AE9871FDDD1267CFA0659A927A370104DE17B22F167EF7A97DCB1601B034269E8261D76AE867273A750924947CB1343E8E52F49C6FDFB267FB6657B5E3BA50631C60F167135106658F6E2F99E7EBD34E6D226DCB3CCE229AFC7125AC2B66D98E7DB3D462C62A8FD0F7A578F645C1EF3EB524DA71479606C4BE566029F20EA88E07A124D15C802CF2A3A8913EC76D75C6F6CDAC6D1E72851A4381C59FED8B268C7DD9271CFFEB389F72C0119F4B34F9E34A5857EC4C2BE09A08B7573D05E03827947D21FBA288E03EB588842E0F9625595EE57D5E501D0F42C99A63A364511763E366DF08A5C5636F4B297704D4289018F933BA9ECC5A747A67E0BA16CB4B3C4E249AFC7125447FC69E084A39F4CC7E58FB42F605C2F53E350BC6B12685E2CF18B50AD5C59F5052466FD3DC96F1AC8074117A4AD43E1DA23EA1C650F0F667F3F37B7907A539D33116735BDD71DABEFD08CEC5D86334F9E30AA72B46DFACDF9D76B2357E27283A7512C323299416C0D27AD81B13FB029E2D55C47A83EAF8D179CA589A204B9963A9807671FADAB57DBFE14A146A0C05167FF626C26F24439DC8BECAD917055407D5C507A8116A14088B3FAB23FC4632D489ECAB9C7D514075505D7C801AA14681B0F8B337107E2319EA44F655CEBE28A03AA82E3E408D50A3403C2E625757D789133BE7E75F47F88A64A813D95739FBA280EAA0BAF80035428D02F1B888E974FAADB77E323FBF07E12B92A14E645FE5EC8B02AA83EAE203D408350AC4E322E6F3F967C746E6B59F23D8E38DFA8F33994C34F9E30AB2AF72F64501D54175F1016A841A05E2E1CF8686860606EE169E6FB9E2F1F243A552299AFC7105D95739FBA280EAA0BAF80035428D02F1F0678D462393F9CC89D6F6796D3782310A85DB464747A3C91F57907D95B32F0AA80EAA8B0F5023D42810EF0F890717E89BD75E43B0C47F56FEB958CC4790B96840F655CEBE28A03AA82E3E408D50A328BCFD59ABD5EAEDFD42ADF6434DDB85A047B3B985BCD99A9CDC1A41E6A201D95739FBA280EAA0BAF80035428DA260FA9145BD5ECF666FA8D747356D1CE116449AE436AE561FE59DB38841F655CEBE28A03AA82E3E408D50A310587F045BABD588408786FE52D37622EC313AFA9D4C265DADFE1BD76C8902D95739FBA280EAA0BAF80035428DD1E363909256AB353050EAEDBDB95CFE8766F3394DDB81989CFC9F4AE59F8AC51585422F99E69727E120FB2A675F14501D54171FA046A831627C0F2257AD564BA53FE9E9F9F51448A5BABB2F29166F2702E5919B1882EC9B512DFBA280EACC407562811ACD408D5CC120BF0000000000F102FE0C00000000205EC09F0100000000C40BF833000000008078017F0600000000102FFE3F2BFB050FC06ED4960000000049454E44AE426082,0);
INSERT INTO `act_ge_bytearray` (`ID_`,`REV_`,`NAME_`,`DEPLOYMENT_ID_`,`BYTES_`,`GENERATED_`) VALUES 
 (0x363032,1,0x44656D6F50726F636573732E62706D6E,0x363031,0x3C3F786D6C2076657273696F6E3D22312E302220656E636F64696E673D225554462D38223F3E0A3C646566696E6974696F6E7320786D6C6E733D22687474703A2F2F7777772E6F6D672E6F72672F737065632F42504D4E2F32303130303532342F4D4F44454C2220786D6C6E733A7873693D22687474703A2F2F7777772E77332E6F72672F323030312F584D4C536368656D612D696E7374616E63652220786D6C6E733A61637469766974693D22687474703A2F2F61637469766974692E6F72672F62706D6E2220786D6C6E733A62706D6E64693D22687474703A2F2F7777772E6F6D672E6F72672F737065632F42504D4E2F32303130303532342F44492220786D6C6E733A6F6D6764633D22687474703A2F2F7777772E6F6D672E6F72672F737065632F44442F32303130303532342F44432220786D6C6E733A6F6D6764693D22687474703A2F2F7777772E6F6D672E6F72672F737065632F44442F32303130303532342F44492220747970654C616E67756167653D22687474703A2F2F7777772E77332E6F72672F323030312F584D4C536368656D61222065787072657373696F6E4C616E67756167653D22687474703A2F2F7777772E77332E6F72672F313939392F585061746822207461726765744E616D6573706163653D22687474703A2F2F7777772E61637469766974692E6F72672F74657374223E0A20203C70726F636573732069643D2270726F636573733122206E616D653D22736D616C6C46696E616E6365223E0A202020203C646F63756D656E746174696F6E3EE5BEAEE59E8BE8B4B7E6ACBEE6B581E7A88B3C2F646F63756D656E746174696F6E3E0A202020203C73746172744576656E742069643D2273746172746576656E743122206E616D653D225374617274223E3C2F73746172744576656E743E0A202020203C757365725461736B2069643D22757365727461736B3122206E616D653D22E5AEA2E688B7E8B083E69FA5223E3C2F757365725461736B3E0A202020203C757365725461736B2069643D22757365727461736B3222206E616D653D22E983A8E995BFE5A48DE6A0B8223E3C2F757365725461736B3E0A202020203C757365725461736B2069643D22757365727461736B3322206E616D653D2241E8A792E8B083E69FA5223E3C2F757365725461736B3E0A202020203C706172616C6C656C476174657761792069643D22706172616C6C656C676174657761793122206E616D653D22506172616C6C656C2047617465776179223E3C2F706172616C6C656C476174657761793E0A202020203C757365725461736B2069643D22757365727461736B3422206E616D653D2242E8A792E8B083E69FA5223E3C2F757365725461736B3E0A202020203C706172616C6C656C476174657761792069643D22706172616C6C656C676174657761793222206E616D653D22E8B083E69FA5E6B187E680BB223E3C2F706172616C6C656C476174657761793E0A202020203C757365725461736B2069643D22757365727461736B3522206E616D653D22E9A38EE68EA7E983A8E5AEA1E6A0B8223E3C2F757365725461736B3E0A202020203C757365725461736B2069643D22757365727461736B3622206E616D653D22E5AE89E68E92E4B88AE4BC9A223E3C2F757365725461736B3E0A202020203C757365725461736B2069643D22757365727461736B3722206E616D653D22E8AF84E5AEA1E4BC9AE8AF84E5AEA1223E3C2F757365725461736B3E0A202020203C757365725461736B2069643D22757365727461736B3822206E616D653D22E7ADBEE59088E5908C223E3C2F757365725461736B3E0A202020203C656E644576656E742069643D22656E646576656E743122206E616D653D22456E64223E3C2F656E644576656E743E0A202020203C73657175656E6365466C6F772069643D22666C6F773122206E616D653D22E68F90E4BAA4E983A8E995BF2220736F757263655265663D22757365727461736B3122207461726765745265663D22757365727461736B32223E3C2F73657175656E6365466C6F773E0A202020203C73657175656E6365466C6F772069643D22666C6F773322206E616D653D22E68F90E4BAA4E9A1B9E79BAE2220736F757263655265663D2273746172746576656E743122207461726765745265663D22757365727461736B31223E3C2F73657175656E6365466C6F773E0A202020203C73657175656E6365466C6F772069643D22666C6F773422206E616D653D22E58886E9858D412C42E8A7922220736F757263655265663D22757365727461736B3222207461726765745265663D22706172616C6C656C6761746577617931223E3C2F73657175656E6365466C6F773E0A202020203C73657175656E6365466C6F772069643D22666C6F773522206E616D653D22E9878DE696B0E8B083E69FA52220736F757263655265663D22757365727461736B3222207461726765745265663D22757365727461736B31223E3C2F73657175656E6365466C6F773E0A202020203C73657175656E6365466C6F772069643D22666C6F773622206E616D653D2241E8A792E8B083E69FA52220736F757263655265663D22706172616C6C656C676174657761793122207461726765745265663D22757365727461736B33223E3C2F73657175656E6365466C6F773E0A202020203C73657175656E6365466C6F772069643D22666C6F773722206E616D653D2242E8A792E8B083E69FA52220736F757263655265663D22706172616C6C656C676174657761793122207461726765745265663D22757365727461736B34223E3C2F73657175656E6365466C6F773E0A202020203C73657175656E6365466C6F772069643D22666C6F773822206E616D653D2242E8A792E8B083E69FA5E7BB93E69D9F2220736F757263655265663D22757365727461736B3422207461726765745265663D22706172616C6C656C6761746577617932223E3C2F73657175656E6365466C6F773E0A202020203C73657175656E6365466C6F772069643D22666C6F773922206E616D653D2241E8A792E8B083E69FA5E7BB93E69D9F2220736F757263655265663D22757365727461736B3322207461726765745265663D22706172616C6C656C6761746577617932223E3C2F73657175656E6365466C6F773E0A202020203C73657175656E6365466C6F772069643D22666C6F77313022206E616D653D22E9A38EE68EA7E983A8E5AEA1E6A0B82220736F757263655265663D22706172616C6C656C676174657761793222207461726765745265663D22757365727461736B35223E3C2F73657175656E6365466C6F773E0A202020203C73657175656E6365466C6F772069643D22666C6F77313122206E616D653D22E68F90E4BAA4E8AF84E5AEA1E4BC9AE8AF84E5AEA12220736F757263655265663D22757365727461736B3522207461726765745265663D22757365727461736B36223E3C2F73657175656E6365466C6F773E0A202020203C73657175656E6365466C6F772069643D22666C6F77313222206E616D653D22E5BC80E4BC9AE8AF84E5AEA12220736F757263655265663D22757365727461736B3622207461726765745265663D22757365727461736B37223E3C2F73657175656E6365466C6F773E0A202020203C73657175656E6365466C6F772069643D22666C6F77313322206E616D653D22E7ADBEE59088E5908C2220736F757263655265663D22757365727461736B3722207461726765745265663D22757365727461736B38223E3C2F73657175656E6365466C6F773E0A202020203C73657175656E6365466C6F772069643D22666C6F77313422206E616D653D22E9A1B9E79BAEE7BB93E69D9F2220736F757263655265663D22757365727461736B3822207461726765745265663D22656E646576656E7431223E3C2F73657175656E6365466C6F773E0A202020203C73657175656E6365466C6F772069643D22666C6F77313522206E616D653D22E9878DE696B0E8B083E69FA52220736F757263655265663D22757365727461736B3722207461726765745265663D22757365727461736B31223E3C2F73657175656E6365466C6F773E0A202020203C73657175656E6365466C6F772069643D22666C6F77313622206E616D653D22E7BB88E6ADA2E9A1B9E79BAE2220736F757263655265663D22757365727461736B3722207461726765745265663D22656E646576656E7431223E3C2F73657175656E6365466C6F773E0A20203C2F70726F636573733E0A20203C62706D6E64693A42504D4E4469616772616D2069643D2242504D4E4469616772616D5F70726F6365737331223E0A202020203C62706D6E64693A42504D4E506C616E652062706D6E456C656D656E743D2270726F6365737331222069643D2242504D4E506C616E655F70726F6365737331223E0A2020202020203C62706D6E64693A42504D4E53686170652062706D6E456C656D656E743D2273746172746576656E7431222069643D2242504D4E53686170655F73746172746576656E7431223E0A20202020202020203C6F6D6764633A426F756E6473206865696768743D223335222077696474683D2233352220783D2233302220793D223530223E3C2F6F6D6764633A426F756E64733E0A2020202020203C2F62706D6E64693A42504D4E53686170653E0A2020202020203C62706D6E64693A42504D4E53686170652062706D6E456C656D656E743D22757365727461736B31222069643D2242504D4E53686170655F757365727461736B31223E0A20202020202020203C6F6D6764633A426F756E6473206865696768743D223535222077696474683D223130352220783D223138302220793D223430223E3C2F6F6D6764633A426F756E64733E0A2020202020203C2F62706D6E64693A42504D4E53686170653E0A2020202020203C62706D6E64693A42504D4E53686170652062706D6E456C656D656E743D22757365727461736B32222069643D2242504D4E53686170655F757365727461736B32223E0A20202020202020203C6F6D6764633A426F756E6473206865696768743D223535222077696474683D223130352220783D223431302220793D223430223E3C2F6F6D6764633A426F756E64733E0A2020202020203C2F62706D6E64693A42504D4E53686170653E0A2020202020203C62706D6E64693A42504D4E53686170652062706D6E456C656D656E743D22757365727461736B33222069643D2242504D4E53686170655F757365727461736B33223E0A20202020202020203C6F6D6764633A426F756E6473206865696768743D223535222077696474683D223130352220783D223438302220793D22313233223E3C2F6F6D6764633A426F756E64733E0A2020202020203C2F62706D6E64693A42504D4E53686170653E0A2020202020203C62706D6E64693A42504D4E53686170652062706D6E456C656D656E743D22706172616C6C656C6761746577617931222069643D2242504D4E53686170655F706172616C6C656C6761746577617931223E0A20202020202020203C6F6D6764633A426F756E6473206865696768743D223430222077696474683D2234302220783D223632302220793D223437223E3C2F6F6D6764633A426F756E64733E0A2020202020203C2F62706D6E64693A42504D4E53686170653E0A2020202020203C62706D6E64693A42504D4E53686170652062706D6E456C656D656E743D22757365727461736B34222069643D2242504D4E53686170655F757365727461736B34223E0A20202020202020203C6F6D6764633A426F756E6473206865696768743D223535222077696474683D223130352220783D223730332220793D22313135223E3C2F6F6D6764633A426F756E64733E0A2020202020203C2F62706D6E64693A42504D4E53686170653E0A2020202020203C62706D6E64693A42504D4E53686170652062706D6E456C656D656E743D22706172616C6C656C6761746577617932222069643D2242504D4E53686170655F706172616C6C656C6761746577617932223E0A20202020202020203C6F6D6764633A426F756E6473206865696768743D223430222077696474683D2234302220783D223634302220793D22323230223E3C2F6F6D6764633A426F756E64733E0A2020202020203C2F62706D6E64693A42504D4E53686170653E0A2020202020203C62706D6E64693A42504D4E53686170652062706D6E456C656D656E743D22757365727461736B35222069643D2242504D4E53686170655F757365727461736B35223E0A20202020202020203C6F6D6764633A426F756E6473206865696768743D223535222077696474683D223130352220783D223630382220793D22323930223E3C2F6F6D6764633A426F756E64733E0A2020202020203C2F62706D6E64693A42504D4E53686170653E0A2020202020203C62706D6E64693A42504D4E53686170652062706D6E456C656D656E743D22757365727461736B36222069643D2242504D4E53686170655F757365727461736B36223E0A20202020202020203C6F6D6764633A426F756E6473206865696768743D223535222077696474683D223130352220783D223339302220793D22323930223E3C2F6F6D6764633A426F756E64733E0A2020202020203C2F62706D6E64693A42504D4E53686170653E0A2020202020203C62706D6E64693A42504D4E53686170652062706D6E456C656D656E743D22757365727461736B37222069643D2242504D4E53686170655F757365727461736B37223E0A20202020202020203C6F6D6764633A426F756E6473206865696768743D223535222077696474683D223130352220783D223138302220793D22323930223E3C2F6F6D6764633A426F756E64733E0A2020202020203C2F62706D6E64693A42504D4E53686170653E0A2020202020203C62706D6E64693A42504D4E53686170652062706D6E456C656D656E743D22757365727461736B38222069643D2242504D4E53686170655F757365727461736B38223E0A20202020202020203C6F6D6764633A426F756E6473206865696768743D223535222077696474683D223130352220783D2231302220793D22323930223E3C2F6F6D6764633A426F756E64733E0A2020202020203C2F62706D6E64693A42504D4E53686170653E0A2020202020203C62706D6E64693A42504D4E53686170652062706D6E456C656D656E743D22656E646576656E7431222069643D2242504D4E53686170655F656E646576656E7431223E0A20202020202020203C6F6D6764633A426F756E6473206865696768743D223335222077696474683D2233352220783D2234352220793D22313433223E3C2F6F6D6764633A426F756E64733E0A2020202020203C2F62706D6E64693A42504D4E53686170653E0A2020202020203C62706D6E64693A42504D4E456467652062706D6E456C656D656E743D22666C6F7731222069643D2242504D4E456467655F666C6F7731223E0A20202020202020203C6F6D6764693A776179706F696E7420783D223238352220793D223637223E3C2F6F6D6764693A776179706F696E743E0A20202020202020203C6F6D6764693A776179706F696E7420783D223431302220793D223637223E3C2F6F6D6764693A776179706F696E743E0A20202020202020203C62706D6E64693A42504D4E4C6162656C3E0A202020202020202020203C6F6D6764633A426F756E6473206865696768743D223134222077696474683D223130302220783D222D33362220793D2234223E3C2F6F6D6764633A426F756E64733E0A20202020202020203C2F62706D6E64693A42504D4E4C6162656C3E0A2020202020203C2F62706D6E64693A42504D4E456467653E0A2020202020203C62706D6E64693A42504D4E456467652062706D6E456C656D656E743D22666C6F7733222069643D2242504D4E456467655F666C6F7733223E0A20202020202020203C6F6D6764693A776179706F696E7420783D2236352220793D223637223E3C2F6F6D6764693A776179706F696E743E0A20202020202020203C6F6D6764693A776179706F696E7420783D223138302220793D223637223E3C2F6F6D6764693A776179706F696E743E0A20202020202020203C62706D6E64693A42504D4E4C6162656C3E0A202020202020202020203C6F6D6764633A426F756E6473206865696768743D223134222077696474683D223130302220783D222D34312220793D2234223E3C2F6F6D6764633A426F756E64733E0A20202020202020203C2F62706D6E64693A42504D4E4C6162656C3E0A2020202020203C2F62706D6E64693A42504D4E456467653E0A2020202020203C62706D6E64693A42504D4E456467652062706D6E456C656D656E743D22666C6F7734222069643D2242504D4E456467655F666C6F7734223E0A20202020202020203C6F6D6764693A776179706F696E7420783D223531352220793D223637223E3C2F6F6D6764693A776179706F696E743E0A20202020202020203C6F6D6764693A776179706F696E7420783D223632302220793D223637223E3C2F6F6D6764693A776179706F696E743E0A20202020202020203C62706D6E64693A42504D4E4C6162656C3E0A202020202020202020203C6F6D6764633A426F756E6473206865696768743D223134222077696474683D223130302220783D222D33372220793D222D3230223E3C2F6F6D6764633A426F756E64733E0A20202020202020203C2F62706D6E64693A42504D4E4C6162656C3E0A2020202020203C2F62706D6E64693A42504D4E456467653E0A2020202020203C62706D6E64693A42504D4E456467652062706D6E456C656D656E743D22666C6F7735222069643D2242504D4E456467655F666C6F7735223E0A20202020202020203C6F6D6764693A776179706F696E7420783D223436322220793D223935223E3C2F6F6D6764693A776179706F696E743E0A20202020202020203C6F6D6764693A776179706F696E7420783D223436302220793D22313236223E3C2F6F6D6764693A776179706F696E743E0A20202020202020203C6F6D6764693A776179706F696E7420783D223233322220793D22313236223E3C2F6F6D6764693A776179706F696E743E0A20202020202020203C6F6D6764693A776179706F696E7420783D223233322220793D223935223E3C2F6F6D6764693A776179706F696E743E0A20202020202020203C62706D6E64693A42504D4E4C6162656C3E0A202020202020202020203C6F6D6764633A426F756E6473206865696768743D223134222077696474683D223130302220783D222D33352220793D222D3136223E3C2F6F6D6764633A426F756E64733E0A20202020202020203C2F62706D6E64693A42504D4E4C6162656C3E0A2020202020203C2F62706D6E64693A42504D4E456467653E0A2020202020203C62706D6E64693A42504D4E456467652062706D6E456C656D656E743D22666C6F7736222069643D2242504D4E456467655F666C6F7736223E0A20202020202020203C6F6D6764693A776179706F696E7420783D223634302220793D223837223E3C2F6F6D6764693A776179706F696E743E0A20202020202020203C6F6D6764693A776179706F696E7420783D223533322220793D22313233223E3C2F6F6D6764693A776179706F696E743E0A20202020202020203C62706D6E64693A42504D4E4C6162656C3E0A202020202020202020203C6F6D6764633A426F756E6473206865696768743D223134222077696474683D223130302220783D222D34392220793D222D3135223E3C2F6F6D6764633A426F756E64733E0A20202020202020203C2F62706D6E64693A42504D4E4C6162656C3E0A2020202020203C2F62706D6E64693A42504D4E456467653E0A2020202020203C62706D6E64693A42504D4E456467652062706D6E456C656D656E743D22666C6F7737222069643D2242504D4E456467655F666C6F7737223E0A20202020202020203C6F6D6764693A776179706F696E7420783D223634302220793D223837223E3C2F6F6D6764693A776179706F696E743E0A20202020202020203C6F6D6764693A776179706F696E7420783D223735352220793D22313135223E3C2F6F6D6764693A776179706F696E743E0A20202020202020203C62706D6E64693A42504D4E4C6162656C3E0A202020202020202020203C6F6D6764633A426F756E6473206865696768743D223134222077696474683D223130302220783D2231302220793D222D3130223E3C2F6F6D6764633A426F756E64733E0A20202020202020203C2F62706D6E64693A42504D4E4C6162656C3E0A2020202020203C2F62706D6E64693A42504D4E456467653E0A2020202020203C62706D6E64693A42504D4E456467652062706D6E456C656D656E743D22666C6F7738222069643D2242504D4E456467655F666C6F7738223E0A20202020202020203C6F6D6764693A776179706F696E7420783D223735352220793D22313730223E3C2F6F6D6764693A776179706F696E743E0A20202020202020203C6F6D6764693A776179706F696E7420783D223636302220793D22323230223E3C2F6F6D6764693A776179706F696E743E0A20202020202020203C62706D6E64693A42504D4E4C6162656C3E0A202020202020202020203C6F6D6764633A426F756E6473206865696768743D223134222077696474683D223130302220783D2231302220793D2230223E3C2F6F6D6764633A426F756E64733E0A20202020202020203C2F62706D6E64693A42504D4E4C6162656C3E0A2020202020203C2F62706D6E64693A42504D4E456467653E0A2020202020203C62706D6E64693A42504D4E456467652062706D6E456C656D656E743D22666C6F7739222069643D2242504D4E456467655F666C6F7739223E0A20202020202020203C6F6D6764693A776179706F696E7420783D223533322220793D22313738223E3C2F6F6D6764693A776179706F696E743E0A20202020202020203C6F6D6764693A776179706F696E7420783D223636302220793D22323230223E3C2F6F6D6764693A776179706F696E743E0A20202020202020203C62706D6E64693A42504D4E4C6162656C3E0A202020202020202020203C6F6D6764633A426F756E6473206865696768743D223134222077696474683D223130302220783D222D38352220793D222D37223E3C2F6F6D6764633A426F756E64733E0A20202020202020203C2F62706D6E64693A42504D4E4C6162656C3E0A2020202020203C2F62706D6E64693A42504D4E456467653E0A2020202020203C62706D6E64693A42504D4E456467652062706D6E456C656D656E743D22666C6F773130222069643D2242504D4E456467655F666C6F773130223E0A20202020202020203C6F6D6764693A776179706F696E7420783D223636302220793D22323630223E3C2F6F6D6764693A776179706F696E743E0A20202020202020203C6F6D6764693A776179706F696E7420783D223636302220793D22323930223E3C2F6F6D6764693A776179706F696E743E0A20202020202020203C62706D6E64693A42504D4E4C6162656C3E0A202020202020202020203C6F6D6764633A426F756E6473206865696768743D223134222077696474683D223130302220783D2231302220793D222D3135223E3C2F6F6D6764633A426F756E64733E0A20202020202020203C2F62706D6E64693A42504D4E4C6162656C3E0A2020202020203C2F62706D6E64693A42504D4E456467653E0A2020202020203C62706D6E64693A42504D4E456467652062706D6E456C656D656E743D22666C6F773131222069643D2242504D4E456467655F666C6F773131223E0A20202020202020203C6F6D6764693A776179706F696E7420783D223630382220793D22333137223E3C2F6F6D6764693A776179706F696E743E0A20202020202020203C6F6D6764693A776179706F696E7420783D223439352220793D22333137223E3C2F6F6D6764693A776179706F696E743E0A20202020202020203C62706D6E64693A42504D4E4C6162656C3E0A202020202020202020203C6F6D6764633A426F756E6473206865696768743D223134222077696474683D223130302220783D222D34322220793D222D3237223E3C2F6F6D6764633A426F756E64733E0A20202020202020203C2F62706D6E64693A42504D4E4C6162656C3E0A2020202020203C2F62706D6E64693A42504D4E456467653E0A2020202020203C62706D6E64693A42504D4E456467652062706D6E456C656D656E743D22666C6F773132222069643D2242504D4E456467655F666C6F773132223E0A20202020202020203C6F6D6764693A776179706F696E7420783D223339302220793D22333137223E3C2F6F6D6764693A776179706F696E743E0A20202020202020203C6F6D6764693A776179706F696E7420783D223238352220793D22333137223E3C2F6F6D6764693A776179706F696E743E0A20202020202020203C62706D6E64693A42504D4E4C6162656C3E0A202020202020202020203C6F6D6764633A426F756E6473206865696768743D223134222077696474683D223130302220783D222D33372220793D222D3237223E3C2F6F6D6764633A426F756E64733E0A20202020202020203C2F62706D6E64693A42504D4E4C6162656C3E0A2020202020203C2F62706D6E64693A42504D4E456467653E0A2020202020203C62706D6E64693A42504D4E456467652062706D6E456C656D656E743D22666C6F773133222069643D2242504D4E456467655F666C6F773133223E0A20202020202020203C6F6D6764693A776179706F696E7420783D223138302220793D22333137223E3C2F6F6D6764693A776179706F696E743E0A20202020202020203C6F6D6764693A776179706F696E7420783D223131352220793D22333137223E3C2F6F6D6764693A776179706F696E743E0A20202020202020203C62706D6E64693A42504D4E4C6162656C3E0A202020202020202020203C6F6D6764633A426F756E6473206865696768743D223134222077696474683D223130302220783D222D31372220793D222D3237223E3C2F6F6D6764633A426F756E64733E0A20202020202020203C2F62706D6E64693A42504D4E4C6162656C3E0A2020202020203C2F62706D6E64693A42504D4E456467653E0A2020202020203C62706D6E64693A42504D4E456467652062706D6E456C656D656E743D22666C6F773134222069643D2242504D4E456467655F666C6F773134223E0A20202020202020203C6F6D6764693A776179706F696E7420783D2236322220793D22323930223E3C2F6F6D6764693A776179706F696E743E0A20202020202020203C6F6D6764693A776179706F696E7420783D2236322220793D22313738223E3C2F6F6D6764693A776179706F696E743E0A20202020202020203C62706D6E64693A42504D4E4C6162656C3E0A202020202020202020203C6F6D6764633A426F756E6473206865696768743D223134222077696474683D223130302220783D2231302220793D2230223E3C2F6F6D6764633A426F756E64733E0A20202020202020203C2F62706D6E64693A42504D4E4C6162656C3E0A2020202020203C2F62706D6E64693A42504D4E456467653E0A2020202020203C62706D6E64693A42504D4E456467652062706D6E456C656D656E743D22666C6F773135222069643D2242504D4E456467655F666C6F773135223E0A20202020202020203C6F6D6764693A776179706F696E7420783D223233322220793D22323930223E3C2F6F6D6764693A776179706F696E743E0A20202020202020203C6F6D6764693A776179706F696E7420783D223233322220793D223935223E3C2F6F6D6764693A776179706F696E743E0A20202020202020203C62706D6E64693A42504D4E4C6162656C3E0A202020202020202020203C6F6D6764633A426F756E6473206865696768743D223134222077696474683D223130302220783D2231302220793D2230223E3C2F6F6D6764633A426F756E64733E0A20202020202020203C2F62706D6E64693A42504D4E4C6162656C3E0A2020202020203C2F62706D6E64693A42504D4E456467653E0A2020202020203C62706D6E64693A42504D4E456467652062706D6E456C656D656E743D22666C6F773136222069643D2242504D4E456467655F666C6F773136223E0A20202020202020203C6F6D6764693A776179706F696E7420783D223233322220793D22323930223E3C2F6F6D6764693A776179706F696E743E0A20202020202020203C6F6D6764693A776179706F696E7420783D2236322220793D22313738223E3C2F6F6D6764693A776179706F696E743E0A20202020202020203C62706D6E64693A42504D4E4C6162656C3E0A202020202020202020203C6F6D6764633A426F756E6473206865696768743D223134222077696474683D223130302220783D222D32372220793D222D3431223E3C2F6F6D6764633A426F756E64733E0A20202020202020203C2F62706D6E64693A42504D4E4C6162656C3E0A2020202020203C2F62706D6E64693A42504D4E456467653E0A202020203C2F62706D6E64693A42504D4E506C616E653E0A20203C2F62706D6E64693A42504D4E4469616772616D3E0A3C2F646566696E6974696F6E733E,0),
 (0x363033,1,0x44656D6F50726F636573732E706E67,0x363031,0x89504E470D0A1A0A0000000D49484452000003350000015E08020000003322A60B0000473249444154789CED9D7F8C1CE57DFFB760E020100E35C1C7EF4D5AC4B62978BF2192D754AD0FAAE2ADD4866D8BF0267F385B21CC4550726A517A6D6A5FD5E09EAA249C9B045D5A30AB46B48B22D39302E61A6CB20543B6C6D8671CC3629FC33AC664C1188EFA6CAFEF876FBECFEDD8C3787E3CF3CCEC3CF3CC33CFFBA58F4FE3D9F9FD79CFF379EFB3BBCFA4340000000000102752A20F0000000000009C05FC190000000040BC803F03000000008817F0670000000000F102FE0C00000000205EC09F0100000000C40BF833000000008078017F0600000000102FE0CF0000000000E205FC190000000040BC803F03000000008817F0670000000000F102FE0C00000000205EC09F0100000000C40BF833000000008078017F0600000000102FE0CF0000000000E205FC190000000040BC803F03000000008817F0670000000000F102FE0C00000000205EC09F0100000000C40BF833000000008078017F0600000000102FE0CF0000000000E205FC190000000040BC803F03000000008817F0670000000000F102FE0C00000000205EC09F0100000000C40BF833000000008078017F0600000000102FE0CF0000000000E205FC190000000040BC803F03000000008817F0670000000000F102FE0C00000000205EC09F0100000000C40BF833000000008078017F067CD06AB52A954AB158ECEDED4DA7D3295521E74EAE40A1502897CB939393A2D3025C816275A05800A403FE0CB0323636465A7952EA9E78E289CD5BB64CECDF3F333BAB669073275760E3C68DAB56AD22D784D43CD1C9010E40B1502C00F2027F06BC216FB84BA5D28A152B0EBE7D70667606618EC3EF1F26358F5C9C66B3293A51E034502C140B80ECC09F010F48A9CB66B38F6D787466761AE1164F3FF3F4D2A54B1B8D86E8740128168A052009C09F010F4AA552BBD49D44D063F396E7962FFF7DD1E902502C140B4012803F0334C6C6C656ACB87D76AE856089AFFFCD83EBD67D5374D294068A8562014806F067C09556AB954EA7DF3ED4989D3B816089A9631F2E597253BD5E179D3A458162A158001203FC1970A55C2E974AA5D9B9E346DC9AFF63C6DFF39BD7522AD6ADFBC7818101D1A9531428168A052031C09F01570A85C2C6A79EFCB8D4DDBEE2579A76E094B66F567B7D5ADB35AD6D9F9A1B7EEAF99F1CFA68DB8CF6BF2D6D5B4BDB7A5C7BEEA4F62F5B77AFEEBB5778E11112AFEEA865B359D1A95314283662C5125FEB381D0111EF8E07FAAF8C311C1D70437A89037E6432993D7B76CECE1DD3833488539A766C5EFB684EFB60463BAE697FF5776B53E75C9CBBBD7068563B38AD1D3CA9355ADAC49CF6A39FED6A77481C5330A68E1DE9EAEA129D3A45816223562CC59F3976529AE7779268C7ED77B8C18821B66CF9F2E58F6DD8D0DBDB0B8B061C11ACE956AB353A3A3A383848DEF8F69E219FCF9339954A05AA154B7777F7FB470ECDCE4DE9415AC0E3A7B4E9530B2FCDCD2FFCFDF1A6FFBEF2377EE71B0F7D7B4ED38ECE691FCD6A1FCC6A2467CFBDF25ABBDA4DA919D2958AC400C546A958FB5A6E733C977C7675EA96F5130EFB98587F8BC981AD7ED6C7AEE38C6ECEB6BFBA6366768EFC8545038E08D334B165C48791F76DC4991137B671E3539BB73CAFC7D3CF6C5AB3666DB15824AD6D2E97C350D7A26857ACA34690FF1E9BD38E9CD0664E9D5E80B4290F7FEF07DFFCD6F70EBEB330D0E5ECBC36D3AE822FBFBACBB2AE522157A94812506C948AA59B24B7FE33877589095BBD9EFC7B56B3415EFAD8B89D76714932677AC0A2014704C87A7C7C5C7F121CF1618640DD62EB4B2FAF5AF5956C365BAD56A33F54C56957ACFF3362A1DA9DD20E1FD7DE9DD266356D667A3A73C30DA9D4B9A954D79D5F5A655E71FB8E9D9675950AB9AA459280622353ACDB2AC67C73CF99BD17CD3C4D6C17B166138E06CDE2CFCE4C3B9A3F293EE5B49B335834E046D46A1E1A1A22666BF396E73D9D9945BB44D37D7D7DAD562BE203569976C5FAC808FDD3A22327B4778E6AEF9DD4B6EFF9C5E2C58BCF5D74FE85977EAAF8E5B3AADD2BAFEEB0ACAB54C4BF48241528361AC55ABE4966B1479E7FCF3652BA3DB358B1339CFDF9A6F101A79BD58BF9ADE766CE60D18023D1A99958AB62B1383030E0CB9999E3FB8F3C42E48B67C64546BB624D1A41FE7B625EFBA0B5D01B71F8A4B6E595FA8D4B6EFED4A72FBFB4FBB21FFCFB8F4E6ADAD4B4767C7A61C5ADB5572CEB2A15312F1209068A8D5EB114ABE4F85FCBBECCAEEC8C537379D9F42D3519FBCFE8E60C160DD88948CDC49CE572B94AA512D89C191F7792EDE09971D1401ABBB9B90F8DD0DB3E52F03E9AD53E9CD1DE393AFBF2EEC692CF7FE1D63FFCA3F7A6B5775BDA7B2DEDC8B446EADDD66DAF58D6552AE25C24920D141BBD62D9BBB29CFC19B15C6763E9423BBB53CD3070D2F59FB19833583460212235178BC5CECD99215F62D1F0416704582A56EFADCB5F7B63DFF6DDF5DA78FDA51DF59776EE7DF9B5FD3FDDF6FACF76BFF5C28EBD2FEE78F3A59D6FD676EDDDBDEF978FFCEB86BB56DE25BCEAC858ED402740B1112BD6B2A2BDC3CCEDD3CFD3587BCC6C9F715AFBCF4E2F2D57FF99A3395BB366AD11B068C09128D43C3434D4C9C79AF6D8B8F1A942A110C1912B4EBBDA7D608EFBEEBB97D2321AFCF99D775A56542AE2592454008A8D58B1747FE6B8B0E9AFD34F024E7B30D397D24C69721C5F83BE53E1B8F59C99E5875E34E00877358F8F8F67B3D910CD991EAB57DF3B3232C2FBE015A75DED8E20FC460C8B842240B1512AD6CD8119D38E9D5B29874F391D7876B5D3701B2E3BA21C9258281F6BD2FD192C1AD022F067C49CB17CE8EE370EBE7DE8BAEBD2F894932B0BD5EED4FB08BF11B722A10E506C648A75B4626E0B58E6D817B631B17EBDAB3D735B9761B39142FFCE99A73F8345037CD53C3A3A5A28144237677A3CF0C0D7868787B91EBFE2B4ABDD6184DF885591500A28168A8D099E3F0860F167B0688AC3F7B624C2F23BD499AF2EB49E9E1EAEC7AF38ED6AF71EC26FA0DA89028A8562E300CBAF3519FD192C9ACA70BC2D899EBABBBB3999333D962E5D5AABD5F89D82E2B4ABDDBB08BF816A270A28168A150EE3501AECFE0C164D5938DE96E572B9542A71F5670FAD5B373030C0EF1454A052A9B88D27D7AE764D84DF40B5E30A140BC50A81223C03F671CE7CF933583435E1785BF6F5F58D8C8C70F5679BB73C4F24CBEF1412CFDEBD7BF506E2924B2ED9B871A3E555543B54BBB801C542B142A00B4F87DD9C05F067B0680AC2F1B6CCE7F32C4F40EF2426F6EFBFEEBA34BF53483CAD56EB9C73CED1DB88F3CE3BEF739FFB9CF90D62BBDAFD0AE13750EDF801C542B142A00B4FF369CE82F9335834D5E0785B721A59C31C47A78E757575F13B0515E8E9E931B714175E78E1DD77DFAD0F5C42FE7BEAD43B08BF816AC71528168A150245786EE66CCD9AB5A9CEC0D3055486E36D49D47CF0ED435CFD99FE2E8488B5C37B00B871EAD42184DF484193E2109E7D192305C5760631678E2315F0F06733F8628F3270F467994CE6E77BF644E0CFF89D820A5C7AE9A5465B506843EEFC7ABDAE9DEE8D781BE137A049AE40B150AC1028C21B1F1F2716EDF0FB4722F067642F64BF648FA2AF07E00EC7DB92EBE0677AE0FB671D323939A9B702C44CDF73CF3DE46FA552315E6D57BB835C8365178ECB98673AB66BC1F615D64909CC69B211A8D8C05AB52CE0869BB6A1D83840179EE662D142F76730674AC1F1B62C954A8F6DD8C0D59F6D7DE9E5A54B97F23B85C473E0C081AEAEAE7C3E9F4EA70706062CDF6968D7865F861B9EED91DB5A9499F657F539C1F615CA398A4A68E2895EB1762159E650846A5980F1F0E8DB84628540179E8E5B2F9ADB273F068CF50EE64C3538DE96C3C3C30F3CF035AEFE8CF8BF55ABBEC2EF1454607474B45C2E3B8EEBC3C99F51AA8EA59831FA2AFB361D2B9CF92FAA9DBC44AC585F3236CF7713A1A7A4294B42B102A108CF80DDA2F9F56730670AC2F1B6243A266F35B8FAB3152B568C8D8D053BBCD4D90FEB35A02C49DF9A9D6007161FDAF5E000A770AA3DD605DC56749C63DE8E791963DA3EC1EFD438A5C398E850B18C920E709062E19459BB9CDCB4E42666BAAACD5BB36C81B756B92A564D182D9A39D73067C011BEB725D79F081C9D3AD6DDDDADFFBC3900E66A679FE9B6B065A6BD40DA97B41B114A658D150BB561BEC123EC5B6699639E7FBA869DBDA465C2BC8C65839697423F3B4EE9B04C683E15AB39793B3741DAFF0BC5DA05C6285A8BF0EC386EC44DBDB2285659582C9A39FB3067C011BEB725D78F38BFFD9DEF908D073EB614B537C2AD19B52FE6B84DCF9994F9F1A15D12DE0A3DF4CD9A37EEB823B7BD1BF3CD134E05EF2D9657399D20A774181381154BDF2C6577E19F0F077864D6ED7A7A2AD04D8D74A99B372EBB6255C6D3A299934B3767575E79E50F7FF843D1270404C0F7B66CB55AE9749AC7286847A78E5D775DBAD96C06382A4AE9F2DB4EA5A8D591BECDF8B789EDAAF00B7E61AA3DB4579DAADDE9052C13E6751DA7DDE6847E5EA1272274C51AD36E42B5EF2BFEF0CEAC5D42963D5234495735E5A6F0DC660C150B089B366DA2583473F6E93D67A3A3A3B95C6E606020F087454052B8DF96954AE5AE952BE3D679A6317F9B875E0BDD6A1B65FB947DC58D763DD81F6E9C5D933C66BA6DC171C2BC05B78DDBF7C22338653614C56A2EB68CBE1D59E09459BB78EC2274132745C06E2F39DE055C452B63AE634EB55ACD66B3945E34B3A2583ED61C1A1A221BACD56A62CF0B444914B7E517EFB863E3C6A74234673FDFB367C9922547A78E7572542C4D9267D14AD9FC196522C00188A55D122678848B67B22EE3B911F384FDAFDB76F89D97B17D4EE908B08CC5AE39A2B1BD9D30168E2D9C326B9793457B94255994EFB811F37C4915AB2CC3C3C3C62398DC2C9A39FB9EE64CA75EAFA3234D29A2B82D894C972E5D1AD60F05887089399BD8BFBFC3A3325726C70A94B2F52BB8CD619CB01F4087A7C09B7655D8C723EC5BB6CC61D9F59902B6CFF86B99635ECC560EB99C97B1474EE9E85CB18E9BB54CD0E7C7194E99B5C8C92236FB92C67C47557B4ADDBE80A48A551052EC0A85427F7FBF79A6DBD0B546B098330374A4A94344B72531FEC4A21153D5B939FBE21D773CFDCCA64E0EC652D58C9994E5DD1660F4676E74721611C0D59FD13D13CBAEDDAA20E3EA1255BB70156B5120FC995FB95204E6A864477D3ACADEAE5E8AC8E3AC5835D1FBB7464747ED2FB18F8BC6F26B4D74A4294274B72511DC92254BB6BEF472271F6B1293D7A1393348D97A1D289E8932DFADC87996B7F8B789E408E7E7F7F208FB96CD737CEDD7B2B09147F3B41BFCCE8E533ACC1381156B99F6F46794ADC50D4E39B58BD36D47F40370149E7DA659BDEC1B8FA1629542FF16BFFE384E47582C9AAFA134D091967822BD2D2727278940D7AC59CBF8040C238E4E1DFBF677BEA37F481AD6C1D8AB1D7D49FB026E7328758E657E7C68D78337117E23327F465FD27101477FE6E8F3E8EE2D9E40B1B152AC3AF4F7F7170A05C7873E99A15BB400E39CA1232DD9447D5B1219117F76C30D19E2B788EB6231678F6DD840967FE081AF11F98678242CD5CE52B728DD159A53E533AFE548E767C19576B5AB23FC86407FE6A958BB0229EF1F1CD7EDEC24F802C5C64AB12A403C193155C3C3C38CCBBB59B44E06A145475A5211735B369B4DF286A3BBBBFB8B77DC41ECD7F6577758C44AE63CF1C47FDCB572255966D5AAAFD01F7916004B71722C5A1DD62DCF8E87F8B789ED6AF706C26FF0C86C588AB5BF8B90579F76A0D8F8285605889D22C6A85AADFA5DCB62D13A7F42003AD21289C8DB9228697474B4542A2D59B2C4526FC81C62CE2A958A678F31E0475757D789133BE7E75F47F80A543B5140B1506C648C8C8C104B14ACEFC06CD1427C7CD3D0D010FD3B70402E705B0257D2E9F45B6FFD647E7E0FC257A0DA89028A856223A0D56AF5B5E9A4B34AB76813FBF787FB6C4DBD4B8F18B5B036080482DB12B892CFE79F1D1B99D77E8E608F37EA3FCE6432A253A728502C14CB9B66B3491CD5C8C848E79B225E8ABCA308FDC1E7C4350E0C0CA0232D01C09F0157C89BB08181BB85D70FB9E2F1F243A5524974EA14058A8562B952AD56899795E29BF8E420D191263BF067C09546A391C97CE6446BFBBCB61BC11885C26D8E035482088062A5532CFDA355FB8F91EDBF8CF1B5C14E303FB5490AA2E948932883D2810B01680C2ED037AFBD866089FFACFC73B198179D34A58162E552AC67C1A6FC10DEF1B7CC2C0EC02FC4E8148B45CB539B648177479A1419941475CF1CB0401AA6DEDE2FD46A3FD4B45D087A349B5B3299CF4C4E6E159D34A5816263ABD86757A76E593F619E43A9E576EC65DEB270CA345E4C8845BD5EAF137F53A954C2DA60F484D09136B1FE1693615AFDECE9D95264505E70098007EDE6E9867A7D54D3C6116E414A1DB105D5EAA3A2D305A0D8582A9614F8D5EBC9BF3395DD5F69D76C7D2D96E53D6B7F303C9FDA24111D75A491F47D6CAE4F3B6D29322835AA9F3F60A17D63DF3034F4979AB613618FD1D1EF6432E96AF5DF44270A9C068A8D9B62494927D66CC26CD0189EAD6299769CB07C046699EEA4C60F0E0EB23CB549228277A459FCD999E998675076D43D73E08BF68D5DEAEDBDB95CFE8766F3394DDB81989CFC9F4AE59F8AC51585422F99169D227016506C9C14ABDB334B99A73D13CF3E4D31019EAFFA457F6A13F16781B710678274A49DFDF9A6F101676C33980C543F7FE08B6AB55A2AFD494FCFAF3BDE4BAAD1DD7D49B1783B2978A2D3025C8162CD8852ACD9959D716A0B500ED55837E5FE6997E36294398C047B6A935C181D69CD66936905A7CF37B5B8663031A87EFE40527EF3377F53F42100005820E5FC6C4C9F8E190B794EA7BCBEBD44B108EC542A95C04F6D928E5AAD96C964CAE5B2F7A267777C1A263B86194C12AA9F3F9091C71F7F9CDCBA070E1C107D2000002FCC3D660B7C5CEA03F4BED8FF5A16A3CCA1A33FB5A9582C2AF588F1C9C9C952A994CFE73D3AD2ACFD67A7331AAB0C260FD5CF1FC8C8A2458BC8AD7BD34D37893E10009848D277CCFD72F64F02DA9CA9EF8CBD2F968ACEA3F725C4A736C9C8D8D89847471AC3F81A62339848543F7F201D7FF6677FA6DFBAE79C73CE934F3E29FA7000F04691CFCBFCC258DDED33DDE60443FFBEBC144F6DE2076B47DAD9C4248349055707C8C4810307CCEFAE2EBAE822D147048037A13F033B01B8D566C78E13CB1C4B1F0C1DFA610C0F0FFBF89A7CD2F1EE483311930C261875CF1CC8C815575C61BE6FCF3DF7DCBBEFBE5BF44101E041B27F0C2829523FB5891FC13AD2000FE0CF8034583ACF0C8BA6F2977B8014087C003970A4D168E47239A99FDAC4155F1D698013F067401A56AD5AA57BB20B2EB8C0F067647A787858F4A1014003752E5610BB9CCD66F1A1331D74A40907FE0C48C3F7BFFFFD5FFBB55F5BB46811F99B6AFF3E4007FE0CC41C48343E24EFA94D5C41479A40E0CF804C3CF9E4935BB76ED5CE7CDB944CE3279C20FE24F5494172413C197166C8855F8C8E3498DA88813F0352A2F28F7A8074E04BE8C2D19FDA842F020646EF48237F451F8842A0C80129813F0312512A95441F82D228F5D4267E349BCD7C3E4FC46CE948FBEE77BFFBE0830F8A3AAA04832207A404FE0C4844A150107D08EAD2DFDFAFDA539BB8522E97CD1D69C4AB91D6F8B2CB2E1B1818107B60C903450E4809FC199088DEDE5ED187A022CD663397CBE1C719A163EE487BF8E187F59FD2138B862FA8850B8A1C9012F8332011D96C56F42128079EDAC41BBD23ADA7A747F767975F7EF9FDF7DF2FFAA012058A1C9012F8332011E9745AF421A8C5C8C8486F6F2F06EEE2CD5FFCC55F98470BBFE28A2B30AA5C88A0C80129216D81CA5F28A13C9CCED1B91ACFB973DC02E53977F0C1A1D0DDDD2DFA1054417F6A535F5F9FCAED43343CF8E0839606E4FCF3CFBFF9E69B451F577240E30BA484B4054AFD1A8BE581C1F665ECCB1BD36EC6CED1B779EE1A50989C9C843F8B063CB5294A0606064883D0D3D393C964962D5BF6894F7CE2C20B2FBCFAEAAB31986D58A0B5055242DA05653BD2D94D126549BB51B32C6CEE72832DEB047DE42DD147917CAAD52A9EDA143DC413932B3F3838582A958851236DC535D75C23FAA012029A5D2025A415208D82E8A38808C63E2D7B3F99A73FB374B6595E759C007E191D1DC5F81AE1F2E0830F5A3A69883FE8EDEDC5EF078563FCB453F4812401B4B9404A885D50AA17DDD13C69D44E2FCDF635354733679970FB3CD4FE126064B08DE8A3480EF7DD771FD1E105175CA07FC30C4F6D8A0F2423954AA5582C12AF9C4EA73DDF58261572EEE40A10599222D5C97B06B4B6404AC83DA0D45B344A5BE0B680E6F2B300CA06E9BB8BEE6C93452E97C3280F61B16DDB365D8D37DE78E3E8E868BD5E2797174F6D8A03636363C4971073F6C4134F6CDEB26562FFFE99D95935839C3BB9021B376E5CB56A15B92681BB12D0E60229210D742693117D14D1E1E8B134A78F1DEDAFBAF933C65DB8CD012C341A0D0CAE1122D75E7BADEECF3EF1894F5C73CD35C4A5118B26FAA054477F80FA8A152B0EBE7D70667606618EC3EF1F262E8D5C9C00A3BDA0CD0552421A68A5BE0BECD97F665F4663F067F68529BB8BE44493C6F0F0301E8E1E16EBD7AFB768925834751A817842CC19698A1FDBF0E8CCEC34C22D9E7EE6E9A54B97FA1D73006D2E9012D2342B5BF9E856C957FF99A78D63DC2970A4D56AA5D3698C921A0AC40774757599CD594F4FCF9D77DE89DF5E88A5542AB5CDD949043D366F796EF9F2DFF7756DD1E6022949B5C7A755A7F831F69F51FE9AB7A3A1FF2C12868686F0D0E8B0203EECC20B2FBCFEFAEB2FBEF8E2DFFDDDDFCD66B3E4F6CFE7F3F8CDA640C6C6C656ACB87D76AE856089AFFFCD83EBD67D93FDF2A2CD0552A2DB856AB5AAE093A71DAD92A563CC71C26D2665B32030A47411F720FA2892432E972312EDEEEE5EB972E5E0E020B9F7951AA13A86E8EF90DF3ED4989D3B816089A9631F2E597213FB3726D122032931CC0469A913FF2927A5F3CCDE8516E0C34A4B2F1AE3BE00855AAD86E1B842845881BE36786A537C2897CBA5526976EEB811B7E6FFD8B301D131AFA554AC5BF78FEC7DEA686D8194988D02913B3EE600F16168682897CB7112248698D2096B8829101872F1373EF5E4C7E6ECF615BFD2B403A7B47DB3DAEBD3DAAE696DFBD4DCF053CFFFE4D047DB66B4FF6D69DB5ADAD6E3DA7327B57FD9BA7B75DFBDC2AD92907875478DFD6922F067404A526777E4E843EF0C0E0E2AF2753410438873225E2193C9F0FBCE1986980A7D8829101822F53D7B76CECE1DD383B4C9539A766C5EFB684EFB60463BAE697FF5776B53E75C9CBBBD7068563B38AD1D3CA9355ADAC49CF6A39FED4A2D74A11D5330A68E1DE9EAEA62BCC2F067404A52B60FDAC87B68E2CFF4AF0CEB5F4F11715C40396AB5DAF0F030F14C447BA55289D3705C18628AD310532030DDDDDDEF1F39343B37A50769938F9FD2A64F2DBC3437BFF0F7C79BFEFBCADFF89D6F3CF4ED394D3B3AA77D34AB7D30AB4D6ADA73AFBCD6F667536A86BD78B9017F06A4C44DE2AD566B6C6C4C7F189FB08F5E804AE472B9FEFEFE4AA5C2CF1C6088297E434C81C0A4163CD65123C87F8FCD69474E6833A74E2F4074FBF0F77EF0CD6F7DEFE03B0BB7C6ECBC36D3F66D2FBFBACBB2AE5291823F03C9865DE200C80E8698E237C414084CDB63FD9F110BFEEC9476F8B8F6EE9436AB6933D3D3991B6E48A5CE4DA5BAEEFCD22AF38ADB77ECB4ACAB54C09F8184037F061401434C711D620A04A6EDB13E3222D5FE7CF3C809ED9DA3DA7B27B5ED7B7EB178F1E273179D7FE1A59F2A7EF92C7FF6CAAB3B2CEB2A15F06720E1C09F0115C01053BC87980281697BAC4923C87F4FCC6B1FB416FACF0E9FD4B6BC52BF71C9CD9FFAF4E597765FF6837FFFD1494D9B9AD68E4F2FACB8B5F68A655DA502FE0C241CF833A00218622A40F81A620A0486686C6EEE4323F4369958B48F66B50F67B4778ECEBEBCBBB1E4F35FB8F50FFFE8BD69EDDD96F65E4B3B32AD1187B675DB2B9675950AF8339070E0CF800A6088A900E16B882910188BC7EABD75F96B6FECDBBEBB5E1BAFBFB4A3FED2CEBD2FBFB6FFA7DB5EFFD9EEB75ED8B1F7C51D6FBEB4F3CDDAAEBDBBF7FDF2917FDD70D7CABB84FB24F83300B8007F065400434CF11E620A04A6EDCF3E30C77DF7DDCBD2B3FBE777DE695951A9803F030907FE0CA8008698E23DC414084CDB9F1D41F80DF8339070D0FE0215C01053BC8798028159F067A7DE47F80DF8339070D0FE0215C01053BC8798028169FBB3C308BF017F06120EDA5FA00218628AF7105320306D7FF61EC26FC09F818483F617A8008698E23DC414084CDB9FBD8BF01BF06720E1A0FD052A8021A6780F610002D3F6674D84DF803F030907ED2F50010C31057F165BE0CFE0CF007000ED2F50010C31C57B88291098B63FFB15C26FC09F818483F617A8008698E23DC414080CB9C8A74EBD83F01BF06720E1A0FD052A8021A6780F310502D3F66787107E2399FEACD56A8D8E8E0E0E0E160A85DE33E4F37932A75C2E379B4DD10708A203ED2F50010C31C57B88291098B63F7B1BE13792E6CF882D239ECCF32B17D96C76646484D838D1C70BB883F617A8008698E23DC414084CDB9F1D8C3EE8FB35BFEAE813FC6E90C7F1B35E61AEF9EB9C6AB59ACBE558BE0F6B904EA7899F137DE0802F687F810AA430C414E721A64060DAB6E697D18793E5B22E6099B0BCE4E922781F3FEB15E69ABF4E68B55AA552C972D5B2D9ECD7BFFE371B373EB579CBF346AC59B376C58A1596250B85C2E4E4A4E89300BC40FB0B542085210C380F610002C3D7C7EC1B5C662AE8F76CB27A2FBB1B73744274C766D835FA76E0CFCEA2D96C5ABACD1E78E06B13FBF7CFCCCEB9C5E1F78F7CFF91477A7A7ACC1D69E3E3E3A24F057001ED2F5001F833F8B3D8D236340778C5BEB5CB96ADDD77FABFE57B529F1FDE77C0BE47FA31E8AF9A7AC5CE5ADE98B64F700DB9FD59A3D120D6CAB8A6F97C9EEECC2C2E6DCD9AB5C6BA5D5D5DB55A4DF40981F041FB0B54208521A6380F310502B3E066E61BBC62A2EDCF4EFFB77CCF9969EB2791264E991630A61D27CCCB985FB5BFC42324F667AD56CBDC73F6D0BA758CCECC1C4F3CF11FC49919BD68F86967F240FB0B54208521A6380F310502D3F6316FF18A8935E6CF3753AB1FD7E79B77EA39ED62E3DE6279955F48ECCF8AC5A271A5366E7C2A8039D363FBAB3BBABBBBF5EDF4F6F68A3E2D1032687F810AA430C414E721A64060DA6EE617BC82F8B3656BF69DFEEF8685CF372716A6A9FD67A7D735A6ED47E8B818650E8F90D59F8D8E8E76D873668EA79FD9646C6D787858F4C9813041FB0B54208521A6380F310502D37633FB79C5C4DF2F5BF6F7FBCEFC77D3EAD43D9B1626CC3BF59CD6274C06CEBA9893C9E37646A6FDB25E61AEF9F34B369BD5AF513E9FEFD09CE9617C17ADA7A707E3A22509B4BF40055218628AF3105320306D3733C12B26BEB16CD937F69DFEEF63F7A48A9BDAD3D4FEB3D3EB1AD3FA84FDAF6531CA1C1E21A53FAB542AFA55EEEAEA3AF8F6A150FCD9D1A963C62F3AFBFBFB459F22080DB4BF40055218628AF3100620306D37B38F57107F6652CB3D9B4ECF37EF9432ADFFD7F86B99635ECC66F2B89D9169BFAC57986BFE7CD1DBDBAB5FA0071EF85A28E64C8FC7366CD037DBDDDD2DFA144168A0FD052A10813FDB744F6AD9F00B8EDE8B328762D42C0B1B768DBE1DF833E988C6CDD8CD0DFBB4FD08851CB3F4FE6C7272D230B061759E1971DD75697DCBD56A55F489827040FB0B5420C57B40A67D6B97DDB37678D99737B90F28453F8694E4434C81C0908B3C3FBF37CA70DBA3AE3DFAC28644CDD36EF03E0BD62BCC357FEC94CB65FDBAF4F6F6866BCE48AC5E7DAFBEF1818101D1270AC201ED2F508114E7A198DA5FBB6EEC1BFE3CF96B1902CA91E40D310502D3F6316F22FC867CFEACAFAF4FBF693BFFD9A63D366F795EDF782E97137DA2201CD0FE021548F11D90E9F17B525FDAA48F35B5309601EBB052491A620A04A6EDCFEA08BF219F3FCBE7F3FAADFBF4339B42F76713FB4FFF92369D4E8B3E51100E687F810AA4780EC8B46FF8F3CB867FAA4FB73BD23E1E9FC9BDFF2C69434C81C0B4FDD91B08BF219F3F3346D6D8FEEA8ED0FD1909A37D117DA2201C904AA002298E03326DB8C762BECE0C3765DEA9E7744AF221A64060BABABA4E9CD8393FFF3AC257C8E7CF8C5130D81FB5E92B8CED8B3E51100E4825508114BF0199361553AB1F33CDD932BCECFF0D4F2837C414084C3A9D7EEBAD9FCCCFEF41F80AF9FC592693D1EFFF9FEFD9C3C39F198FE3147DA2201C904AA002296EC3010C2F5BB9C93273D3CAB663536B882910987C3EFFECD8C8BCF673047BBC51FF31713B8C57382E2236063FDBBCE5F9D0CDD9E1F78FE81BC710688901ED2F508168DC8CDDDCB04FDB8F50C831C39F45CFD0D0D0C0C0DDC21D8F5CF178F9A152A9C47885E3226272C4BA85FAFE238F84EECF7EBE678FBEF16C362BFA444138A0FD052A90C210539C8798028169341A99CC674EB4B6CF6BBB118C5128DC363A3ACA7885E32262E2C4F59B76D5AAAF84EECF1E5AB74EDF78B158147DA2201CD0FE021548618829CE434C814E185CA06F5E7B0DC112FF59F9E76231CF7E79E322E27ABD6E7C047974EA58B8FE6CF9F2E5FAC6CBE5B2E81305E180F617A8400A434C711E620A7442ABD5EAEDFD42ADF6434DDB85A047B3B92593F9CCE4E456F6CB1B2311A7D369DD456DDCF85488E6CC18FC8C30393929FA2C4138A0FD052A90C210539C8798021D52AFD7B3D91BEAF5514D1B47B8053167C4C856AB8FFABAB63112F1C0C080EEA2962C59126217DA17EFB843DF6CA150107D8A2034D0FE0215C01053BC8798029D53ABD588451B1AFA4B4DDB89B0C7E8E877329974B5FA6F7E2F6C8C443C3939698C5216D6539EB6BEF4B2D179363E3E2EFA144168A0FD052A8021A6780F310542A1D56A0D0C947A7B6F2E97FFA1D97C4ED376202627FFA752F9A7627145A1D04BA6035CD5788978787858F752E45D63E7036D4CECDF6F18BEBEBE3ED12707C204ED2F50010C3115207C0D310542A45AAD964A7FD2D3F3EB9EBFDE5581EEEE4B8AC5DB89450B7C3D6357E472B99C7E6EC45A75F22C81A353C7962C59626CAAD96C8A3E33102629F833A00018622A40F81A620AC4017C35DC91D815B946A3D1DDDD6DF8AA608FE33CF8F621C39C75757511532FFAB440C8C09F0115C01053BC879802C221E6ACB7B757F451C49138163962A78C1E42E2AEFC8E58BBF5A5978D8F3509B7DC720B69E3449F130819F833A00818628AEB1053402CBA39C3B7C31D89699123EF7E8C5EB454FB179D4F3FB389A5DBECAE952BCD1F000F0F0FD7EBF54F7EF293CB962D7BF1C517459F16080DF833A00818628AEB10534020306774E25BE488AF321E9A6EB8B4356BD6DA1FA04E6CD9F71F7964C58A15677F35AFDBF858F3AB5FFDAA3EF3A28B2EBAFDF6DB61D41200FC1950070C31C56F8829200A98334F625DE448FE060707BBBABA1C7F1CB174E952B7978AC5A2E507019FFEF4A7CD0B10A376D75D77E13B89F2027F069402434C711A620A0801E68C05098A1C715AC6D3D33D2129270D997D232FBCF0C279E79D672CF6A77FFAA7DDDDDDFDFDFDD19F0E0805F833A01A18628AC71053207A60CE1891A6C891B6A952A910A396CD662D9E2C9D4E170A85919111FA201AB7DD769BBEFCB265CBC846200EA9813F036A8221A6CC743EC4148818983376242E727E47B821EEEDFCF3CF27B7F455575D75C71D77703A2A100D29F8330094A4AFAFCFF14312107F60CE7C216B91DBB66D5BCAFFF3CEEFBCF3CEDFFAADDF4AA7D37FFDD77F8D0F37A506FE0C0035A9D7EBB95C6E606040F481007FC09CF945D62277EDB5D7920A7DFFFDF7FB5AABD56A150A8572B9ACB59F258531A6E505FE0C0095191A1A222E8D7835D107029880390B8094456EFDFAF5FA970FAEB8E28A4EF24D8C5A3E9F27A62DC46303D1007F0680E2B47FD39A1D1919117D20C00398B360C857E448A68D6135CE3FFFFC9B6FBEB993AD8D8D8D118B868136A403FE0C0040DE5DF7F5F591361C4F588E2D30678191AFC8150A05F3EF77AEBDF65AFDF3CAC054AB55A21E5834B9803F0300E890B7D9994C86FC157D20C00ACC59274856E448B2ED3FB1BEFAEAAB3BFC8C92A8279BCDE2319D12017F06003020A5219FCF974A257C5F253EC09C75886445EED1471FD53DD98D37DE68F8B3DFFEEDDF361EE5141862CEA02489803F0300582897CBE49D3646DF880330679D2359917BF1C5172FBEF8E2743AAD3F3DBDA7CDE5975FDEB93FD360D1A402FE0C0060471F7D63707050F481280DCC5928C857E448CAF50F22F50A4DA64314015115B9B7F13D86F8037F06007083F8338CBE210A98B3B090B8C871AAD0E631D2406C813F030050D047DF404B1E31306721227191E357A189452B954A185627CEC09F0100E8E82D3946DF880C98B37091B8C8F1AED07D7D7DF812436C813F0300B030363696CD66F1AD15DEC09C858EC4452E820A4DFC197169BCF70202007F060060A4D96CE6F379D29863F40D4EC09CF140E222174D851E1919C1983A3104FE0C00E00BD29863F40D1EC09C7142E2221759852E97CB8542218045331F21CBD1D297B10FCCABB247F17BEE948BE6B8297DA625832CD75FE5A4001073F4D137868686441F48728039E387C4B524CA4238363616E019506ED59D6579CB5A8C8BA963E03C4F8DE53AD897B12F6F4CBB193BCAC54F760A0090948181018CBE110A30675C91B878445CF96AB51A1122FBEF801C6BBC463D6C96FE185F7D36093607BE4E8D7D6196ECB83936C3AEF93D3C0040C490F69C58348CBED1093067BC91B88A445F028910C92DCDF2984E7309A7976D4FEB66D99463DF0CFC99FD55963E2DFBC5F7F467E62DD0BBD9127CF101F0BC01CDD32C9DCAEC6F5CD9774D87D80B7DF40DBF1F8C00AD63739600FD44408C0EC52F42AE233167C4A2798AD251469EAA72D41FA5DE9B5FA21B91E4E1796A8ED7D0BEA2C569592E9DF91ABA4DB8E5CBFE120089C1B3A9F16CB828AD16E59E72FC2FE3761C191B1BCB6432187DC3179DF79C25463F5C91B87888BA70CD66934893E5474076895054E8F8AAE66E0B1C27281B4F189EA7E679BF39CEB7A789B2BC65B158DDD80084C5B3AB53B7AC9F30CFA1B7636E2FB9B5576EB79E7D2D965B2CC07DA78FBED1DFDF8FDFE9B3E0C39C4DACBFC594ACD5CF9E9E9D30FDF0234687E21781D7511728FD2D974516E6F98EE55F7339238A3ADDF44ADF6032F03C35F68B6C7FD5717996157D1D210012404AECEAF5E4DF99DAEA5BEAC63D65347DF4FBCBF3EE733C0037D84E7281E1E1618CBEE189BF9E33229E8FADFD699F9F54FDF040E21222F6DAD11FD369CF2E8B5BEFC49FC5535EFCF03C35966B629FEF79FF539A09752E3E5007525489359B301B34E6CE6963DA71C27E335AB6AF3935A49A4B7DF59C66A15EAF13F381D137DCF0FDB1A6C59F9D994EAA7E4247E21222FCDA05784C27BB32CC330DA95916B34F78EE2E31F83A35FAC2F6143826C5FC1265B1604708402CD1ED99A5D032D5334BAD752CC39EAFD237C57E0CEC90565D1F7D83E577604A11E43B67677FBE697CC09960FD848BC42544F8B5D3A13CA6D31081A3688C651CA7E9732CF359369E303C4FCDF1BE75BC2DDDFE9AB7637EC93287B2BBF04E170001985DD919A7B600FBCDA579356B9E8D1ECB7DC4723CBEA8D56AD96C16A36F1804FC4180D3E79B9A02FA090B894B88F06B6740FC59A95432CF714CADDB4CC76947DC168EADBCF8E1EBD41C17B6DFFF8E2D0263330140E22005F56C4C9F4F190B794EA73A78636399E9D9B885D8EEE9A36F140A058CBE11FCD79A6777BB1A165F05FD84425C8E2300F1B9885AFB1950C56291E5E73F66D9D1B1AC653FDF94BB75A0CF4F00F45363BFB66EF73C7D77947B9E9E4700A4C1DC63B6C0C7C596F1CE324FD8FF5A16A3CC717CC96D45FB2E3A61747454F1D1373A1A4AC3DA7F765A4FEAE8A743627110C188C91534A8542AC11ED3090210B7EC039030CEFE49409B3315D6ADCE51DEF958DED25816A3BFA5715BD1B28CDB4487E8A36F0C0C0C28D8B6773ACE19C3F81A89D74F27883F82C0C4E1F259206FB372B91CFAC3232086D907401118EBAB7DA6DB1CCA8E28C5D86D19B7D53B616868289BCD2AF52C237E8F6F52503FC190B8C8C5B3421335134DE3B73FBC8967F601483C6EB79E5BD7857D194B8F881BF45D530EC3D7E9B053AFD7C9DB6F4546DF88C69C59E6275B3F0188D1A1F82556D7D10C2C5A04C436FB0080A4628CBED16C36451F0B47F0E0F3982071918B738526E64CB5CEF0888973F6010009A656AB653299A48EBE0173161F242E7231AFD0BACAABD5AAE803492631CF3E0020C1E8A36F148BC5847DDB18E62C56485CE4E25FA189D6F3F9BCCABFCDE647FCB30F004836954A2593C924E64D38CC59DC90B8C84951A15BAD16B16849ED09178814D90700249B66B3493C4D0246DF80398B21121739892A74A9541A1E1E167D148942A2EC0300928D3EFA46BD5E177D200181398B27121739B92A747F7FBFDB633A4100E4CA3E0020D91073462C9A8CA36FC09CC516898B9C7415DAFE984E1018E9B20F004836FAE81BC4EB4834FA06CC599C91B8C8C958A1D91FD309E8C8987D0040E2A956ABB28CBE01731673242E72925668FD319D09FB5576F4489A7D0040E2D147DF20C4B99D87398B3F121739792BF4D8D818B931E27CEBC61F79B30F00508172B99CC9646AB59AE8037100E64C0A242E725257687263E472393C032A3052671F00A002CD6693B4F3711B7D03E64C16242E72B257E87ABD4E6E12797F922D16D9B30F005084A1A121E2D24435F59B376F367F190EE64C22242E7209A8D08D4683DCB7B855029080EC0300148134F2E18EBEA17FC58DE54B329FFDEC67496BA92F097326171217B9645468FD86C133A0FC928CEC030014411F7D239FCF773EFA06A91ACB972F7F6CC306CFEF316FDBB68D34958B172FEEEFEF8739930E898B5C622A34B96D0A85C2E8E8A8E8039189C4641F00A00EE4AD782693A9542AE699DFFDEE771F7CF041C62DE8E66CFBAB3B6666E7C85FBA45BBF1C61B536D2EB9E492EBAFBF1EE64C2E242E7249AAD0E4AD15B168520C99131392947D00803A103B552C168D4F27C95FD29A5D76D9650303032CEB1AE64C0F8A45D33BCF0C162D5AB478F1623C695022242E72C9ABD0E48E95F1F12042485EF60100EA40DE8D67B3D95AADF6F0C30FEBFE895834FA8795767346B76846E75957571779FF9F4EA7F17567B990B8C825B2420FB4117D141290C8EC0300D4A1D1687CEE739F5BB46891EEA22EBFFCF2FBEFBFDF6D613773E666D1F4CEB3ABAEBAEA8A2BAEB8F2CA2BC99B7F0CE7241D1217B9A456E8A1A1213CA6D393A4661F00A008DFFAD6B7526743BC9463FF16DD9C395A34B2FCE2C58BBBBABABEF8C52FC299498AC4452EC115BA5C2E170A85580D691837129C7D00800ADC76DB6D9FFCE427CDFEECFCF3CFBFF9E69B2D8BB19833BB45BBFEFAEB7B7A7A366DDA24E2CC4038485CE4925DA1474747F1984E0AC9CE3E0020F1E86398111795C9647EEFF77EEFB2CB2EBBE0820BAEBAEA2ACB70B27673B666CD5A231C2DDA8103073094460290B8C825BE42E3319D14129F7D00800A341A8D6AB53A383848BCDA4D37DDA47F694C7FC9ADE7CCDCE5C6F25D342029121739152A341ED3E9860AD90700A8863E1CA63EFA86DBC79A747F068B9618242E728A5468FD319DE8A9B6A048F601000A42FFCE99A73F83454B06121739752A74A3D18045B3A04EF601004AE1F98300167F068B9600242E724A5568728FE572393CA6D340A9EC03001481E5D79A8CFE0C164D76242E72EC153AE54427FBA2AFCEC93AE8CF80B23CB84D59E0CF0000098371280D767F068B26351217394F9364F761F6551CAD9BE78AF6FFD209727A4E108B562C16F1984E0DFE0C00902CD8C739F3E5CF60D1E445E222E759A1593ABDDC36629E6F4C337A2FDED6A1542A0D0E0E72DD45FC813F03002406767316C09FC1A2498AC4458EDD9F517C95A73F735CD2BE56049D6766883FEBEFEFE7B16559803F030024035FE62C983F83459311898B9C2F7F467989EEAB1C6D16658394E970191E1E56F9319DF067008004E066CED6AC594B294F2CB83D5D00164D16242E7201FC196582BE71373FE7B87C34FE4C6B3FA6339FCFABF9984EF83300400220E66CF396E7EDDD5D3CFC1909B22F62D1449F346042E22217993F63B102949BC473DD4E181B1B23164DC1F743F067008004303E3E4E2CDAE1F78F44E0CFC85E3094A644485CE4C2F267745F6599E3E9BDA2B16566AAD5AA825DD6F067008064E068D142F7673067D221719163F16786A9B2AC629F60DC788ADAAF66DE5D940682DC72D96C56A9C774C29F010012835B2F5A58BF0F80399311898B1CBD42D3CD93E746EC8BD95777DB94A7F9E3816ACF80823F03002409768BE6D79FC19C498AC445CE578576F35594CE61F3026ECBBB2D6359DEE7990544298B067F060048188C16CD973F83399317898B1C63857674489C3EDFF475603C50E7319DF0670080E4C162D1D8FD19CC99D4485CE450A11DD11FD399F8674021FB008044E269D118FD19CC99EC485CE450A1DD2016AD542A8D8C8C883E108E20FB0080A442B7682CFE0CE62C01485CE450A1E9F4F5F525F8319DC83E0020C1502C9AA73F83394B0612173954684F883F232E4DF4517001D90700241B378B46F76730678941E222870ACDC2C8C848A9544ADE33A0907D0040E2711BBAD60898B304237191438566A45C2E170A85845934641F00A002ECE3A2C19C250C898B1C2A343B636363097B0614B20F005004168B0673963C242E72A8D0BEA8D56AE4EE6D369BA20F241C907D00803AD02D1ACC592291B8C8A142FB85DCBDB95C2E198FE944F601004AE166D160CE928AC4450E153A00C49C118B96803B19D90700A886DDA2C19C2518898B1C2A74309ACD26B99F6BB59AE803E908641F00A020668B0673966C242E72A8D081999C9C2477B5D48FE944F601006AA25BB489FDFB61CE928DC4450E15BA13647F4C27B20F00501662CBD2E934CC59B291B8C8A1427788D48FE944F601002A435A6FD18700F822719143850E05491FD389EC030054269436D0B211CA36D977C7B811B4E19E487C8190DDB020FE4CBAB762C83E0040653CDBC0940BF48D38CEB1AC4EF92F7D8FEC761068F06740A75C2E178B45899E0185EC03005486C59F79CE34FEEBE9E4DCD6F23C12BB3FF3B52F9591F8A220A3E152A954247A4C27B20F005019BFFECCEEA52C7D606EAB3B1A2CCA31B8CDB45831B4E19E487C8190DDD0191B1BCBE572523CA613D90700A80C8B3FA3582BC78DD0BD1AA5DB8CE5C34DFB16184F445924BE2E482A0FC6C7C77B7B7BE3FF0C28641F00A0328CFD67F41E2F379F44FFDCD3D19FB14C1B2BE2934D1624BE34C82B27A4B068C83E004065D83FDFA47456B17CBEC9B26596FE33C7398CE7A226125F1464941FC49C65B3D9380F7E88EC030054A6737FE6E69F3CE73BFA33B75D982760CE7C21F1754152B9A23F03AA5AAD8A3E1067907D0080CA30FA33474745F146F439147FE6D97F665E1DE68C05892F0DF2CA1B62D1F2F97C3C1FD389EC03005486C59FB959ABCEFD99DB27959469C7FFA225A720F1A5415E23A0D56A118B16C3C77422FB00009561FF7CD33EDFAF3F73FB7CD3EF81E1F34D5F487C5D90D4C828954AC3C3C3A28FE22C907D0080CA043649DAD9DD60C61CB78F26299F6FFADDB57DBF2C47AB2C125F1464344AFAFBFB63F5984E641F00A0326803138FC409863A2326568FE944F601002A833630F1489C60A8337AE2F3984E641F00A0326803138FC409863A85A03FA653F833A0907D0080CAA00D4C3C122718EA14C5D8D8586F6FAF588B86EC030054066D60E29138C150A740C6C7C773B99CC0674021FB000095411B9878244E30D429967ABDDEDBDB4BFE0AD93BB20F005019B4818947E204439DC269341AB95C4EC8633A917D0080CAA00D4C3C122718EA8C03FA633AA37F0614B20F00508D4AA5429ABEAEAEAE6C364B267A7A7AC8DF8B2EBA48D4E718802B12173954E898402C5AA150181D1D8D72A7C83E004035FEEBBFFECB3ECAFFADB7DE1A71F30BA241E222870A1D1F5AAD16B168513EA613D90700A80669692FB8E002B339BBE9A69B7A7A7A840F78047820719143858E1BA552696868289A7D21FB000005F9DBBFFDDB458B1619FEECAB5FFDEAC0C080E883025C90B8C8A142C790813611EC08D90700A8C9E2C58B7573B672E5CA743A1D8707BA001E485CE450A1E3C9D0D050048FE944F601006AF2C20B2F9C77DE79A40DCCE7F3F8E6598291B8C8A142C79672B95C2814B8BEAB43F60100CA72DB6DB7E9FE4CF481008E485CE450A1E30C7957C7F5319DC83E0040599ACD26690331AC46B291B8C8A142C71CFD319D9C368EEC030054066D60E2F19DE056AB55A9548AC52229BDE974DA3E168B2290732757401F54429DDF3623FB3A6A665F14509D0E541707A0461DA83102FCF9B3B1B131921522CD279E7862F3962D13FBF7CFCCCEAA19E4DCC915D8B871E3AA55ABC835E97CE8AF94EDCD907D0EFBAB3C40F6F965DF2F6ED9F7AB8AE855E417A88E9FEA8CEC5B4A2F65495F2F055E3EB6F2861AF9A911D861952F31C8A55269C58A1507DF3E38333B8330C7E1F70F138D928BD36C368367C2D63E525A4C7D8E5B4B4A21D8B121FB51669FB1587AD630C7EDD0E5117A3DEB04A82E02D55926B440DE285CC9C553DE50236F35023B4C7A25D2CC66B38F6D787466761AE1164F3FF3F4D2A54B1B8D469034D89A244A23456F4C599A515F20FBBCB3EF98209632C99250CB32F455E2E3CFA0BA0854C7C9EB7422B978CA1B6A8C408DC00E935EC9FB86B6344F22E8B179CB73CB97FF7E47F970316A6EFF755BC0B1310DD63C21FB1167DF31AD6E333D6D9C7D826575E140755C5547315B8125D1B9E4622B6FA891AB1A811BDEF21D1B1B5BB1E2F6D9B9168225BEFE370FAE5BF7CD8E52E2E2A528EF592DEF7AE95BF605B21F65F6E9BEDCD1793BBE64DE8263257323F091870B54178DEADC24E1B698E622CBCE25176779438DD1A811D8F1906CABD54AA7D36F1F6ACCCE9D40B0C4D4B10F972CB929D8B0349646C4ADADA4B73B8ECD9CA52D6304D98F32FB1AB51006D88839E96E5B0E658FE102D545A63A968C3B36416E7322905CC4F2861A235323B0E321D972B95C2A9566E78E1B716BFE8F296F50CC98D7522AD6ADFB47BFCFA0A4BCBDF3FBCECFD18A05F367C87E94D9A7E0776B94FFD277E76B479C80EAA2519DE6DE6B9572F2406E733CFFEBB8FDC0928B58DE5063646A04763C245B2814363EF5E4C7D2BC7DC5AF34EDC0296DDFACF6FAB4B66B5ADB3E3537FCD4F33F39F4D1B619ED7F5BDAB696B6F5B8F6DC49ED5FB6EE5EDD77AF70A108895777D4B2D96C906478B5292C4D4F2A3C7F86EC47997D8DFA76DFB318D873EDB68CDB5EFCCA8313505D04AA736B5E28CB5316E85C72B19537D418811A811B1E92CD64327BF6EC9C9D3BA60791F894A61D9BD73E9AD33E98D18E6BDA5FFDDDDAD43917E76E2F1C9AD50E4E6B074F6A8D963631A7FDE867BB520B6F208E291853C78E747575054F89FF2F90B1B45FF42D3B82EC479C7D9672E29944CFA2CB52050502D545A63A8BA7A1CB80BD5DEA4472719337D418991A811D0FC9767777BF7FE4D0ECDC941E4470C74F69D3A7165E9A9B5FF8FBE34DFF7DE56FFCCE371EFAF69CA61D9DD33E9AD53E98D52635EDB9575E6BAB734ACD08D616A46C6F013D1B23FB7CF666D413645F48F629C962A9679652445F8551395102D545A63ABB3FA32F49697F42915C0CE50D3546A64660C7FBCDCAECDC5123C87F8FCD69474E6833A74E2F303939F9F0F77EF0CD6F7DEFE03B0B03D3CDCE6B336DD5BEFCEA2ECBBA4A4560757A363D9E6F0D43F467C87E94D90FAB6380D1D3B3BC2A04A82E32D5B1F8337BF3E2E9A282492E9EF2861A235323B0C3E2CFFECF8805759ED20E1FD7DE9DD266356D667A3A73C30DA9D4B9A954D79D5F5A655E71FB8E9D9675958A004E888EB198DBEA8ED3F6EDFB3D2A643F82EC3B668D7D239D94A81836A3505D34AA331A04E3AFA5C1A1B418F4C6245CC9899537D4188D1A81232CFEEC232352EDDE5DF2EEE19DA3DA7B27B5ED7B7EB178F1E273179D7FE1A59F2A7EF92C75BEF2EA0ECBBA4A4532D489ECAB9C7D514075505D7C801AA14681B0F8B34923C87F4FCC6B1FB416DE3D1C3EA96D79A57EE3929B3FF5E9CB2FEDBEEC07FFFEA3939A3635AD1D9F5E58716BED15CBBA4A4532D489ECAB9C7D514075505D7C801AA1468178FBB3B9B90F8DD02F3A11E847B3DA8733E43DC4ECCBBB1B4B3EFF855BFFF08FDE9BD6DE6D69EFB5B423D31AD1E7D66DAF58D6552A92A14E645FE5EC8B02AA83EAE203D408350AC49F3FEBBD75F96B6FECDBBEBB5E1BAFBFB4A3FED2CEBD2FBFB6FFA7DB5EFFD9EEB75ED8B1F7C51D6FBEB4F3CDDAAEBDBBF7FDF2917FDD70D7CABB84AB04EAEC04645FE5EC8B02AA83EAE203D408350A84C59F7D608EFBEEBB37C5C09FDF79A76545A52219EA44F655CEBE28A03AA82E3E408D50A34058FCD91184DF48863A917D95B32F0AA80EAA8B0F5023D42810067F76EA7D84DF48863A917D95B32F0AA80EAA8B0F5023D42810167F7618E13792A14E645FE5EC8B02AA83EAE203D408350A84C59FBD87F01BC95027B2AF72F64501D54175F1016A841A05C2E2CFDE45F88D64A813D95739FBA280EAA0BAF80035428D0261F1674D84DF705367A55269341AE1A7910FC8BECAD917055407D5C507A8315C35025FC09F45A1CEC9C9C92F7FF9CBFAEFAEAFB8E20A599A4B645FE5EC8B02AA83EAE203D4188A1A413058FCD9AF107EC3ACCE919191AEAE2EBDA124133D3D3DCD6693735AC301D95739FBA280EAA0BAF8003576AE4610186F7F76EAD43B08BFA1ABB35EAF7FF6B39F350F5A98CBE5D2E97424990D01645FE5EC8B02AA83EAE203D4D8891A4187B0F8B34308BF41AE5B6F6F6F4A7E845F4919239594EC8B427806658C1454C707E199953152F06761C0E2CFDE46F80D5D9D8D46E30FFEE00FAEB9E61AE356BFE4924BB2D96C24990D01645FE5EC8B02AA83EAE203D4D8891A4187B0F8B38311847D47F45D477660814FC7B886636363D75D77DDD5575FAD3797175C7041ABD5E29CD67008E522FBDD08CBF26ECBF0D897B2D91705EF5B9BBD61D1A73B145B944DA8710DA1BAB010550129FB653F24C68DF03847F8B35060F167BF8C20CEEE4F769E635ED8F84BD98E534F7514E7A21F86F93292C6717070F0DA6BAF256F64C9DFF1F1719E390D8DB0AE98634EDD667A668D92FDD0F7A572F64511C17D4AD985F92546A579EE289A9607AAE34128B963696DDC1A3ACA764ED9AA247BFBE6B9F770D50882110B7F666FC528ED1A4564749D45732E1475361A8D72B93C3A3ACA2795E1C3E98AF96A1A280BB317C860FB523CFBA2E0A13ABF75CBB1E6F9558B5FAD4275312494C4791632F37FE9FA74DB08A5625204E96B5F9DAB11F885C59F1D882CF4DD99776A3900FBF1382EE0A4398775B99E4834F9E34AB857CCD89A7D829E62F6EC87B82F645F143C924269524E39351A96F98C6A0CA655A82ECE849235B722659E43A9538E8D986561F6F6CD4DE750630C61F067F38D2843DFA37DBFA7F5E4B28AF112E580A33C9764A8B3F32BF67143E0945CF3841B9614DB5FB5BFD4E1BE907DB1F0BE4FE9DB37BFEAD616B909895DAB9CCE4B74EA124828F9B2E4DD51578EFFB5EFDDB159B36C9CA57DB3378C9EB706D4183D2CFEECAD68E28C869CFF6B9E6993DD590B382E66BC14D9B944933FAE8475C58CED981361C9B5E7740CF795ECEC8B82C77D4A295AF666C7BCBC65DA51693109A88E07A164D9B12D72AC5C94698A74FDB66F766D3B2A1C6A140E8B3FFB05EF38230E7F2FB92D6FFCA5CFE47D46D1E48F2B615D31C774D8B3ECD2FAC4775FC9CEBE28B8DEA78CF230BF4A699AF81D2754171342C9B245516E5274D31BE518EC5B6669DF1CE784AB6AA8311458FCD9FE68C245521E0B5816D3A7ED2BDA67F23E9768F2C795B0AE9871FDDD1267CFA0659A927A370104DE17B22F167EF7A97DCB1601B034269E8261D76AE867273A750924947CB1343E8E52F49C6FDFB267FB6657B5E3BA50631C60F167135106658F6E2F99E7EBD34E6D226DCB3CCE229AFC7125AC2B66D98E7DB3D462C62A8FD0F7A578F645C1EF3EB524DA71479606C4BE566029F20EA88E07A124D15C802CF2A3A8913EC76D75C6F6CDAC6D1E72851A4381C59FED8B268C7DD9271CFFEB389F72C0119F4B34F9E34A5857EC4C2BE09A08B7573D05E03827947D21FBA288E03EB588842E0F9625595EE57D5E501D0F42C99A63A364511763E366DF08A5C5636F4B297704D4289018F933BA9ECC5A747A67E0BA16CB4B3C4E249AFC7125447FC69E084A39F4CC7E58FB42F605C2F53E350BC6B12685E2CF18B50AD5C59F5052466FD3DC96F1AC8074117A4AD43E1DA23EA1C650F0F667F3F37B7907A539D33116735BDD71DABEFD08CEC5D86334F9E30AA72B46DFACDF9D76B2357E27283A7512C323299416C0D27AD81B13FB029E2D55C47A83EAF8D179CA589A204B9963A9807671FADAB57DBFE14A146A0C05167FF626C26F24439DC8BECAD917055407D5C507A8116A14088B3FAB23FC4632D489ECAB9C7D514075505D7C801AA14681B0F8B337107E2319EA44F655CEBE28A03AA82E3E408D50A3403C2E625757D789133BE7E75F47F88A64A813D95739FBA280EAA0BAF80035428D02F1B888E974FAADB77E323FBF07E12B92A14E645FE5EC8B02AA83EAE203D408350AC4E322E6F3F967C746E6B59F23D8E38DFA8F33994C34F9E30AB2AF72F64501D54175F1016A841A05E2E1CF8686860606EE169E6FB9E2F1F243A552299AFC7105D95739FBA280EAA0BAF80035428D02F1F0678D462393F9CC89D6F6796D3782310A85DB464747A3C91F57907D95B32F0AA80EAA8B0F5023D42810EF0F890717E89BD75E43B0C47F56FEB958CC4790B96840F655CEBE28A03AA82E3E408D50A328BCFD59ABD5EAEDFD42ADF6434DDB85A047B3B985BCD99A9CDC1A41E6A201D95739FBA280EAA0BAF80035428DA260FA9145BD5ECF666FA8D747356D1CE116449AE436AE561FE59DB38841F655CEBE28A03AA82E3E408D50A310587F045BABD588408786FE52D37622EC313AFA9D4C265DADFE1BD76C8902D95739FBA280EAA0BAF80035428DD1E363909256AB353050EAEDBDB95CFE8766F3394DDB81989CFC9F4AE59F8AC51585422F99E69727E120FB2A675F14501D54171FA046A831627C0F2257AD564BA53FE9E9F9F51448A5BABB2F29166F2702E5919B1882EC9B512DFBA280EACC407562811ACD408D5CC120BF0000000000F102FE0C00000000205EC09F0100000000C40BF833000000008078017F0600000000102FFE3F2BFB050FC06ED4960000000049454E44AE426082,0),
 (0x363036,1,0x44656D6F50726F636573732E62706D6E,0x363035,0x3C3F786D6C2076657273696F6E3D22312E302220656E636F64696E673D225554462D38223F3E0A3C646566696E6974696F6E7320786D6C6E733D22687474703A2F2F7777772E6F6D672E6F72672F737065632F42504D4E2F32303130303532342F4D4F44454C2220786D6C6E733A7873693D22687474703A2F2F7777772E77332E6F72672F323030312F584D4C536368656D612D696E7374616E63652220786D6C6E733A61637469766974693D22687474703A2F2F61637469766974692E6F72672F62706D6E2220786D6C6E733A62706D6E64693D22687474703A2F2F7777772E6F6D672E6F72672F737065632F42504D4E2F32303130303532342F44492220786D6C6E733A6F6D6764633D22687474703A2F2F7777772E6F6D672E6F72672F737065632F44442F32303130303532342F44432220786D6C6E733A6F6D6764693D22687474703A2F2F7777772E6F6D672E6F72672F737065632F44442F32303130303532342F44492220747970654C616E67756167653D22687474703A2F2F7777772E77332E6F72672F323030312F584D4C536368656D61222065787072657373696F6E4C616E67756167653D22687474703A2F2F7777772E77332E6F72672F313939392F585061746822207461726765744E616D6573706163653D22687474703A2F2F7777772E61637469766974692E6F72672F74657374223E0A20203C70726F636573732069643D2270726F636573733122206E616D653D22736D616C6C46696E616E6365223E0A202020203C646F63756D656E746174696F6E3EE5BEAEE59E8BE8B4B7E6ACBEE6B581E7A88B3C2F646F63756D656E746174696F6E3E0A202020203C73746172744576656E742069643D2273746172746576656E743122206E616D653D225374617274223E3C2F73746172744576656E743E0A202020203C757365725461736B2069643D22757365727461736B3122206E616D653D22E5AEA2E688B7E8B083E69FA5223E3C2F757365725461736B3E0A202020203C757365725461736B2069643D22757365727461736B3222206E616D653D22E983A8E995BFE5A48DE6A0B8223E3C2F757365725461736B3E0A202020203C757365725461736B2069643D22757365727461736B3322206E616D653D2241E8A792E8B083E69FA5223E3C2F757365725461736B3E0A202020203C706172616C6C656C476174657761792069643D22706172616C6C656C676174657761793122206E616D653D22506172616C6C656C2047617465776179223E3C2F706172616C6C656C476174657761793E0A202020203C757365725461736B2069643D22757365727461736B3422206E616D653D2242E8A792E8B083E69FA5223E3C2F757365725461736B3E0A202020203C706172616C6C656C476174657761792069643D22706172616C6C656C676174657761793222206E616D653D22E8B083E69FA5E6B187E680BB223E3C2F706172616C6C656C476174657761793E0A202020203C757365725461736B2069643D22757365727461736B3522206E616D653D22E9A38EE68EA7E983A8E5AEA1E6A0B8223E3C2F757365725461736B3E0A202020203C757365725461736B2069643D22757365727461736B3622206E616D653D22E5AE89E68E92E4B88AE4BC9A223E3C2F757365725461736B3E0A202020203C757365725461736B2069643D22757365727461736B3722206E616D653D22E8AF84E5AEA1E4BC9AE8AF84E5AEA1223E3C2F757365725461736B3E0A202020203C757365725461736B2069643D22757365727461736B3822206E616D653D22E7ADBEE59088E5908C223E3C2F757365725461736B3E0A202020203C656E644576656E742069643D22656E646576656E743122206E616D653D22456E64223E3C2F656E644576656E743E0A202020203C73657175656E6365466C6F772069643D22666C6F773122206E616D653D22E68F90E4BAA4E983A8E995BF2220736F757263655265663D22757365727461736B3122207461726765745265663D22757365727461736B32223E3C2F73657175656E6365466C6F773E0A202020203C73657175656E6365466C6F772069643D22666C6F773322206E616D653D22E68F90E4BAA4E9A1B9E79BAE2220736F757263655265663D2273746172746576656E743122207461726765745265663D22757365727461736B31223E3C2F73657175656E6365466C6F773E0A202020203C73657175656E6365466C6F772069643D22666C6F773422206E616D653D22E58886E9858D412C42E8A7922220736F757263655265663D22757365727461736B3222207461726765745265663D22706172616C6C656C6761746577617931223E3C2F73657175656E6365466C6F773E0A202020203C73657175656E6365466C6F772069643D22666C6F773522206E616D653D22E9878DE696B0E8B083E69FA52220736F757263655265663D22757365727461736B3222207461726765745265663D22757365727461736B31223E3C2F73657175656E6365466C6F773E0A202020203C73657175656E6365466C6F772069643D22666C6F773622206E616D653D2241E8A792E8B083E69FA52220736F757263655265663D22706172616C6C656C676174657761793122207461726765745265663D22757365727461736B33223E3C2F73657175656E6365466C6F773E0A202020203C73657175656E6365466C6F772069643D22666C6F773722206E616D653D2242E8A792E8B083E69FA52220736F757263655265663D22706172616C6C656C676174657761793122207461726765745265663D22757365727461736B34223E3C2F73657175656E6365466C6F773E0A202020203C73657175656E6365466C6F772069643D22666C6F773822206E616D653D2242E8A792E8B083E69FA5E7BB93E69D9F2220736F757263655265663D22757365727461736B3422207461726765745265663D22706172616C6C656C6761746577617932223E3C2F73657175656E6365466C6F773E0A202020203C73657175656E6365466C6F772069643D22666C6F773922206E616D653D2241E8A792E8B083E69FA5E7BB93E69D9F2220736F757263655265663D22757365727461736B3322207461726765745265663D22706172616C6C656C6761746577617932223E3C2F73657175656E6365466C6F773E0A202020203C73657175656E6365466C6F772069643D22666C6F77313022206E616D653D22E9A38EE68EA7E983A8E5AEA1E6A0B82220736F757263655265663D22706172616C6C656C676174657761793222207461726765745265663D22757365727461736B35223E3C2F73657175656E6365466C6F773E0A202020203C73657175656E6365466C6F772069643D22666C6F77313122206E616D653D22E68F90E4BAA4E8AF84E5AEA1E4BC9AE8AF84E5AEA12220736F757263655265663D22757365727461736B3522207461726765745265663D22757365727461736B36223E3C2F73657175656E6365466C6F773E0A202020203C73657175656E6365466C6F772069643D22666C6F77313222206E616D653D22E5BC80E4BC9AE8AF84E5AEA12220736F757263655265663D22757365727461736B3622207461726765745265663D22757365727461736B37223E3C2F73657175656E6365466C6F773E0A202020203C73657175656E6365466C6F772069643D22666C6F77313322206E616D653D22E7ADBEE59088E5908C2220736F757263655265663D22757365727461736B3722207461726765745265663D22757365727461736B38223E3C2F73657175656E6365466C6F773E0A202020203C73657175656E6365466C6F772069643D22666C6F77313422206E616D653D22E9A1B9E79BAEE7BB93E69D9F2220736F757263655265663D22757365727461736B3822207461726765745265663D22656E646576656E7431223E3C2F73657175656E6365466C6F773E0A202020203C73657175656E6365466C6F772069643D22666C6F77313522206E616D653D22E9878DE696B0E8B083E69FA52220736F757263655265663D22757365727461736B3722207461726765745265663D22757365727461736B31223E3C2F73657175656E6365466C6F773E0A202020203C73657175656E6365466C6F772069643D22666C6F77313622206E616D653D22E7BB88E6ADA2E9A1B9E79BAE2220736F757263655265663D22757365727461736B3722207461726765745265663D22656E646576656E7431223E3C2F73657175656E6365466C6F773E0A20203C2F70726F636573733E0A20203C62706D6E64693A42504D4E4469616772616D2069643D2242504D4E4469616772616D5F70726F6365737331223E0A202020203C62706D6E64693A42504D4E506C616E652062706D6E456C656D656E743D2270726F6365737331222069643D2242504D4E506C616E655F70726F6365737331223E0A2020202020203C62706D6E64693A42504D4E53686170652062706D6E456C656D656E743D2273746172746576656E7431222069643D2242504D4E53686170655F73746172746576656E7431223E0A20202020202020203C6F6D6764633A426F756E6473206865696768743D223335222077696474683D2233352220783D2233302220793D223530223E3C2F6F6D6764633A426F756E64733E0A2020202020203C2F62706D6E64693A42504D4E53686170653E0A2020202020203C62706D6E64693A42504D4E53686170652062706D6E456C656D656E743D22757365727461736B31222069643D2242504D4E53686170655F757365727461736B31223E0A20202020202020203C6F6D6764633A426F756E6473206865696768743D223535222077696474683D223130352220783D223138302220793D223430223E3C2F6F6D6764633A426F756E64733E0A2020202020203C2F62706D6E64693A42504D4E53686170653E0A2020202020203C62706D6E64693A42504D4E53686170652062706D6E456C656D656E743D22757365727461736B32222069643D2242504D4E53686170655F757365727461736B32223E0A20202020202020203C6F6D6764633A426F756E6473206865696768743D223535222077696474683D223130352220783D223431302220793D223430223E3C2F6F6D6764633A426F756E64733E0A2020202020203C2F62706D6E64693A42504D4E53686170653E0A2020202020203C62706D6E64693A42504D4E53686170652062706D6E456C656D656E743D22757365727461736B33222069643D2242504D4E53686170655F757365727461736B33223E0A20202020202020203C6F6D6764633A426F756E6473206865696768743D223535222077696474683D223130352220783D223438302220793D22313233223E3C2F6F6D6764633A426F756E64733E0A2020202020203C2F62706D6E64693A42504D4E53686170653E0A2020202020203C62706D6E64693A42504D4E53686170652062706D6E456C656D656E743D22706172616C6C656C6761746577617931222069643D2242504D4E53686170655F706172616C6C656C6761746577617931223E0A20202020202020203C6F6D6764633A426F756E6473206865696768743D223430222077696474683D2234302220783D223632302220793D223437223E3C2F6F6D6764633A426F756E64733E0A2020202020203C2F62706D6E64693A42504D4E53686170653E0A2020202020203C62706D6E64693A42504D4E53686170652062706D6E456C656D656E743D22757365727461736B34222069643D2242504D4E53686170655F757365727461736B34223E0A20202020202020203C6F6D6764633A426F756E6473206865696768743D223535222077696474683D223130352220783D223730332220793D22313135223E3C2F6F6D6764633A426F756E64733E0A2020202020203C2F62706D6E64693A42504D4E53686170653E0A2020202020203C62706D6E64693A42504D4E53686170652062706D6E456C656D656E743D22706172616C6C656C6761746577617932222069643D2242504D4E53686170655F706172616C6C656C6761746577617932223E0A20202020202020203C6F6D6764633A426F756E6473206865696768743D223430222077696474683D2234302220783D223634302220793D22323230223E3C2F6F6D6764633A426F756E64733E0A2020202020203C2F62706D6E64693A42504D4E53686170653E0A2020202020203C62706D6E64693A42504D4E53686170652062706D6E456C656D656E743D22757365727461736B35222069643D2242504D4E53686170655F757365727461736B35223E0A20202020202020203C6F6D6764633A426F756E6473206865696768743D223535222077696474683D223130352220783D223630382220793D22323930223E3C2F6F6D6764633A426F756E64733E0A2020202020203C2F62706D6E64693A42504D4E53686170653E0A2020202020203C62706D6E64693A42504D4E53686170652062706D6E456C656D656E743D22757365727461736B36222069643D2242504D4E53686170655F757365727461736B36223E0A20202020202020203C6F6D6764633A426F756E6473206865696768743D223535222077696474683D223130352220783D223339302220793D22323930223E3C2F6F6D6764633A426F756E64733E0A2020202020203C2F62706D6E64693A42504D4E53686170653E0A2020202020203C62706D6E64693A42504D4E53686170652062706D6E456C656D656E743D22757365727461736B37222069643D2242504D4E53686170655F757365727461736B37223E0A20202020202020203C6F6D6764633A426F756E6473206865696768743D223535222077696474683D223130352220783D223138302220793D22323930223E3C2F6F6D6764633A426F756E64733E0A2020202020203C2F62706D6E64693A42504D4E53686170653E0A2020202020203C62706D6E64693A42504D4E53686170652062706D6E456C656D656E743D22757365727461736B38222069643D2242504D4E53686170655F757365727461736B38223E0A20202020202020203C6F6D6764633A426F756E6473206865696768743D223535222077696474683D223130352220783D2231302220793D22323930223E3C2F6F6D6764633A426F756E64733E0A2020202020203C2F62706D6E64693A42504D4E53686170653E0A2020202020203C62706D6E64693A42504D4E53686170652062706D6E456C656D656E743D22656E646576656E7431222069643D2242504D4E53686170655F656E646576656E7431223E0A20202020202020203C6F6D6764633A426F756E6473206865696768743D223335222077696474683D2233352220783D2234352220793D22313433223E3C2F6F6D6764633A426F756E64733E0A2020202020203C2F62706D6E64693A42504D4E53686170653E0A2020202020203C62706D6E64693A42504D4E456467652062706D6E456C656D656E743D22666C6F7731222069643D2242504D4E456467655F666C6F7731223E0A20202020202020203C6F6D6764693A776179706F696E7420783D223238352220793D223637223E3C2F6F6D6764693A776179706F696E743E0A20202020202020203C6F6D6764693A776179706F696E7420783D223431302220793D223637223E3C2F6F6D6764693A776179706F696E743E0A20202020202020203C62706D6E64693A42504D4E4C6162656C3E0A202020202020202020203C6F6D6764633A426F756E6473206865696768743D223134222077696474683D223130302220783D222D33362220793D2234223E3C2F6F6D6764633A426F756E64733E0A20202020202020203C2F62706D6E64693A42504D4E4C6162656C3E0A2020202020203C2F62706D6E64693A42504D4E456467653E0A2020202020203C62706D6E64693A42504D4E456467652062706D6E456C656D656E743D22666C6F7733222069643D2242504D4E456467655F666C6F7733223E0A20202020202020203C6F6D6764693A776179706F696E7420783D2236352220793D223637223E3C2F6F6D6764693A776179706F696E743E0A20202020202020203C6F6D6764693A776179706F696E7420783D223138302220793D223637223E3C2F6F6D6764693A776179706F696E743E0A20202020202020203C62706D6E64693A42504D4E4C6162656C3E0A202020202020202020203C6F6D6764633A426F756E6473206865696768743D223134222077696474683D223130302220783D222D34312220793D2234223E3C2F6F6D6764633A426F756E64733E0A20202020202020203C2F62706D6E64693A42504D4E4C6162656C3E0A2020202020203C2F62706D6E64693A42504D4E456467653E0A2020202020203C62706D6E64693A42504D4E456467652062706D6E456C656D656E743D22666C6F7734222069643D2242504D4E456467655F666C6F7734223E0A20202020202020203C6F6D6764693A776179706F696E7420783D223531352220793D223637223E3C2F6F6D6764693A776179706F696E743E0A20202020202020203C6F6D6764693A776179706F696E7420783D223632302220793D223637223E3C2F6F6D6764693A776179706F696E743E0A20202020202020203C62706D6E64693A42504D4E4C6162656C3E0A202020202020202020203C6F6D6764633A426F756E6473206865696768743D223134222077696474683D223130302220783D222D33372220793D222D3230223E3C2F6F6D6764633A426F756E64733E0A20202020202020203C2F62706D6E64693A42504D4E4C6162656C3E0A2020202020203C2F62706D6E64693A42504D4E456467653E0A2020202020203C62706D6E64693A42504D4E456467652062706D6E456C656D656E743D22666C6F7735222069643D2242504D4E456467655F666C6F7735223E0A20202020202020203C6F6D6764693A776179706F696E7420783D223436322220793D223935223E3C2F6F6D6764693A776179706F696E743E0A20202020202020203C6F6D6764693A776179706F696E7420783D223436302220793D22313236223E3C2F6F6D6764693A776179706F696E743E0A20202020202020203C6F6D6764693A776179706F696E7420783D223233322220793D22313236223E3C2F6F6D6764693A776179706F696E743E0A20202020202020203C6F6D6764693A776179706F696E7420783D223233322220793D223935223E3C2F6F6D6764693A776179706F696E743E0A20202020202020203C62706D6E64693A42504D4E4C6162656C3E0A202020202020202020203C6F6D6764633A426F756E6473206865696768743D223134222077696474683D223130302220783D222D33352220793D222D3136223E3C2F6F6D6764633A426F756E64733E0A20202020202020203C2F62706D6E64693A42504D4E4C6162656C3E0A2020202020203C2F62706D6E64693A42504D4E456467653E0A2020202020203C62706D6E64693A42504D4E456467652062706D6E456C656D656E743D22666C6F7736222069643D2242504D4E456467655F666C6F7736223E0A20202020202020203C6F6D6764693A776179706F696E7420783D223634302220793D223837223E3C2F6F6D6764693A776179706F696E743E0A20202020202020203C6F6D6764693A776179706F696E7420783D223533322220793D22313233223E3C2F6F6D6764693A776179706F696E743E0A20202020202020203C62706D6E64693A42504D4E4C6162656C3E0A202020202020202020203C6F6D6764633A426F756E6473206865696768743D223134222077696474683D223130302220783D222D34392220793D222D3135223E3C2F6F6D6764633A426F756E64733E0A20202020202020203C2F62706D6E64693A42504D4E4C6162656C3E0A2020202020203C2F62706D6E64693A42504D4E456467653E0A2020202020203C62706D6E64693A42504D4E456467652062706D6E456C656D656E743D22666C6F7737222069643D2242504D4E456467655F666C6F7737223E0A20202020202020203C6F6D6764693A776179706F696E7420783D223634302220793D223837223E3C2F6F6D6764693A776179706F696E743E0A20202020202020203C6F6D6764693A776179706F696E7420783D223735352220793D22313135223E3C2F6F6D6764693A776179706F696E743E0A20202020202020203C62706D6E64693A42504D4E4C6162656C3E0A202020202020202020203C6F6D6764633A426F756E6473206865696768743D223134222077696474683D223130302220783D2231302220793D222D3130223E3C2F6F6D6764633A426F756E64733E0A20202020202020203C2F62706D6E64693A42504D4E4C6162656C3E0A2020202020203C2F62706D6E64693A42504D4E456467653E0A2020202020203C62706D6E64693A42504D4E456467652062706D6E456C656D656E743D22666C6F7738222069643D2242504D4E456467655F666C6F7738223E0A20202020202020203C6F6D6764693A776179706F696E7420783D223735352220793D22313730223E3C2F6F6D6764693A776179706F696E743E0A20202020202020203C6F6D6764693A776179706F696E7420783D223636302220793D22323230223E3C2F6F6D6764693A776179706F696E743E0A20202020202020203C62706D6E64693A42504D4E4C6162656C3E0A202020202020202020203C6F6D6764633A426F756E6473206865696768743D223134222077696474683D223130302220783D2231302220793D2230223E3C2F6F6D6764633A426F756E64733E0A20202020202020203C2F62706D6E64693A42504D4E4C6162656C3E0A2020202020203C2F62706D6E64693A42504D4E456467653E0A2020202020203C62706D6E64693A42504D4E456467652062706D6E456C656D656E743D22666C6F7739222069643D2242504D4E456467655F666C6F7739223E0A20202020202020203C6F6D6764693A776179706F696E7420783D223533322220793D22313738223E3C2F6F6D6764693A776179706F696E743E0A20202020202020203C6F6D6764693A776179706F696E7420783D223636302220793D22323230223E3C2F6F6D6764693A776179706F696E743E0A20202020202020203C62706D6E64693A42504D4E4C6162656C3E0A202020202020202020203C6F6D6764633A426F756E6473206865696768743D223134222077696474683D223130302220783D222D38352220793D222D37223E3C2F6F6D6764633A426F756E64733E0A20202020202020203C2F62706D6E64693A42504D4E4C6162656C3E0A2020202020203C2F62706D6E64693A42504D4E456467653E0A2020202020203C62706D6E64693A42504D4E456467652062706D6E456C656D656E743D22666C6F773130222069643D2242504D4E456467655F666C6F773130223E0A20202020202020203C6F6D6764693A776179706F696E7420783D223636302220793D22323630223E3C2F6F6D6764693A776179706F696E743E0A20202020202020203C6F6D6764693A776179706F696E7420783D223636302220793D22323930223E3C2F6F6D6764693A776179706F696E743E0A20202020202020203C62706D6E64693A42504D4E4C6162656C3E0A202020202020202020203C6F6D6764633A426F756E6473206865696768743D223134222077696474683D223130302220783D2231302220793D222D3135223E3C2F6F6D6764633A426F756E64733E0A20202020202020203C2F62706D6E64693A42504D4E4C6162656C3E0A2020202020203C2F62706D6E64693A42504D4E456467653E0A2020202020203C62706D6E64693A42504D4E456467652062706D6E456C656D656E743D22666C6F773131222069643D2242504D4E456467655F666C6F773131223E0A20202020202020203C6F6D6764693A776179706F696E7420783D223630382220793D22333137223E3C2F6F6D6764693A776179706F696E743E0A20202020202020203C6F6D6764693A776179706F696E7420783D223439352220793D22333137223E3C2F6F6D6764693A776179706F696E743E0A20202020202020203C62706D6E64693A42504D4E4C6162656C3E0A202020202020202020203C6F6D6764633A426F756E6473206865696768743D223134222077696474683D223130302220783D222D34322220793D222D3237223E3C2F6F6D6764633A426F756E64733E0A20202020202020203C2F62706D6E64693A42504D4E4C6162656C3E0A2020202020203C2F62706D6E64693A42504D4E456467653E0A2020202020203C62706D6E64693A42504D4E456467652062706D6E456C656D656E743D22666C6F773132222069643D2242504D4E456467655F666C6F773132223E0A20202020202020203C6F6D6764693A776179706F696E7420783D223339302220793D22333137223E3C2F6F6D6764693A776179706F696E743E0A20202020202020203C6F6D6764693A776179706F696E7420783D223238352220793D22333137223E3C2F6F6D6764693A776179706F696E743E0A20202020202020203C62706D6E64693A42504D4E4C6162656C3E0A202020202020202020203C6F6D6764633A426F756E6473206865696768743D223134222077696474683D223130302220783D222D33372220793D222D3237223E3C2F6F6D6764633A426F756E64733E0A20202020202020203C2F62706D6E64693A42504D4E4C6162656C3E0A2020202020203C2F62706D6E64693A42504D4E456467653E0A2020202020203C62706D6E64693A42504D4E456467652062706D6E456C656D656E743D22666C6F773133222069643D2242504D4E456467655F666C6F773133223E0A20202020202020203C6F6D6764693A776179706F696E7420783D223138302220793D22333137223E3C2F6F6D6764693A776179706F696E743E0A20202020202020203C6F6D6764693A776179706F696E7420783D223131352220793D22333137223E3C2F6F6D6764693A776179706F696E743E0A20202020202020203C62706D6E64693A42504D4E4C6162656C3E0A202020202020202020203C6F6D6764633A426F756E6473206865696768743D223134222077696474683D223130302220783D222D31372220793D222D3237223E3C2F6F6D6764633A426F756E64733E0A20202020202020203C2F62706D6E64693A42504D4E4C6162656C3E0A2020202020203C2F62706D6E64693A42504D4E456467653E0A2020202020203C62706D6E64693A42504D4E456467652062706D6E456C656D656E743D22666C6F773134222069643D2242504D4E456467655F666C6F773134223E0A20202020202020203C6F6D6764693A776179706F696E7420783D2236322220793D22323930223E3C2F6F6D6764693A776179706F696E743E0A20202020202020203C6F6D6764693A776179706F696E7420783D2236322220793D22313738223E3C2F6F6D6764693A776179706F696E743E0A20202020202020203C62706D6E64693A42504D4E4C6162656C3E0A202020202020202020203C6F6D6764633A426F756E6473206865696768743D223134222077696474683D223130302220783D2231302220793D2230223E3C2F6F6D6764633A426F756E64733E0A20202020202020203C2F62706D6E64693A42504D4E4C6162656C3E0A2020202020203C2F62706D6E64693A42504D4E456467653E0A2020202020203C62706D6E64693A42504D4E456467652062706D6E456C656D656E743D22666C6F773135222069643D2242504D4E456467655F666C6F773135223E0A20202020202020203C6F6D6764693A776179706F696E7420783D223233322220793D22323930223E3C2F6F6D6764693A776179706F696E743E0A20202020202020203C6F6D6764693A776179706F696E7420783D223233322220793D223935223E3C2F6F6D6764693A776179706F696E743E0A20202020202020203C62706D6E64693A42504D4E4C6162656C3E0A202020202020202020203C6F6D6764633A426F756E6473206865696768743D223134222077696474683D223130302220783D2231302220793D2230223E3C2F6F6D6764633A426F756E64733E0A20202020202020203C2F62706D6E64693A42504D4E4C6162656C3E0A2020202020203C2F62706D6E64693A42504D4E456467653E0A2020202020203C62706D6E64693A42504D4E456467652062706D6E456C656D656E743D22666C6F773136222069643D2242504D4E456467655F666C6F773136223E0A20202020202020203C6F6D6764693A776179706F696E7420783D223233322220793D22323930223E3C2F6F6D6764693A776179706F696E743E0A20202020202020203C6F6D6764693A776179706F696E7420783D2236322220793D22313738223E3C2F6F6D6764693A776179706F696E743E0A20202020202020203C62706D6E64693A42504D4E4C6162656C3E0A202020202020202020203C6F6D6764633A426F756E6473206865696768743D223134222077696474683D223130302220783D222D32372220793D222D3431223E3C2F6F6D6764633A426F756E64733E0A20202020202020203C2F62706D6E64693A42504D4E4C6162656C3E0A2020202020203C2F62706D6E64693A42504D4E456467653E0A202020203C2F62706D6E64693A42504D4E506C616E653E0A20203C2F62706D6E64693A42504D4E4469616772616D3E0A3C2F646566696E6974696F6E733E,0),
 (0x363037,1,0x44656D6F50726F636573732E706E67,0x363035,0x89504E470D0A1A0A0000000D49484452000003350000015E08020000003322A60B0000473249444154789CED9D7F8C1CE57DFFB760E020100E35C1C7EF4D5AC4B62978BF2192D754AD0FAAE2ADD4866D8BF0267F385B21CC4550726A517A6D6A5FD5E09EAA249C9B045D5A30AB46B48B22D39302E61A6CB20543B6C6D8671CC3629FC33AC664C1188EFA6CAFEF876FBECFEDD8C3787E3CF3CCEC3CF3CC33CFFBA58F4FE3D9F9FD79CFF379EFB3BBCFA4340000000000102752A20F0000000000009C05FC190000000040BC803F03000000008817F0670000000000F102FE0C00000000205EC09F0100000000C40BF833000000008078017F0600000000102FE0CF0000000000E205FC190000000040BC803F03000000008817F0670000000000F102FE0C00000000205EC09F0100000000C40BF833000000008078017F0600000000102FE0CF0000000000E205FC190000000040BC803F03000000008817F0670000000000F102FE0C00000000205EC09F0100000000C40BF833000000008078017F0600000000102FE0CF0000000000E205FC190000000040BC803F03000000008817F0670000000000F102FE0C00000000205EC09F0100000000C40BF833000000008078017F0600000000102FE0CF0000000000E205FC190000000040BC803F03000000008817F0670000000000F102FE0C00000000205EC09F0100000000C40BF833000000008078017F067CD06AB52A954AB158ECEDED4DA7D3295521E74EAE40A1502897CB939393A2D3025C816275A05800A403FE0CB0323636465A7952EA9E78E289CD5BB64CECDF3F333BAB669073275760E3C68DAB56AD22D784D43CD1C9010E40B1502C00F2027F06BC216FB84BA5D28A152B0EBE7D70667606618EC3EF1F26358F5C9C66B3293A51E034502C140B80ECC09F010F48A9CB66B38F6D787466761AE1164F3FF3F4D2A54B1B8D86E8740128168A052009C09F010F4AA552BBD49D44D063F396E7962FFF7DD1E902502C140B4012803F0334C6C6C656ACB87D76AE856089AFFFCD83EBD67D5374D294068A8562014806F067C09556AB954EA7DF3ED4989D3B816089A9631F2E597253BD5E179D3A458162A158001203FC1970A55C2E974AA5D9B9E346DC9AFF63C6DFF39BD7522AD6ADFBC7818101D1A9531428168A052031C09F01570A85C2C6A79EFCB8D4DDBEE2579A76E094B66F567B7D5ADB35AD6D9F9A1B7EEAF99F1CFA68DB8CF6BF2D6D5B4BDB7A5C7BEEA4F62F5B77AFEEBB5778E11112AFEEA865B359D1A95314283662C5125FEB381D0111EF8E07FAAF8C311C1D70437A89037E6432993D7B76CECE1DD3833488539A766C5EFB684EFB60463BAE697FF5776B53E75C9CBBBD7068563B38AD1D3CA9355ADAC49CF6A39FED6A77481C5330A68E1DE9EAEA129D3A45816223562CC59F3976529AE7779268C7ED77B8C18821B66CF9F2E58F6DD8D0DBDB0B8B061C11ACE956AB353A3A3A383848DEF8F69E219FCF9339954A05AA154B7777F7FB470ECDCE4DE9415AC0E3A7B4E9530B2FCDCD2FFCFDF1A6FFBEF2377EE71B0F7D7B4ED38ECE691FCD6A1FCC6A2467CFBDF25ABBDA4DA919D2958AC400C546A958FB5A6E733C977C7675EA96F5130EFB98587F8BC981AD7ED6C7AEE38C6ECEB6BFBA6366768EFC8545038E08D334B165C48791F76DC4991137B671E3539BB73CAFC7D3CF6C5AB3666DB15824AD6D2E97C350D7A26857ACA34690FF1E9BD38E9CD0664E9D5E80B4290F7FEF07DFFCD6F70EBEB330D0E5ECBC36D3AE822FBFBACBB2AE522157A94812506C948AA59B24B7FE33877589095BBD9EFC7B56B3415EFAD8B89D76714932677AC0A2014704C87A7C7C5C7F121CF1618640DD62EB4B2FAF5AF5956C365BAD56A33F54C56957ACFF3362A1DA9DD20E1FD7DE9DD266356D667A3A73C30DA9D4B9A954D79D5F5A655E71FB8E9D9675950AB9AA459280622353ACDB2AC67C73CF99BD17CD3C4D6C17B166138E06CDE2CFCE4C3B9A3F293EE5B49B335834E046D46A1E1A1A22666BF396E73D9D9945BB44D37D7D7DAD562BE203569976C5FAC808FDD3A22327B4778E6AEF9DD4B6EFF9C5E2C58BCF5D74FE85977EAAF8E5B3AADD2BAFEEB0ACAB54C4BF48241528361AC55ABE4966B1479E7FCF3652BA3DB358B1339CFDF9A6F101A79BD58BF9ADE766CE60D18023D1A99958AB62B1383030E0CB9999E3FB8F3C42E48B67C64546BB624D1A41FE7B625EFBA0B5D01B71F8A4B6E595FA8D4B6EFED4A72FBFB4FBB21FFCFB8F4E6ADAD4B4767C7A61C5ADB5572CEB2A15312F1209068A8D5EB114ABE4F85FCBBECCAEEC8C537379D9F42D3519FBCFE8E60C160DD88948CDC49CE572B94AA512D89C191F7792EDE09971D1401ABBB9B90F8DD0DB3E52F03E9AD53E9CD1DE393AFBF2EEC692CF7FE1D63FFCA3F7A6B5775BDA7B2DEDC8B446EADDD66DAF58D6552AE25C24920D141BBD62D9BBB29CFC19B15C6763E9423BBB53CD3070D2F59FB19833583460212235178BC5CECD99215F62D1F0416704582A56EFADCB5F7B63DFF6DDF5DA78FDA51DF59776EE7DF9B5FD3FDDF6FACF76BFF5C28EBD2FEE78F3A59D6FD676EDDDBDEF978FFCEB86BB56DE25BCEAC858ED402740B1112BD6B2A2BDC3CCEDD3CFD3587BCC6C9F715AFBCF4E2F2D57FF99A3395BB366AD11B068C09128D43C3434D4C9C79AF6D8B8F1A942A110C1912B4EBBDA7D608EFBEEBB97D2321AFCF99D775A56542AE2592454008A8D58B1747FE6B8B0E9AFD34F024E7B30D397D24C69721C5F83BE53E1B8F59C99E5875E34E00877358F8F8F67B3D910CD991EAB57DF3B3232C2FBE015A75DED8E20FC460C8B842240B1512AD6CD8119D38E9D5B29874F391D7876B5D3701B2E3BA21C9258281F6BD2FD192C1AD022F067C49CB17CE8EE370EBE7DE8BAEBD2F894932B0BD5EED4FB08BF11B722A10E506C648A75B4626E0B58E6D817B631B17EBDAB3D735B9761B39142FFCE99A73F8345037CD53C3A3A5A28144237677A3CF0C0D7868787B91EBFE2B4ABDD6184DF885591500A28168A8D099E3F0860F167B0688AC3F7B624C2F23BD499AF2EB49E9E1EAEC7AF38ED6AF71EC26FA0DA89028A8562E300CBAF3519FD192C9ACA70BC2D899EBABBBB3999333D962E5D5AABD5F89D82E2B4ABDDBB08BF816A270A28168A150EE3501AECFE0C164D5938DE96E572B9542A71F5670FAD5B373030C0EF1454A052A9B88D27D7AE764D84DF40B5E30A140BC50A81223C03F671CE7CF933583435E1785BF6F5F58D8C8C70F5679BB73C4F24CBEF1412CFDEBD7BF506E2924B2ED9B871A3E555543B54BBB801C542B142A00B4F87DD9C05F067B0680AC2F1B6CCE7F32C4F40EF2426F6EFBFEEBA34BF53483CAD56EB9C73CED1DB88F3CE3BEF739FFB9CF90D62BBDAFD0AE13750EDF801C542B142A00B4FF369CE82F9335834D5E0785B721A59C31C47A78E757575F13B0515E8E9E931B714175E78E1DD77DFAD0F5C42FE7BEAD43B08BF816AC71528168A150245786EE66CCD9AB5A9CEC0D3055486E36D49D47CF0ED435CFD99FE2E8488B5C37B00B871EAD42184DF484193E2109E7D192305C5760631678E2315F0F06733F8628F3270F467994CE6E77BF644E0CFF89D820A5C7AE9A5465B506843EEFC7ABDAE9DEE8D781BE137A049AE40B150AC1028C21B1F1F2716EDF0FB4722F067642F64BF648FA2AF07E00EC7DB92EBE0677AE0FB671D323939A9B702C44CDF73CF3DE46FA552315E6D57BB835C8365178ECB98673AB66BC1F615D64909CC69B211A8D8C05AB52CE0869BB6A1D83840179EE662D142F76730674AC1F1B62C954A8F6DD8C0D59F6D7DE9E5A54B97F23B85C473E0C081AEAEAE7C3E9F4EA70706062CDF6968D7865F861B9EED91DB5A9499F657F539C1F615CA398A4A68E2895EB1762159E650846A5980F1F0E8DB84628540179E8E5B2F9ADB273F068CF50EE64C3538DE96C3C3C30F3CF035AEFE8CF8BF55ABBEC2EF1454607474B45C2E3B8EEBC3C99F51AA8EA59831FA2AFB361D2B9CF92FAA9DBC44AC585F3236CF7713A1A7A4294B42B102A108CF80DDA2F9F56730670AC2F1B6243A266F35B8FAB3152B568C8D8D053BBCD4D90FEB35A02C49DF9A9D6007161FDAF5E000A770AA3DD605DC56749C63DE8E791963DA3EC1EFD438A5C398E850B18C920E709062E19459BB9CDCB4E42666BAAACD5BB36C81B756B92A564D182D9A39D73067C011BEB725D79F081C9D3AD6DDDDADFFBC3900E66A679FE9B6B065A6BD40DA97B41B114A658D150BB561BEC123EC5B6699639E7FBA869DBDA465C2BC8C65839697423F3B4EE9B04C683E15AB39793B3741DAFF0BC5DA05C6285A8BF0EC386EC44DBDB2285659582C9A39FB3067C011BEB725D78F38BFFD9DEF908D073EB614B537C2AD19B52FE6B84DCF9994F9F1A15D12DE0A3DF4CD9A37EEB823B7BD1BF3CD134E05EF2D9657399D20A774181381154BDF2C6577E19F0F077864D6ED7A7A2AD04D8D74A99B372EBB6255C6D3A299934B3767575E79E50F7FF843D1270404C0F7B66CB55AE9749AC7286847A78E5D775DBAD96C06382A4AE9F2DB4EA5A8D591BECDF8B789EDAAF00B7E61AA3DB4579DAADDE9052C13E6751DA7DDE6847E5EA1272274C51AD36E42B5EF2BFEF0CEAC5D42963D5234495735E5A6F0DC660C150B089B366DA2583473F6E93D67A3A3A3B95C6E606020F087454052B8DF96954AE5AE952BE3D679A6317F9B875E0BDD6A1B65FB947DC58D763DD81F6E9C5D933C66BA6DC171C2BC05B78DDBF7C22338653614C56A2EB68CBE1D59E09459BB78EC2274132745C06E2F39DE055C452B63AE634EB55ACD66B3945E34B3A2583ED61C1A1A221BACD56A62CF0B444914B7E517EFB863E3C6A74234673FDFB367C9922547A78E7572542C4D9267D14AD9FC196522C00188A55D122678848B67B22EE3B911F384FDAFDB76F89D97B17D4EE908B08CC5AE39A2B1BD9D30168E2D9C326B9793457B94255994EFB811F37C4915AB2CC3C3C3C62398DC2C9A39FB9EE64CA75EAFA3234D29A2B82D894C972E5D1AD60F05887089399BD8BFBFC3A3325726C70A94B2F52BB8CD619CB01F4087A7C09B7655D8C723EC5BB6CC61D9F59902B6CFF86B99635ECC560EB99C97B1474EE9E85CB18E9BB54CD0E7C7194E99B5C8C92236FB92C67C47557B4ADDBE80A48A551052EC0A85427F7FBF79A6DBD0B546B098330374A4A94344B72531FEC4A21153D5B939FBE21D773CFDCCA64E0EC652D58C9994E5DD1660F4676E74721611C0D59FD13D13CBAEDDAA20E3EA1255BB70156B5120FC995FB95204E6A864477D3ACADEAE5E8AC8E3AC5835D1FBB7464747ED2FB18F8BC6F26B4D74A4294274B72511DC92254BB6BEF472271F6B1293D7A1393348D97A1D289E8932DFADC87996B7F8B789E408E7E7F7F208FB96CD737CEDD7B2B09147F3B41BFCCE8E533ACC1381156B99F6F46794ADC50D4E39B58BD36D47F40370149E7DA659BDEC1B8FA1629542FF16BFFE384E47582C9AAFA134D091967822BD2D2727278940D7AC59CBF8040C238E4E1DFBF677BEA37F481AD6C1D8AB1D7D49FB026E7328758E657E7C68D78337117E23327F465FD27101477FE6E8F3E8EE2D9E40B1B152AC3AF4F7F7170A05C7873E99A15BB400E39CA1232DD9447D5B1219117F76C30D19E2B788EB6231678F6DD840967FE081AF11F98678242CD5CE52B728DD159A53E533AFE548E767C19576B5AB23FC86407FE6A958BB0229EF1F1CD7EDEC24F802C5C64AB12A403C193155C3C3C38CCBBB59B44E06A145475A5211735B369B4DF286A3BBBBFB8B77DC41ECD7F6577758C44AE63CF1C47FDCB572255966D5AAAFD01F7916004B71722C5A1DD62DCF8E87F8B789ED6AF706C26FF0C86C588AB5BF8B90579F76A0D8F8285605889D22C6A85AADFA5DCB62D13A7F42003AD21289C8DB9228697474B4542A2D59B2C4526FC81C62CE2A958A678F31E0475757D789133BE7E75F47F80A543B5140B1506C648C8C8C104B14ACEFC06CD1427C7CD3D0D010FD3B70402E705B0257D2E9F45B6FFD647E7E0FC257A0DA89028A856223A0D56AF5B5E9A4B34AB76813FBF787FB6C4DBD4B8F18B5B036080482DB12B892CFE79F1D1B99D77E8E608F37EA3FCE6432A253A728502C14CB9B66B3491CD5C8C848E79B225E8ABCA308FDC1E7C4350E0C0CA0232D01C09F0157C89BB08181BB85D70FB9E2F1F243A5524974EA14058A8562B952AD56899795E29BF8E420D191263BF067C09546A391C97CE6446BFBBCB61BC11885C26D8E035482088062A5532CFDA355FB8F91EDBF8CF1B5C14E303FB5490AA2E948932883D2810B01680C2ED037AFBD866089FFACFC73B198179D34A58162E552AC67C1A6FC10DEF1B7CC2C0EC02FC4E8148B45CB539B648177479A1419941475CF1CB0401AA6DEDE2FD46A3FD4B45D087A349B5B3299CF4C4E6E159D34A5816263ABD86757A76E593F619E43A9E576EC65DEB270CA345E4C8845BD5EAF137F53A954C2DA60F484D09136B1FE1693615AFDECE9D95264505E70098007EDE6E9867A7D54D3C6116E414A1DB105D5EAA3A2D305A0D8582A9614F8D5EBC9BF3395DD5F69D76C7D2D96E53D6B7F303C9FDA24111D75A491F47D6CAE4F3B6D29322835AA9F3F60A17D63DF3034F4979AB613618FD1D1EF6432E96AF5DF44270A9C068A8D9B62494927D66CC26CD0189EAD6299769CB07C046699EEA4C60F0E0EB23CB549228277A459FCD999E998675076D43D73E08BF68D5DEAEDBDB95CFE8766F3394DDB81989CFC9F4AE59F8AC51585422F99169D227016506C9C14ABDB334B99A73D13CF3E4D31019EAFFA457F6A13F16781B710678274A49DFDF9A6F101676C33980C543F7FE08B6AB55A2AFD494FCFAF3BDE4BAAD1DD7D49B1783B2978A2D3025C8162CD8852ACD9959D716A0B500ED55837E5FE6997E36294398C047B6A935C181D69CD66936905A7CF37B5B8663031A87EFE40527EF3377F53F42100005820E5FC6C4C9F8E190B794EA7BCBEBD44B108EC542A95C04F6D928E5AAD96C964CAE5B2F7A267777C1A263B86194C12AA9F3F9091C71F7F9CDCBA070E1C107D2000002FCC3D660B7C5CEA03F4BED8FF5A16A3CCA1A33FB5A9582C2AF588F1C9C9C952A994CFE73D3AD2ACFD67A7331AAB0C260FD5CF1FC8C8A2458BC8AD7BD34D37893E10009848D277CCFD72F64F02DA9CA9EF8CBD2F968ACEA3F725C4A736C9C8D8D89847471AC3F81A62339848543F7F201D7FF6677FA6DFBAE79C73CE934F3E29FA7000F04691CFCBFCC258DDED33DDE60443FFBEBC144F6DE2076B47DAD9C4248349055707C8C4810307CCEFAE2EBAE822D147048037A13F033B01B8D566C78E13CB1C4B1F0C1DFA610C0F0FFBF89A7CD2F1EE483311930C261875CF1CC8C815575C61BE6FCF3DF7DCBBEFBE5BF44101E041B27F0C2829523FB5891FC13AD2000FE0CF8034583ACF0C8BA6F2977B8014087C003970A4D168E47239A99FDAC4155F1D698013F067401A56AD5AA57BB20B2EB8C0F067647A787858F4A1014003752E5610BB9CCD66F1A1331D74A40907FE0C48C3F7BFFFFD5FFBB55F5BB46811F99B6AFF3E4007FE0CC41C48343E24EFA94D5C41479A40E0CF804C3CF9E4935BB76ED5CE7CDB944CE3279C20FE24F5494172413C197166C8855F8C8E3498DA88813F0352A2F28F7A8074E04BE8C2D19FDA842F020646EF48237F451F8842A0C80129813F0312512A95441F82D228F5D4267E349BCD7C3E4FC46CE948FBEE77BFFBE0830F8A3AAA04832207A404FE0C4844A150107D08EAD2DFDFAFDA539BB8522E97CD1D69C4AB91D6F8B2CB2E1B1818107B60C903450E4809FC199088DEDE5ED187A022CD663397CBE1C719A163EE487BF8E187F59FD2138B862FA8850B8A1C9012F8332011D96C56F42128079EDAC41BBD23ADA7A747F767975F7EF9FDF7DF2FFAA012058A1C9012F8332011E9745AF421A8C5C8C8486F6F2F06EEE2CD5FFCC55F98470BBFE28A2B30AA5C88A0C80129216D81CA5F28A13C9CCED1B91ACFB973DC02E53977F0C1A1D0DDDD2DFA1054417F6A535F5F9FCAED43343CF8E0839606E4FCF3CFBFF9E69B451F577240E30BA484B4054AFD1A8BE581C1F665ECCB1BD36EC6CED1B779EE1A50989C9C843F8B063CB5294A0606064883D0D3D393C964962D5BF6894F7CE2C20B2FBCFAEAAB31986D58A0B5055242DA05653BD2D94D126549BB51B32C6CEE72832DEB047DE42DD147917CAAD52A9EDA143DC413932B3F3838582A958851236DC535D75C23FAA012029A5D2025A415208D82E8A38808C63E2D7B3F99A73FB374B6595E759C007E191D1DC5F81AE1F2E0830F5A3A69883FE8EDEDC5EF078563FCB453F4812401B4B9404A885D50AA17DDD13C69D44E2FCDF635354733679970FB3CD4FE126064B08DE8A3480EF7DD771FD1E105175CA07FC30C4F6D8A0F2423954AA5582C12AF9C4EA73DDF58261572EEE40A10599222D5C97B06B4B6404AC83DA0D45B344A5BE0B680E6F2B300CA06E9BB8BEE6C93452E97C3280F61B16DDB365D8D37DE78E3E8E868BD5E2797174F6D8A03636363C4971073F6C4134F6CDEB26562FFFE99D95935839C3BB9021B376E5CB56A15B92681BB12D0E60229210D742693117D14D1E1E8B134A78F1DEDAFBAF933C65DB8CD012C341A0D0CAE1122D75E7BADEECF3EF1894F5C73CD35C4A5118B26FAA054477F80FA8A152B0EBE7D70667606618EC3EF1F262E8D5C9C00A3BDA0CD0552421A68A5BE0BECD97F665F4663F067F68529BB8BE44493C6F0F0301E8E1E16EBD7AFB768925834751A817842CC19698A1FDBF0E8CCEC34C22D9E7EE6E9A54B97FA1D73006D2E9012D2342B5BF9E856C957FF99A78D63DC2970A4D56AA5D3698C921A0AC40774757599CD594F4FCF9D77DE89DF5E88A5542AB5CDD949043D366F796EF9F2DFF7756DD1E6022949B5C7A755A7F831F69F51FE9AB7A3A1FF2C12868686F0D0E8B0203EECC20B2FBCFEFAEB2FBEF8E2DFFDDDDFCD66B3E4F6CFE7F3F8CDA640C6C6C656ACB87D76AE856089AFFFCD83EBD67D93FDF2A2CD0552A2DB856AB5AAE093A71DAD92A563CC71C26D2665B32030A47411F720FA2892432E972312EDEEEE5EB972E5E0E020B9F7951AA13A86E8EF90DF3ED4989D3B816089A9631F2E597213FB3726D122032931CC0469A913FF2927A5F3CCDE8516E0C34A4B2F1AE3BE00855AAD86E1B842845881BE36786A537C2897CBA5526976EEB811B7E6FFD8B301D131AFA554AC5BF78FEC7DEA686D8194988D02913B3EE600F16168682897CB7112248698D2096B8829101872F1373EF5E4C7E6ECF615BFD2B403A7B47DB3DAEBD3DAAE696DFBD4DCF053CFFFE4D047DB66B4FF6D69DB5ADAD6E3DA7327B57FD9BA7B75DFBDC2AD92907875478DFD6922F067404A526777E4E843EF0C0E0E2AF2753410438873225E2193C9F0FBCE1986980A7D8829101822F53D7B76CECE1DD383B4C9539A766C5EFB684EFB60463BAE697FF5776B53E75C9CBBBD7068563B38AD1D3CA9355ADAC49CF6A39FED4A2D74A11D5330A68E1DE9EAEA62BCC2F067404A52B60FDAC87B68E2CFF4AF0CEB5F4F11715C40396AB5DAF0F030F14C447BA55289D3705C18628AD310532030DDDDDDEF1F39343B37A50769938F9FD2A64F2DBC3437BFF0F7C79BFEFBCADFF89D6F3CF4ED394D3B3AA77D34AB7D30AB4D6ADA73AFBCD6F667536A86BD78B9017F06A4C44DE2AD566B6C6C4C7F189FB08F5E804AE472B9FEFEFE4AA5C2CF1C6088297E434C81C0A4163CD65123C87F8FCD69474E6833A74E2F4074FBF0F77EF0CD6F7DEFE03B0BB7C6ECBC36D3F66D2FBFBACBB2AE5291823F03C9865DE200C80E8698E237C414084CDB63FD9F110BFEEC9476F8B8F6EE9436AB6933D3D3991B6E48A5CE4DA5BAEEFCD22AF38ADB77ECB4ACAB54C09F8184037F061401434C711D620A04A6EDB13E3222D5FE7CF3C809ED9DA3DA7B27B5ED7B7EB178F1E273179D7FE1A59F2A7EF92C7FF6CAAB3B2CEB2A15F06720E1C09F0115C01053BC87980281697BAC4923C87F4FCC6B1FB416FACF0E9FD4B6BC52BF71C9CD9FFAF4E597765FF6837FFFD1494D9B9AD68E4F2FACB8B5F68A655DA502FE0C241CF833A00218622A40F81A620A0486686C6EEE4323F4369958B48F66B50F67B4778ECEBEBCBBB1E4F35FB8F50FFFE8BD69EDDD96F65E4B3B32AD1187B675DB2B9675950AF8339070E0CF800A6088A900E16B882910188BC7EABD75F96B6FECDBBEBB5E1BAFBFB4A3FED2CEBD2FBFB6FFA7DB5EFFD9EEB75ED8B1F7C51D6FBEB4F3CDDAAEBDBBF7FDF2917FDD70D7CABB84FB24F83300B8007F065400434CF11E620A04A6EDCF3E30C77DF7DDCBD2B3FBE777DE695951A9803F030907FE0CA8008698E23DC414084CDB9F1D41F80DF8339070D0FE0215C01053BC8798028159F067A7DE47F80DF8339070D0FE0215C01053BC8798028169FBB3C308BF017F06120EDA5FA00218628AF7105320306D7FF61EC26FC09F818483F617A8008698E23DC414084CDB9FBD8BF01BF06720E1A0FD052A8021A6780F610002D3F6674D84DF803F030907ED2F50010C31057F165BE0CFE0CF007000ED2F50010C31C57B88291098B63FFB15C26FC09F818483F617A8008698E23DC414080CB9C8A74EBD83F01BF06720E1A0FD052A8021A6780F310502D3F66787107E2399FEACD56A8D8E8E0E0E0E160A85DE33E4F37932A75C2E379B4DD10708A203ED2F50010C31C57B88291098B63F7B1BE13792E6CF882D239ECCF32B17D96C76646484D838D1C70BB883F617A8008698E23DC414084CDB9F1D8C3EE8FB35BFEAE813FC6E90C7F1B35E61AEF9EB9C6AB59ACBE558BE0F6B904EA7899F137DE0802F687F810AA430C414E721A64060DAB6E697D18793E5B22E6099B0BCE4E922781F3FEB15E69ABF4E68B55AA552C972D5B2D9ECD7BFFE371B373EB579CBF346AC59B376C58A1596250B85C2E4E4A4E89300BC40FB0B542085210C380F610002C3D7C7EC1B5C662AE8F76CB27A2FBB1B73744274C766D835FA76E0CFCEA2D96C5ABACD1E78E06B13FBF7CFCCCEB9C5E1F78F7CFF91477A7A7ACC1D69E3E3E3A24F057001ED2F5001F833F8B3D8D236340778C5BEB5CB96ADDD77FABFE57B529F1FDE77C0BE47FA31E8AF9A7AC5CE5ADE98B64F700DB9FD59A3D120D6CAB8A6F97C9EEECC2C2E6DCD9AB5C6BA5D5D5DB55A4DF40981F041FB0B54208521A6380F310502B3E066E61BBC62A2EDCF4EFFB77CCF9969EB2791264E991630A61D27CCCB985FB5BFC42324F667AD56CBDC73F6D0BA758CCECC1C4F3CF11FC49919BD68F86967F240FB0B54208521A6380F310502D3F6316FF18A8935E6CF3753AB1FD7E79B77EA39ED62E3DE6279955F48ECCF8AC5A271A5366E7C2A8039D363FBAB3BBABBBBF5EDF4F6F68A3E2D1032687F810AA430C414E721A64060DA6EE617BC82F8B3656BF69DFEEF8685CF372716A6A9FD67A7D735A6ED47E8B818650E8F90D59F8D8E8E76D873668EA79FD9646C6D787858F4C9813041FB0B54208521A6380F310502D37633FB79C5C4DF2F5BF6F7FBCEFC77D3EAD43D9B1626CC3BF59CD6274C06CEBA9893C9E37646A6FDB25E61AEF9F34B369BD5AF513E9FEFD09CE9617C17ADA7A707E3A22509B4BF40055218628AF3105320306D3733C12B26BEB16CD937F69DFEEF63F7A48A9BDAD3D4FEB3D3EB1AD3FA84FDAF6531CA1C1E21A53FAB542AFA55EEEAEA3AF8F6A150FCD9D1A963C62F3AFBFBFB459F22080DB4BF40055218628AF3100620306D37B38F57107F6652CB3D9B4ECF37EF9432ADFFD7F86B99635ECC66F2B89D9169BFAC57986BFE7CD1DBDBAB5FA0071EF85A28E64C8FC7366CD037DBDDDD2DFA144168A0FD052A10813FDB744F6AD9F00B8EDE8B328762D42C0B1B768DBE1DF833E988C6CDD8CD0DFBB4FD08851CB3F4FE6C7272D230B061759E1971DD75697DCBD56A55F489827040FB0B5420C57B40A67D6B97DDB37678D99737B90F28453F8694E4434C81C0908B3C3FBF37CA70DBA3AE3DFAC28644CDD36EF03E0BD62BCC357FEC94CB65FDBAF4F6F6866BCE48AC5E7DAFBEF1818101D1270AC201ED2F508114E7A198DA5FBB6EEC1BFE3CF96B1902CA91E40D310502D3F6316F22FC867CFEACAFAF4FBF693BFFD9A63D366F795EDF782E97137DA2201CD0FE021548F11D90E9F17B525FDAA48F35B5309601EBB052491A620A04A6EDCFEA08BF219F3FCBE7F3FAADFBF4339B42F76713FB4FFF92369D4E8B3E51100E687F810AA4780EC8B46FF8F3CB867FAA4FB73BD23E1E9FC9BDFF2C69434C81C0B4FDD91B08BF219F3F3346D6D8FEEA8ED0FD1909A37D117DA2201C904AA002298E03326DB8C762BECE0C3765DEA9E7744AF221A64060BABABA4E9CD8393FFF3AC257C8E7CF8C5130D81FB5E92B8CED8B3E51100E4825508114BF0199361553AB1F33CDD932BCECFF0D4F2837C414084C3A9D7EEBAD9FCCCFEF41F80AF9FC592693D1EFFF9FEFD9C3C39F198FE3147DA2201C904AA002296EC3010C2F5BB9C93273D3CAB663536B882910987C3EFFECD8C8BCF673047BBC51FF31713B8C57382E2236063FDBBCE5F9D0CDD9E1F78FE81BC710688901ED2F508168DC8CDDDCB04FDB8F50C831C39F45CFD0D0D0C0C0DDC21D8F5CF178F9A152A9C47885E3226272C4BA85FAFE238F84EECF7EBE678FBEF16C362BFA444138A0FD052A90C210539C8798028169341A99CC674EB4B6CF6BBB118C5128DC363A3ACA7885E32262E2C4F59B76D5AAAF84EECF1E5AB74EDF78B158147DA2201CD0FE021548618829CE434C814E185CA06F5E7B0DC112FF59F9E76231CF7E79E322E27ABD6E7C047974EA58B8FE6CF9F2E5FAC6CBE5B2E81305E180F617A8400A434C711E620A7442ABD5EAEDFD42ADF6434DDB85A047B3B92593F9CCE4E456F6CB1B2311A7D369DD456DDCF85488E6CC18FC8C30393929FA2C4138A0FD052A90C210539C8798021D52AFD7B3D91BEAF5514D1B47B8053167C4C856AB8FFABAB63112F1C0C080EEA2962C59126217DA17EFB843DF6CA150107D8A2034D0FE0215C01053BC8798029D53ABD588451B1AFA4B4DDB89B0C7E8E877329974B5FA6F7E2F6C8C443C3939698C5216D6539EB6BEF4B2D179363E3E2EFA144168A0FD052A8021A6780F310542A1D56A0D0C947A7B6F2E97FFA1D97C4ED376202627FFA752F9A7627145A1D04BA6035CD5788978787858F752E45D63E7036D4CECDF6F18BEBEBE3ED12707C204ED2F50010C3115207C0D310542A45AAD964A7FD2D3F3EB9EBFDE5581EEEE4B8AC5DB89450B7C3D6357E472B99C7E6EC45A75F22C81A353C7962C59626CAAD96C8A3E33102629F833A00018622A40F81A620AC4017C35DC91D815B946A3D1DDDD6DF8AA608FE33CF8F621C39C75757511532FFAB440C8C09F0115C01053BC879802C221E6ACB7B757F451C49138163962A78C1E42E2AEFC8E58BBF5A5978D8F3509B7DC720B69E3449F130819F833A00818628AEB1053402CBA39C3B7C31D89699123EF7E8C5EB454FB179D4F3FB389A5DBECAE952BCD1F000F0F0FD7EBF54F7EF293CB962D7BF1C517459F16080DF833A00818628AEB10534020306774E25BE488AF321E9A6EB8B4356BD6DA1FA04E6CD9F71F7964C58A15677F35AFDBF858F3AB5FFDAA3EF3A28B2EBAFDF6DB61D41200FC1950070C31C56F8829200A98334F625DE448FE060707BBBABA1C7F1CB174E952B7978AC5A2E507019FFEF4A7CD0B10A376D75D77E13B89F2027F069402434C711A620A0801E68C05098A1C715AC6D3D33D2129270D997D232FBCF0C279E79D672CF6A77FFAA7DDDDDDFDFDFDD19F0E0805F833A01A18628AC71053207A60CE1891A6C891B6A952A910A396CD662D9E2C9D4E170A85919111FA201AB7DD769BBEFCB265CBC846200EA9813F036A8221A6CC743EC4148818983376242E727E47B821EEEDFCF3CF27B7F455575D75C71D77703A2A100D29F8330094A4AFAFCFF14312107F60CE7C216B91DBB66D5BCAFFF3CEEFBCF3CEDFFAADDF4AA7D37FFDD77F8D0F37A506FE0C0035A9D7EBB95C6E606040F481007FC09CF945D62277EDB5D7920A7DFFFDF7FB5AABD56A150A8572B9ACB59F258531A6E505FE0C0095191A1A222E8D7835D107029880390B8094456EFDFAF5FA970FAEB8E28A4EF24D8C5A3E9F27A62DC46303D1007F0680E2B47FD39A1D1919117D20C00398B360C857E448A68D6135CE3FFFFC9B6FBEB993AD8D8D8D118B868136A403FE0C0040DE5DF7F5F591361C4F588E2D30678191AFC8150A05F3EF77AEBDF65AFDF3CAC054AB55A21E5834B9803F0300E890B7D9994C86FC157D20C00ACC59274856E448B2ED3FB1BEFAEAAB3BFC8C92A8279BCDE2319D12017F06003020A5219FCF974A257C5F253EC09C75886445EED1471FD53DD98D37DE68F8B3DFFEEDDF361EE5141862CEA02489803F0300582897CBE49D3646DF880330679D2359917BF1C5172FBEF8E2743AAD3F3DBDA7CDE5975FDEB93FD360D1A402FE0C0060471F7D63707050F481280DCC5928C857E448CAF50F22F50A4DA64314015115B9B7F13D86F8037F06007083F8338CBE210A98B3B090B8C871AAD0E631D2406C813F030050D047DF404B1E31306721227191E357A189452B954A185627CEC09F0100E8E82D3946DF880C98B37091B8C8F1AED07D7D7DF812436C813F0300B030363696CD66F1AD15DEC09C858EC4452E820A4DFC197169BCF70202007F060060A4D96CE6F379D29863F40D4EC09CF140E222174D851E1919C1983A3104FE0C00E00BD29863F40D1EC09C7142E2221759852E97CB8542218045331F21CBD1D297B10FCCABB247F17BEE948BE6B8297DA625832CD75FE5A4001073F4D137868686441F48728039E387C4B524CA4238363616E019506ED59D6579CB5A8C8BA963E03C4F8DE53AD897B12F6F4CBB193BCAC54F760A0090948181018CBE110A30675C91B878445CF96AB51A1122FBEF801C6BBC463D6C96FE185F7D36093607BE4E8D7D6196ECB83936C3AEF93D3C0040C490F69C58348CBED1093067BC91B88A445F028910C92DCDF2984E7309A7976D4FEB66D99463DF0CFC99FD55963E2DFBC5F7F467E62DD0BBD9127CF101F0BC01CDD32C9DCAEC6F5CD9774D87D80B7DF40DBF1F8C00AD63739600FD44408C0EC52F42AE233167C4A2798AD251469EAA72D41FA5DE9B5FA21B91E4E1796A8ED7D0BEA2C569592E9DF91ABA4DB8E5CBFE120089C1B3A9F16CB828AD16E59E72FC2FE3761C191B1BCB6432187DC3179DF79C25463F5C91B87888BA70CD66934893E5474076895054E8F8AAE66E0B1C27281B4F189EA7E679BF39CEB7A789B2BC65B158DDD80084C5B3AB53B7AC9F30CFA1B7636E2FB9B5576EB79E7D2D965B2CC07DA78FBED1DFDF8FDFE9B3E0C39C4DACBFC594ACD5CF9E9E9D30FDF0234687E21781D7511728FD2D974516E6F98EE55F7339238A3ADDF44ADF6032F03C35F68B6C7FD5717996157D1D210012404AECEAF5E4DF99DAEA5BEAC63D65347DF4FBCBF3EE733C0037D84E7281E1E1618CBEE189BF9E33229E8FADFD699F9F54FDF040E21222F6DAD11FD369CF2E8B5BEFC49FC5535EFCF03C35966B629FEF79FF539A09752E3E5007525489359B301B34E6CE6963DA71C27E335AB6AF3935A49A4B7DF59C66A15EAF13F381D137DCF0FDB1A6C59F9D994EAA7E4247E21222FCDA05784C27BB32CC330DA95916B34F78EE2E31F83A35FAC2F6143826C5FC1265B1604708402CD1ED99A5D032D5334BAD752CC39EAFD237C57E0CEC90565D1F7D83E577604A11E43B67677FBE697CC09960FD848BC42544F8B5D3A13CA6D31081A3688C651CA7E9732CF359369E303C4FCDF1BE75BC2DDDFE9AB7637EC93287B2BBF04E170001985DD919A7B600FBCDA579356B9E8D1ECB7DC4723CBEA8D56AD96C16A36F1804FC4180D3E79B9A02FA090B894B88F06B6740FC59A95432CF714CADDB4CC76947DC168EADBCF8E1EBD41C17B6DFFF8E2D0263330140E22005F56C4C9F4F190B794EA73A78636399E9D9B885D8EEE9A36F140A058CBE11FCD79A6777BB1A165F05FD84425C8E2300F1B9885AFB1950C56291E5E73F66D9D1B1AC653FDF94BB75A0CF4F00F45363BFB66EF73C7D77947B9E9E4700A4C1DC63B6C0C7C596F1CE324FD8FF5A16A3CC717CC96D45FB2E3A61747454F1D1373A1A4AC3DA7F765A4FEAE8A743627110C188C91534A8542AC11ED3090210B7EC039030CEFE49409B3315D6ADCE51DEF958DED25816A3BFA5715BD1B28CDB4487E8A36F0C0C0C28D8B6773ACE19C3F81A89D74F27883F82C0C4E1F259206FB372B91CFAC3232086D907401118EBAB7DA6DB1CCA8E28C5D86D19B7D53B616868289BCD2AF52C237E8F6F52503FC190B8C8C5B3421335134DE3B73FBC8967F601483C6EB79E5BD7857D194B8F881BF45D530EC3D7E9B053AFD7C9DB6F4546DF88C69C59E6275B3F0188D1A1F82556D7D10C2C5A04C436FB0080A4628CBED16C36451F0B47F0E0F3982071918B738526E64CB5CEF0888973F6010009A656AB653299A48EBE0173161F242E7231AFD0BACAABD5AAE803492631CF3E0020C1E8A36F148BC5847DDB18E62C56485CE4E25FA189D6F3F9BCCABFCDE647FCB30F004836954A2593C924E64D38CC59DC90B8C84951A15BAD16B16849ED09178814D90700249B66B3493C4D0246DF80398B21121739892A74A9541A1E1E167D148942A2EC0300928D3EFA46BD5E177D200181398B27121739B92A747F7FBFDB633A4100E4CA3E0020D91073462C9A8CA36FC09CC516898B9C7415DAFE984E1018E9B20F004836FAE81BC4EB4834FA06CC599C91B8C8C958A1D91FD309E8C8987D0040E2A956ABB28CBE01731673242E72925668FD319D09FB5576F4489A7D0040E2D147DF20C4B99D87398B3F121739792BF4D8D818B931E27CEBC61F79B30F00508172B99CC9646AB59AE8037100E64C0A242E725257687263E472393C032A3052671F00A002CD6693B4F3711B7D03E64C16242E72B257E87ABD4E6E12797F922D16D9B30F005084A1A121E2D24435F59B376F367F190EE64C22242E7209A8D08D4683DCB7B855029080EC0300148134F2E18EBEA17FC58DE54B329FFDEC67496BA92F097326171217B9645468FD86C133A0FC928CEC030014411F7D239FCF773EFA06A91ACB972F7F6CC306CFEF316FDBB68D34958B172FEEEFEF8739930E898B5C622A34B96D0A85C2E8E8A8E8039189C4641F00A00EE4AD782693A9542AE699DFFDEE771F7CF041C62DE8E66CFBAB3B6666E7C85FBA45BBF1C61B536D2EB9E492EBAFBF1EE64C2E242E7249AAD0E4AD15B168520C99131392947D00803A103B552C168D4F27C95FD29A5D76D9650303032CEB1AE64C0F8A45D33BCF0C162D5AB478F1623C695022242E72C9ABD0E48E95F1F12042485EF60100EA40DE8D67B3D95AADF6F0C30FEBFE895834FA8795767346B76846E75957571779FF9F4EA7F17567B990B8C825B2420FB4117D141290C8EC0300D4A1D1687CEE739F5BB46891EEA22EBFFCF2FBEFBFDF6D613773E666D1F4CEB3ABAEBAEA8A2BAEB8F2CA2BC99B7F0CE7241D1217B9A456E8A1A1213CA6D393A4661F00A008DFFAD6B7526743BC9463FF16DD9C395A34B2FCE2C58BBBBABABEF8C52FC299498AC4452EC115BA5C2E170A85580D691837129C7D00800ADC76DB6D9FFCE427CDFEECFCF3CFBFF9E69B2D8BB19833BB45BBFEFAEB7B7A7A366DDA24E2CC4038485CE4925DA1474747F1984E0AC9CE3E0020F1E86398111795C9647EEFF77EEFB2CB2EBBE0820BAEBAEA2ACB70B27673B666CD5A231C2DDA8103073094460290B8C825BE42E3319D14129F7D00800A341A8D6AB53A383848BCDA4D37DDA47F694C7FC9ADE7CCDCE5C6F25D342029121739152A341ED3E9860AD90700A8863E1CA63EFA86DBC79A747F068B9618242E728A5468FD319DE8A9B6A048F601000A42FFCE99A73F83454B06121739752A74A3D18045B3A04EF601004AE1F98300167F068B9600242E724A5568728FE572393CA6D340A9EC03001481E5D79A8CFE0C164D76242E72EC153AE54427FBA2AFCEC93AE8CF80B23CB84D59E0CF0000098371280D767F068B26351217394F9364F761F6551CAD9BE78AF6FFD209727A4E108B562C16F1984E0DFE0C00902CD8C739F3E5CF60D1E445E222E759A1593ABDDC36629E6F4C337A2FDED6A1542A0D0E0E72DD45FC813F03002406767316C09FC1A2498AC4458EDD9F517C95A73F735CD2BE56049D6766883FEBEFEFE7B16559803F030024035FE62C983F83459311898B9C2F7F467989EEAB1C6D16658394E970191E1E56F9319DF067008004E066CED6AC594B294F2CB83D5D00164D16242E7201FC196582BE71373FE7B87C34FE4C6B3FA6339FCFABF9984EF83300400220E66CF396E7EDDD5D3CFC1909B22F62D1449F346042E22217993F63B102949BC473DD4E181B1B23164DC1F743F067008004303E3E4E2CDAE1F78F44E0CFC85E3094A644485CE4C2F267745F6599E3E9BDA2B16566AAD5AA825DD6F067008064E068D142F7673067D221719163F16786A9B2AC629F60DC788ADAAF66DE5D940682DC72D96C56A9C774C29F010012835B2F5A58BF0F80399311898B1CBD42D3CD93E746EC8BD95777DB94A7F9E3816ACF80823F03002409768BE6D79FC19C498AC445CE578576F35594CE61F3026ECBBB2D6359DEE7990544298B067F060048188C16CD973F83399317898B1C63857674489C3EDFF475603C50E7319DF0670080E4C162D1D8FD19CC99D4485CE450A11DD11FD399F8674021FB008044E269D118FD19CC99EC485CE450A1DD2016AD542A8D8C8C883E108E20FB0080A442B7682CFE0CE62C01485CE450A1E9F4F5F525F8319DC83E0020C1502C9AA73F83394B0612173954684F883F232E4DF4517001D90700241B378B46F76730678941E222870ACDC2C8C848A9544ADE33A0907D0040E2711BBAD60898B304237191438566A45C2E170A85845934641F00A002ECE3A2C19C250C898B1C2A343B636363097B0614B20F005004168B0673963C242E72A8D0BEA8D56AE4EE6D369BA20F241C907D00803AD02D1ACC592291B8C8A142FB85DCBDB95C2E198FE944F601004AE166D160CE928AC4450E153A00C49C118B96803B19D90700A886DDA2C19C2518898B1C2A74309ACD26B99F6BB59AE803E908641F00A020668B0673966C242E72A8D081999C9C2477B5D48FE944F601006AA25BB489FDFB61CE928DC4450E15BA13647F4C27B20F00501662CBD2E934CC59B291B8C8A1427788D48FE944F601002A435A6FD18700F822719143850E05491FD389EC030054269436D0B211CA36D977C7B811B4E19E487C8190DDB020FE4CBAB762C83E0040653CDBC0940BF48D38CEB1AC4EF92F7D8FEC761068F06740A75C2E178B45899E0185EC03005486C59F79CE34FEEBE9E4DCD6F23C12BB3FF3B52F9591F8A220A3E152A954247A4C27B20F005019BFFECCEEA52C7D606EAB3B1A2CCA31B8CDB45831B4E19E487C8190DDD0191B1BCBE572523CA613D90700A80C8B3FA3582BC78DD0BD1AA5DB8CE5C34DFB16184F445924BE2E482A0FC6C7C77B7B7BE3FF0C28641F00A0328CFD67F41E2F379F44FFDCD3D19FB14C1B2BE2934D1624BE34C82B27A4B068C83E004065D83FDFA47456B17CBEC9B26596FE33C7398CE7A226125F1464941FC49C65B3D9380F7E88EC030054A6737FE6E69F3CE73BFA33B75D982760CE7C21F1754152B9A23F03AA5AAD8A3E1067907D0080CA30FA33474745F146F439147FE6D97F665E1DE68C05892F0DF2CA1B62D1F2F97C3C1FD389EC03005486C59FB959ABCEFD99DB27959469C7FFA225A720F1A5415E23A0D56A118B16C3C77422FB00009561FF7CD33EDFAF3F73FB7CD3EF81E1F34D5F487C5D90D4C828954AC3C3C3A28FE22C907D0080CA043649DAD9DD60C61CB78F26299F6FFADDB57DBF2C47AB2C125F1464344AFAFBFB63F5984E641F00A0326803138FC409863A2326568FE944F601002A833630F1489C60A8337AE2F3984E641F00A0326803138FC409863A85A03FA653F833A0907D0080CAA00D4C3C122718EA14C5D8D8586F6FAF588B86EC030054066D60E29138C150A740C6C7C773B99CC0674021FB000095411B9878244E30D429967ABDDEDBDB4BFE0AD93BB20F005019B4818947E204439DC269341AB95C4EC8633A917D0080CAA00D4C3C122718EA8C03FA633AA37F0614B20F00508D4AA5429ABEAEAEAE6C364B267A7A7AC8DF8B2EBA48D4E718802B12173954E898402C5AA150181D1D8D72A7C83E004035FEEBBFFECB3ECAFFADB7DE1A71F30BA241E222870A1D1F5AAD16B168513EA613D90700A80669692FB8E002B339BBE9A69B7A7A7A840F78047820719143858E1BA552696868289A7D21FB000005F9DBBFFDDB458B1619FEECAB5FFDEAC0C080E883025C90B8C8A142C790813611EC08D90700A8C9E2C58B7573B672E5CA743A1D8707BA001E485CE450A1E3C9D0D050048FE944F601006AF2C20B2F9C77DE79A40DCCE7F3F8E6598291B8C8A142C79672B95C2814B8BEAB43F60100CA72DB6DB7E9FE4CF481008E485CE450A1E30C7957C7F5319DC83E0040599ACD26690331AC46B291B8C8A142C71CFD319D9C368EEC030054066D60E2F19DE056AB55A9548AC52229BDE974DA3E168B2290732757401F54429DDF3623FB3A6A665F14509D0E541707A0461DA83102FCF9B3B1B131921522CD279E7862F3962D13FBF7CFCCCEAA19E4DCC915D8B871E3AA55ABC835E97CE8AF94EDCD907D0EFBAB3C40F6F965DF2F6ED9F7AB8AE855E417A88E9FEA8CEC5B4A2F65495F2F055E3EB6F2861AF9A911D861952F31C8A55269C58A1507DF3E38333B8330C7E1F70F138D928BD36C368367C2D63E525A4C7D8E5B4B4A21D8B121FB51669FB1587AD630C7EDD0E5117A3DEB04A82E02D55926B440DE285CC9C553DE50236F35023B4C7A25D2CC66B38F6D787466761AE1164F3FF3F4D2A54B1B8D469034D89A244A23456F4C599A515F20FBBCB3EF98209632C99250CB32F455E2E3CFA0BA0854C7C9EB7422B978CA1B6A8C408DC00E935EC9FB86B6344F22E8B179CB73CB97FF7E47F970316A6EFF755BC0B1310DD63C21FB1167DF31AD6E333D6D9C7D826575E140755C5547315B8125D1B9E4622B6FA891AB1A811BDEF21D1B1B5BB1E2F6D9B9168225BEFE370FAE5BF7CD8E52E2E2A528EF592DEF7AE95BF605B21F65F6E9BEDCD1793BBE64DE8263257323F091870B54178DEADC24E1B698E622CBCE25176779438DD1A811D8F1906CABD54AA7D36F1F6ACCCE9D40B0C4D4B10F972CB929D8B0349646C4ADADA4B73B8ECD9CA52D6304D98F32FB1AB51006D88839E96E5B0E658FE102D545A63A968C3B36416E7322905CC4F2861A235323B0E321D972B95C2A9566E78E1B716BFE8F296F50CC98D7522AD6ADFB47BFCFA0A4BCBDF3FBCECFD18A05F367C87E94D9A7E0776B94FFD277E76B479C80EAA2519DE6DE6B9572F2406E733CFFEBB8FDC0928B58DE5063646A04763C245B2814363EF5E4C7D2BC7DC5AF34EDC0296DDFACF6FAB4B66B5ADB3E3537FCD4F33F39F4D1B619ED7F5BDAB696B6F5B8F6DC49ED5FB6EE5EDD77AF70A108895777D4B2D96C906478B5292C4D4F2A3C7F86EC47997D8DFA76DFB318D873EDB68CDB5EFCCA8313505D04AA736B5E28CB5316E85C72B19537D418811A811B1E92CD64327BF6EC9C9D3BA60791F894A61D9BD73E9AD33E98D18E6BDA5FFDDDDAD43917E76E2F1C9AD50E4E6B074F6A8D963631A7FDE867BB520B6F208E291853C78E747575054F89FF2F90B1B45FF42D3B82EC479C7D9672E29944CFA2CB52050502D545A63A8BA7A1CB80BD5DEA4472719337D418991A811D0FC9767777BF7FE4D0ECDC941E4470C74F69D3A7165E9A9B5FF8FBE34DFF7DE56FFCCE371EFAF69CA61D9DD33E9AD53E98D52635EDB9575E6BAB734ACD08D616A46C6F013D1B23FB7CF666D413645F48F629C962A9679652445F8551395102D545A63ABB3FA32F49697F42915C0CE50D3546A64660C7FBCDCAECDC5123C87F8FCD69474E6833A74E2F303939F9F0F77EF0CD6F7DEFE03B0B03D3CDCE6B336DD5BEFCEA2ECBBA4A4560757A363D9E6F0D43F467C87E94D90FAB6380D1D3B3BC2A04A82E32D5B1F8337BF3E2E9A282492E9EF2861A235323B0C3E2CFFECF8805759ED20E1FD7DE9DD266356D667A3A73C30DA9D4B9A954D79D5F5A655E71FB8E9D9675958A004E888EB198DBEA8ED3F6EDFB3D2A643F82EC3B668D7D239D94A81836A3505D34AA331A04E3AFA5C1A1B418F4C6245CC9899537D4188D1A81232CFEEC232352EDDE5DF2EEE19DA3DA7B27B5ED7B7EB178F1E273179D7FE1A59F2A7EF92C75BEF2EA0ECBBA4A4532D489ECAB9C7D514075505D7C801AA14681B0F8B34923C87F4FCC6B1FB416DE3D1C3EA96D79A57EE3929B3FF5E9CB2FEDBEEC07FFFEA3939A3635AD1D9F5E58716BED15CBBA4A4532D489ECAB9C7D514075505D7C801AA1468178FBB3B9B90F8DD02F3A11E847B3DA8733E43DC4ECCBBB1B4B3EFF855BFFF08FDE9BD6DE6D69EFB5B423D31AD1E7D66DAF58D6552A92A14E645FE5EC8B02AA83EAE203D408350AC49F3FEBBD75F96B6FECDBBEBB5E1BAFBFB4A3FED2CEBD2FBFB6FFA7DB5EFFD9EEB75ED8B1F7C51D6FBEB4F3CDDAAEBDBBF7FDF2917FDD70D7CABB84AB04EAEC04645FE5EC8B02AA83EAE203D408350A84C59F7D608EFBEEBB37C5C09FDF79A76545A52219EA44F655CEBE28A03AA82E3E408D50A34058FCD91184DF48863A917D95B32F0AA80EAA8B0F5023D42810067F76EA7D84DF48863A917D95B32F0AA80EAA8B0F5023D42810167F7618E13792A14E645FE5EC8B02AA83EAE203D408350A84C59FBD87F01BC95027B2AF72F64501D54175F1016A841A05C2E2CFDE45F88D64A813D95739FBA280EAA0BAF80035428D0261F1674D84DF705367A55269341AE1A7910FC8BECAD917055407D5C507A8315C35025FC09F45A1CEC9C9C92F7FF9CBFAEFAEAFB8E20A599A4B645FE5EC8B02AA83EAE203D4188A1A413058FCD9AF107EC3ACCE919191AEAE2EBDA124133D3D3DCD6693735AC301D95739FBA280EAA0BAF8003576AE4610186F7F76EAD43B08BFA1ABB35EAF7FF6B39F350F5A98CBE5D2E97424990D01645FE5EC8B02AA83EAE203D4D8891A4187B0F8B34308BF41AE5B6F6F6F4A7E845F4919239594EC8B427806658C1454C707E199953152F06761C0E2CFDE46F80D5D9D8D46E30FFEE00FAEB9E61AE356BFE4924BB2D96C24990D01645FE5EC8B02AA83EAE203D4D8891A4187B0F8B38311847D47F45D477660814FC7B886636363D75D77DDD5575FAD3797175C7041ABD5E29CD67008E522FBDD08CBF26ECBF0D897B2D91705EF5B9BBD61D1A73B145B944DA8710DA1BAB010550129FB653F24C68DF03847F8B35060F167BF8C20CEEE4F769E635ED8F84BD98E534F7514E7A21F86F93292C6717070F0DA6BAF256F64C9DFF1F1719E390D8DB0AE98634EDD667A668D92FDD0F7A572F64511C17D4AD985F92546A579EE289A9607AAE34128B963696DDC1A3ACA764ED9AA247BFBE6B9F770D50882110B7F666FC528ED1A4564749D45732E1475361A8D72B93C3A3ACA2795E1C3E98AF96A1A280BB317C860FB523CFBA2E0A13ABF75CBB1E6F9558B5FAD4275312494C4791632F37FE9FA74DB08A5625204E96B5F9DAB11F885C59F1D882CF4DD99776A3900FBF1382EE0A4398775B99E4834F9E34AB857CCD89A7D829E62F6EC87B82F645F143C924269524E39351A96F98C6A0CA655A82ECE849235B722659E43A9538E8D986561F6F6CD4DE750630C61F067F38D2843DFA37DBFA7F5E4B28AF112E580A33C9764A8B3F32BF67143E0945CF3841B9614DB5FB5BFD4E1BE907DB1F0BE4FE9DB37BFEAD616B909895DAB9CCE4B74EA124828F9B2E4DD51578EFFB5EFDDB159B36C9CA57DB3378C9EB706D4183D2CFEECAD68E28C869CFF6B9E6993DD590B382E66BC14D9B944933FAE8475C58CED981361C9B5E7740CF795ECEC8B82C77D4A295AF666C7BCBC65DA51693109A88E07A164D9B12D72AC5C94698A74FDB66F766D3B2A1C6A140E8B3FFB05EF38230E7F2FB92D6FFCA5CFE47D46D1E48F2B615D31C774D8B3ECD2FAC4775FC9CEBE28B8DEA78CF230BF4A699AF81D2754171342C9B245516E5274D31BE518EC5B6669DF1CE784AB6AA8311458FCD9FE68C245521E0B5816D3A7ED2BDA67F23E9768F2C795B0AE9871FDDD1267CFA0659A927A370104DE17B22F167EF7A97DCB1601B034269E8261D76AE867273A750924947CB1343E8E52F49C6FDFB267FB6657B5E3BA50631C60F167135106658F6E2F99E7EBD34E6D226DCB3CCE229AFC7125AC2B66D98E7DB3D462C62A8FD0F7A578F645C1EF3EB524DA71479606C4BE566029F20EA88E07A124D15C802CF2A3A8913EC76D75C6F6CDAC6D1E72851A4381C59FED8B268C7DD9271CFFEB389F72C0119F4B34F9E34A5857EC4C2BE09A08B7573D05E03827947D21FBA288E03EB588842E0F9625595EE57D5E501D0F42C99A63A364511763E366DF08A5C5636F4B297704D4289018F933BA9ECC5A747A67E0BA16CB4B3C4E249AFC7125447FC69E084A39F4CC7E58FB42F605C2F53E350BC6B12685E2CF18B50AD5C59F5052466FD3DC96F1AC8074117A4AD43E1DA23EA1C650F0F667F3F37B7907A539D33116735BDD71DABEFD08CEC5D86334F9E30AA72B46DFACDF9D76B2357E27283A7512C323299416C0D27AD81B13FB029E2D55C47A83EAF8D179CA589A204B9963A9807671FADAB57DBFE14A146A0C05167FF626C26F24439DC8BECAD917055407D5C507A8116A14088B3FAB23FC4632D489ECAB9C7D514075505D7C801AA14681B0F8B337107E2319EA44F655CEBE28A03AA82E3E408D50A3403C2E625757D789133BE7E75F47F88A64A813D95739FBA280EAA0BAF80035428D02F1B888E974FAADB77E323FBF07E12B92A14E645FE5EC8B02AA83EAE203D408350AC4E322E6F3F967C746E6B59F23D8E38DFA8F33994C34F9E30AB2AF72F64501D54175F1016A841A05E2E1CF8686860606EE169E6FB9E2F1F243A552299AFC7105D95739FBA280EAA0BAF80035428D02F1F0678D462393F9CC89D6F6796D3782310A85DB464747A3C91F57907D95B32F0AA80EAA8B0F5023D42810EF0F890717E89BD75E43B0C47F56FEB958CC4790B96840F655CEBE28A03AA82E3E408D50A328BCFD59ABD5EAEDFD42ADF6434DDB85A047B3B985BCD99A9CDC1A41E6A201D95739FBA280EAA0BAF80035428DA260FA9145BD5ECF666FA8D747356D1CE116449AE436AE561FE59DB38841F655CEBE28A03AA82E3E408D50A310587F045BABD588408786FE52D37622EC313AFA9D4C265DADFE1BD76C8902D95739FBA280EAA0BAF80035428DD1E363909256AB353050EAEDBDB95CFE8766F3394DDB81989CFC9F4AE59F8AC51585422F99E69727E120FB2A675F14501D54171FA046A831627C0F2257AD564BA53FE9E9F9F51448A5BABB2F29166F2702E5919B1882EC9B512DFBA280EACC407562811ACD408D5CC120BF0000000000F102FE0C00000000205EC09F0100000000C40BF833000000008078017F0600000000102FFE3F2BFB050FC06ED4960000000049454E44AE426082,0);
INSERT INTO `act_ge_bytearray` (`ID_`,`REV_`,`NAME_`,`DEPLOYMENT_ID_`,`BYTES_`,`GENERATED_`) VALUES 
 (0x373032,1,0x44656D6F50726F636573732E62706D6E,0x373031,0x3C3F786D6C2076657273696F6E3D22312E302220656E636F64696E673D225554462D38223F3E0A3C646566696E6974696F6E7320786D6C6E733D22687474703A2F2F7777772E6F6D672E6F72672F737065632F42504D4E2F32303130303532342F4D4F44454C2220786D6C6E733A7873693D22687474703A2F2F7777772E77332E6F72672F323030312F584D4C536368656D612D696E7374616E63652220786D6C6E733A61637469766974693D22687474703A2F2F61637469766974692E6F72672F62706D6E2220786D6C6E733A62706D6E64693D22687474703A2F2F7777772E6F6D672E6F72672F737065632F42504D4E2F32303130303532342F44492220786D6C6E733A6F6D6764633D22687474703A2F2F7777772E6F6D672E6F72672F737065632F44442F32303130303532342F44432220786D6C6E733A6F6D6764693D22687474703A2F2F7777772E6F6D672E6F72672F737065632F44442F32303130303532342F44492220747970654C616E67756167653D22687474703A2F2F7777772E77332E6F72672F323030312F584D4C536368656D61222065787072657373696F6E4C616E67756167653D22687474703A2F2F7777772E77332E6F72672F313939392F585061746822207461726765744E616D6573706163653D22687474703A2F2F7777772E61637469766974692E6F72672F74657374223E0A20203C70726F636573732069643D2270726F636573733122206E616D653D22736D616C6C46696E616E6365223E0A202020203C646F63756D656E746174696F6E3EE5BEAEE59E8BE8B4B7E6ACBEE6B581E7A88B3C2F646F63756D656E746174696F6E3E0A202020203C73746172744576656E742069643D2273746172746576656E743122206E616D653D225374617274223E3C2F73746172744576656E743E0A202020203C757365725461736B2069643D22757365727461736B3122206E616D653D22E5AEA2E688B7E8B083E69FA5223E3C2F757365725461736B3E0A202020203C757365725461736B2069643D22757365727461736B3222206E616D653D22E983A8E995BFE5A48DE6A0B8223E3C2F757365725461736B3E0A202020203C757365725461736B2069643D22757365727461736B3322206E616D653D2241E8A792E8B083E69FA5223E3C2F757365725461736B3E0A202020203C706172616C6C656C476174657761792069643D22706172616C6C656C676174657761793122206E616D653D22506172616C6C656C2047617465776179223E3C2F706172616C6C656C476174657761793E0A202020203C757365725461736B2069643D22757365727461736B3422206E616D653D2242E8A792E8B083E69FA5223E3C2F757365725461736B3E0A202020203C706172616C6C656C476174657761792069643D22706172616C6C656C676174657761793222206E616D653D22E8B083E69FA5E6B187E680BB223E3C2F706172616C6C656C476174657761793E0A202020203C757365725461736B2069643D22757365727461736B3522206E616D653D22E9A38EE68EA7E983A8E5AEA1E6A0B8223E3C2F757365725461736B3E0A202020203C757365725461736B2069643D22757365727461736B3622206E616D653D22E5AE89E68E92E4B88AE4BC9A223E3C2F757365725461736B3E0A202020203C757365725461736B2069643D22757365727461736B3722206E616D653D22E8AF84E5AEA1E4BC9AE8AF84E5AEA1223E3C2F757365725461736B3E0A202020203C757365725461736B2069643D22757365727461736B3822206E616D653D22E7ADBEE59088E5908C223E3C2F757365725461736B3E0A202020203C656E644576656E742069643D22656E646576656E743122206E616D653D22456E64223E3C2F656E644576656E743E0A202020203C73657175656E6365466C6F772069643D22666C6F773122206E616D653D22E68F90E4BAA4E983A8E995BF2220736F757263655265663D22757365727461736B3122207461726765745265663D22757365727461736B32223E3C2F73657175656E6365466C6F773E0A202020203C73657175656E6365466C6F772069643D22666C6F773322206E616D653D22E68F90E4BAA4E9A1B9E79BAE2220736F757263655265663D2273746172746576656E743122207461726765745265663D22757365727461736B31223E3C2F73657175656E6365466C6F773E0A202020203C73657175656E6365466C6F772069643D22666C6F773422206E616D653D22E58886E9858D412C42E8A7922220736F757263655265663D22757365727461736B3222207461726765745265663D22706172616C6C656C6761746577617931223E3C2F73657175656E6365466C6F773E0A202020203C73657175656E6365466C6F772069643D22666C6F773522206E616D653D22E9878DE696B0E8B083E69FA52220736F757263655265663D22757365727461736B3222207461726765745265663D22757365727461736B31223E3C2F73657175656E6365466C6F773E0A202020203C73657175656E6365466C6F772069643D22666C6F773622206E616D653D2241E8A792E8B083E69FA52220736F757263655265663D22706172616C6C656C676174657761793122207461726765745265663D22757365727461736B33223E3C2F73657175656E6365466C6F773E0A202020203C73657175656E6365466C6F772069643D22666C6F773722206E616D653D2242E8A792E8B083E69FA52220736F757263655265663D22706172616C6C656C676174657761793122207461726765745265663D22757365727461736B34223E3C2F73657175656E6365466C6F773E0A202020203C73657175656E6365466C6F772069643D22666C6F773822206E616D653D2242E8A792E8B083E69FA5E7BB93E69D9F2220736F757263655265663D22757365727461736B3422207461726765745265663D22706172616C6C656C6761746577617932223E3C2F73657175656E6365466C6F773E0A202020203C73657175656E6365466C6F772069643D22666C6F773922206E616D653D2241E8A792E8B083E69FA5E7BB93E69D9F2220736F757263655265663D22757365727461736B3322207461726765745265663D22706172616C6C656C6761746577617932223E3C2F73657175656E6365466C6F773E0A202020203C73657175656E6365466C6F772069643D22666C6F77313022206E616D653D22E9A38EE68EA7E983A8E5AEA1E6A0B82220736F757263655265663D22706172616C6C656C676174657761793222207461726765745265663D22757365727461736B35223E3C2F73657175656E6365466C6F773E0A202020203C73657175656E6365466C6F772069643D22666C6F77313122206E616D653D22E68F90E4BAA4E8AF84E5AEA1E4BC9AE8AF84E5AEA12220736F757263655265663D22757365727461736B3522207461726765745265663D22757365727461736B36223E3C2F73657175656E6365466C6F773E0A202020203C73657175656E6365466C6F772069643D22666C6F77313222206E616D653D22E5BC80E4BC9AE8AF84E5AEA12220736F757263655265663D22757365727461736B3622207461726765745265663D22757365727461736B37223E3C2F73657175656E6365466C6F773E0A202020203C73657175656E6365466C6F772069643D22666C6F77313322206E616D653D22E7ADBEE59088E5908C2220736F757263655265663D22757365727461736B3722207461726765745265663D22757365727461736B38223E3C2F73657175656E6365466C6F773E0A202020203C73657175656E6365466C6F772069643D22666C6F77313422206E616D653D22E9A1B9E79BAEE7BB93E69D9F2220736F757263655265663D22757365727461736B3822207461726765745265663D22656E646576656E7431223E3C2F73657175656E6365466C6F773E0A202020203C73657175656E6365466C6F772069643D22666C6F77313522206E616D653D22E9878DE696B0E8B083E69FA52220736F757263655265663D22757365727461736B3722207461726765745265663D22757365727461736B31223E3C2F73657175656E6365466C6F773E0A202020203C73657175656E6365466C6F772069643D22666C6F77313622206E616D653D22E7BB88E6ADA2E9A1B9E79BAE2220736F757263655265663D22757365727461736B3722207461726765745265663D22656E646576656E7431223E3C2F73657175656E6365466C6F773E0A20203C2F70726F636573733E0A20203C62706D6E64693A42504D4E4469616772616D2069643D2242504D4E4469616772616D5F70726F6365737331223E0A202020203C62706D6E64693A42504D4E506C616E652062706D6E456C656D656E743D2270726F6365737331222069643D2242504D4E506C616E655F70726F6365737331223E0A2020202020203C62706D6E64693A42504D4E53686170652062706D6E456C656D656E743D2273746172746576656E7431222069643D2242504D4E53686170655F73746172746576656E7431223E0A20202020202020203C6F6D6764633A426F756E6473206865696768743D223335222077696474683D2233352220783D2233302220793D223530223E3C2F6F6D6764633A426F756E64733E0A2020202020203C2F62706D6E64693A42504D4E53686170653E0A2020202020203C62706D6E64693A42504D4E53686170652062706D6E456C656D656E743D22757365727461736B31222069643D2242504D4E53686170655F757365727461736B31223E0A20202020202020203C6F6D6764633A426F756E6473206865696768743D223535222077696474683D223130352220783D223138302220793D223430223E3C2F6F6D6764633A426F756E64733E0A2020202020203C2F62706D6E64693A42504D4E53686170653E0A2020202020203C62706D6E64693A42504D4E53686170652062706D6E456C656D656E743D22757365727461736B32222069643D2242504D4E53686170655F757365727461736B32223E0A20202020202020203C6F6D6764633A426F756E6473206865696768743D223535222077696474683D223130352220783D223431302220793D223430223E3C2F6F6D6764633A426F756E64733E0A2020202020203C2F62706D6E64693A42504D4E53686170653E0A2020202020203C62706D6E64693A42504D4E53686170652062706D6E456C656D656E743D22757365727461736B33222069643D2242504D4E53686170655F757365727461736B33223E0A20202020202020203C6F6D6764633A426F756E6473206865696768743D223535222077696474683D223130352220783D223438302220793D22313233223E3C2F6F6D6764633A426F756E64733E0A2020202020203C2F62706D6E64693A42504D4E53686170653E0A2020202020203C62706D6E64693A42504D4E53686170652062706D6E456C656D656E743D22706172616C6C656C6761746577617931222069643D2242504D4E53686170655F706172616C6C656C6761746577617931223E0A20202020202020203C6F6D6764633A426F756E6473206865696768743D223430222077696474683D2234302220783D223632302220793D223437223E3C2F6F6D6764633A426F756E64733E0A2020202020203C2F62706D6E64693A42504D4E53686170653E0A2020202020203C62706D6E64693A42504D4E53686170652062706D6E456C656D656E743D22757365727461736B34222069643D2242504D4E53686170655F757365727461736B34223E0A20202020202020203C6F6D6764633A426F756E6473206865696768743D223535222077696474683D223130352220783D223730332220793D22313135223E3C2F6F6D6764633A426F756E64733E0A2020202020203C2F62706D6E64693A42504D4E53686170653E0A2020202020203C62706D6E64693A42504D4E53686170652062706D6E456C656D656E743D22706172616C6C656C6761746577617932222069643D2242504D4E53686170655F706172616C6C656C6761746577617932223E0A20202020202020203C6F6D6764633A426F756E6473206865696768743D223430222077696474683D2234302220783D223634302220793D22323230223E3C2F6F6D6764633A426F756E64733E0A2020202020203C2F62706D6E64693A42504D4E53686170653E0A2020202020203C62706D6E64693A42504D4E53686170652062706D6E456C656D656E743D22757365727461736B35222069643D2242504D4E53686170655F757365727461736B35223E0A20202020202020203C6F6D6764633A426F756E6473206865696768743D223535222077696474683D223130352220783D223630382220793D22323930223E3C2F6F6D6764633A426F756E64733E0A2020202020203C2F62706D6E64693A42504D4E53686170653E0A2020202020203C62706D6E64693A42504D4E53686170652062706D6E456C656D656E743D22757365727461736B36222069643D2242504D4E53686170655F757365727461736B36223E0A20202020202020203C6F6D6764633A426F756E6473206865696768743D223535222077696474683D223130352220783D223339302220793D22323930223E3C2F6F6D6764633A426F756E64733E0A2020202020203C2F62706D6E64693A42504D4E53686170653E0A2020202020203C62706D6E64693A42504D4E53686170652062706D6E456C656D656E743D22757365727461736B37222069643D2242504D4E53686170655F757365727461736B37223E0A20202020202020203C6F6D6764633A426F756E6473206865696768743D223535222077696474683D223130352220783D223138302220793D22323930223E3C2F6F6D6764633A426F756E64733E0A2020202020203C2F62706D6E64693A42504D4E53686170653E0A2020202020203C62706D6E64693A42504D4E53686170652062706D6E456C656D656E743D22757365727461736B38222069643D2242504D4E53686170655F757365727461736B38223E0A20202020202020203C6F6D6764633A426F756E6473206865696768743D223535222077696474683D223130352220783D2231302220793D22323930223E3C2F6F6D6764633A426F756E64733E0A2020202020203C2F62706D6E64693A42504D4E53686170653E0A2020202020203C62706D6E64693A42504D4E53686170652062706D6E456C656D656E743D22656E646576656E7431222069643D2242504D4E53686170655F656E646576656E7431223E0A20202020202020203C6F6D6764633A426F756E6473206865696768743D223335222077696474683D2233352220783D2234352220793D22313433223E3C2F6F6D6764633A426F756E64733E0A2020202020203C2F62706D6E64693A42504D4E53686170653E0A2020202020203C62706D6E64693A42504D4E456467652062706D6E456C656D656E743D22666C6F7731222069643D2242504D4E456467655F666C6F7731223E0A20202020202020203C6F6D6764693A776179706F696E7420783D223238352220793D223637223E3C2F6F6D6764693A776179706F696E743E0A20202020202020203C6F6D6764693A776179706F696E7420783D223431302220793D223637223E3C2F6F6D6764693A776179706F696E743E0A20202020202020203C62706D6E64693A42504D4E4C6162656C3E0A202020202020202020203C6F6D6764633A426F756E6473206865696768743D223134222077696474683D223130302220783D222D33362220793D2234223E3C2F6F6D6764633A426F756E64733E0A20202020202020203C2F62706D6E64693A42504D4E4C6162656C3E0A2020202020203C2F62706D6E64693A42504D4E456467653E0A2020202020203C62706D6E64693A42504D4E456467652062706D6E456C656D656E743D22666C6F7733222069643D2242504D4E456467655F666C6F7733223E0A20202020202020203C6F6D6764693A776179706F696E7420783D2236352220793D223637223E3C2F6F6D6764693A776179706F696E743E0A20202020202020203C6F6D6764693A776179706F696E7420783D223138302220793D223637223E3C2F6F6D6764693A776179706F696E743E0A20202020202020203C62706D6E64693A42504D4E4C6162656C3E0A202020202020202020203C6F6D6764633A426F756E6473206865696768743D223134222077696474683D223130302220783D222D34312220793D2234223E3C2F6F6D6764633A426F756E64733E0A20202020202020203C2F62706D6E64693A42504D4E4C6162656C3E0A2020202020203C2F62706D6E64693A42504D4E456467653E0A2020202020203C62706D6E64693A42504D4E456467652062706D6E456C656D656E743D22666C6F7734222069643D2242504D4E456467655F666C6F7734223E0A20202020202020203C6F6D6764693A776179706F696E7420783D223531352220793D223637223E3C2F6F6D6764693A776179706F696E743E0A20202020202020203C6F6D6764693A776179706F696E7420783D223632302220793D223637223E3C2F6F6D6764693A776179706F696E743E0A20202020202020203C62706D6E64693A42504D4E4C6162656C3E0A202020202020202020203C6F6D6764633A426F756E6473206865696768743D223134222077696474683D223130302220783D222D33372220793D222D3230223E3C2F6F6D6764633A426F756E64733E0A20202020202020203C2F62706D6E64693A42504D4E4C6162656C3E0A2020202020203C2F62706D6E64693A42504D4E456467653E0A2020202020203C62706D6E64693A42504D4E456467652062706D6E456C656D656E743D22666C6F7735222069643D2242504D4E456467655F666C6F7735223E0A20202020202020203C6F6D6764693A776179706F696E7420783D223436322220793D223935223E3C2F6F6D6764693A776179706F696E743E0A20202020202020203C6F6D6764693A776179706F696E7420783D223436302220793D22313236223E3C2F6F6D6764693A776179706F696E743E0A20202020202020203C6F6D6764693A776179706F696E7420783D223233322220793D22313236223E3C2F6F6D6764693A776179706F696E743E0A20202020202020203C6F6D6764693A776179706F696E7420783D223233322220793D223935223E3C2F6F6D6764693A776179706F696E743E0A20202020202020203C62706D6E64693A42504D4E4C6162656C3E0A202020202020202020203C6F6D6764633A426F756E6473206865696768743D223134222077696474683D223130302220783D222D33352220793D222D3136223E3C2F6F6D6764633A426F756E64733E0A20202020202020203C2F62706D6E64693A42504D4E4C6162656C3E0A2020202020203C2F62706D6E64693A42504D4E456467653E0A2020202020203C62706D6E64693A42504D4E456467652062706D6E456C656D656E743D22666C6F7736222069643D2242504D4E456467655F666C6F7736223E0A20202020202020203C6F6D6764693A776179706F696E7420783D223634302220793D223837223E3C2F6F6D6764693A776179706F696E743E0A20202020202020203C6F6D6764693A776179706F696E7420783D223533322220793D22313233223E3C2F6F6D6764693A776179706F696E743E0A20202020202020203C62706D6E64693A42504D4E4C6162656C3E0A202020202020202020203C6F6D6764633A426F756E6473206865696768743D223134222077696474683D223130302220783D222D34392220793D222D3135223E3C2F6F6D6764633A426F756E64733E0A20202020202020203C2F62706D6E64693A42504D4E4C6162656C3E0A2020202020203C2F62706D6E64693A42504D4E456467653E0A2020202020203C62706D6E64693A42504D4E456467652062706D6E456C656D656E743D22666C6F7737222069643D2242504D4E456467655F666C6F7737223E0A20202020202020203C6F6D6764693A776179706F696E7420783D223634302220793D223837223E3C2F6F6D6764693A776179706F696E743E0A20202020202020203C6F6D6764693A776179706F696E7420783D223735352220793D22313135223E3C2F6F6D6764693A776179706F696E743E0A20202020202020203C62706D6E64693A42504D4E4C6162656C3E0A202020202020202020203C6F6D6764633A426F756E6473206865696768743D223134222077696474683D223130302220783D2231302220793D222D3130223E3C2F6F6D6764633A426F756E64733E0A20202020202020203C2F62706D6E64693A42504D4E4C6162656C3E0A2020202020203C2F62706D6E64693A42504D4E456467653E0A2020202020203C62706D6E64693A42504D4E456467652062706D6E456C656D656E743D22666C6F7738222069643D2242504D4E456467655F666C6F7738223E0A20202020202020203C6F6D6764693A776179706F696E7420783D223735352220793D22313730223E3C2F6F6D6764693A776179706F696E743E0A20202020202020203C6F6D6764693A776179706F696E7420783D223636302220793D22323230223E3C2F6F6D6764693A776179706F696E743E0A20202020202020203C62706D6E64693A42504D4E4C6162656C3E0A202020202020202020203C6F6D6764633A426F756E6473206865696768743D223134222077696474683D223130302220783D2231302220793D2230223E3C2F6F6D6764633A426F756E64733E0A20202020202020203C2F62706D6E64693A42504D4E4C6162656C3E0A2020202020203C2F62706D6E64693A42504D4E456467653E0A2020202020203C62706D6E64693A42504D4E456467652062706D6E456C656D656E743D22666C6F7739222069643D2242504D4E456467655F666C6F7739223E0A20202020202020203C6F6D6764693A776179706F696E7420783D223533322220793D22313738223E3C2F6F6D6764693A776179706F696E743E0A20202020202020203C6F6D6764693A776179706F696E7420783D223636302220793D22323230223E3C2F6F6D6764693A776179706F696E743E0A20202020202020203C62706D6E64693A42504D4E4C6162656C3E0A202020202020202020203C6F6D6764633A426F756E6473206865696768743D223134222077696474683D223130302220783D222D38352220793D222D37223E3C2F6F6D6764633A426F756E64733E0A20202020202020203C2F62706D6E64693A42504D4E4C6162656C3E0A2020202020203C2F62706D6E64693A42504D4E456467653E0A2020202020203C62706D6E64693A42504D4E456467652062706D6E456C656D656E743D22666C6F773130222069643D2242504D4E456467655F666C6F773130223E0A20202020202020203C6F6D6764693A776179706F696E7420783D223636302220793D22323630223E3C2F6F6D6764693A776179706F696E743E0A20202020202020203C6F6D6764693A776179706F696E7420783D223636302220793D22323930223E3C2F6F6D6764693A776179706F696E743E0A20202020202020203C62706D6E64693A42504D4E4C6162656C3E0A202020202020202020203C6F6D6764633A426F756E6473206865696768743D223134222077696474683D223130302220783D2231302220793D222D3135223E3C2F6F6D6764633A426F756E64733E0A20202020202020203C2F62706D6E64693A42504D4E4C6162656C3E0A2020202020203C2F62706D6E64693A42504D4E456467653E0A2020202020203C62706D6E64693A42504D4E456467652062706D6E456C656D656E743D22666C6F773131222069643D2242504D4E456467655F666C6F773131223E0A20202020202020203C6F6D6764693A776179706F696E7420783D223630382220793D22333137223E3C2F6F6D6764693A776179706F696E743E0A20202020202020203C6F6D6764693A776179706F696E7420783D223439352220793D22333137223E3C2F6F6D6764693A776179706F696E743E0A20202020202020203C62706D6E64693A42504D4E4C6162656C3E0A202020202020202020203C6F6D6764633A426F756E6473206865696768743D223134222077696474683D223130302220783D222D34322220793D222D3237223E3C2F6F6D6764633A426F756E64733E0A20202020202020203C2F62706D6E64693A42504D4E4C6162656C3E0A2020202020203C2F62706D6E64693A42504D4E456467653E0A2020202020203C62706D6E64693A42504D4E456467652062706D6E456C656D656E743D22666C6F773132222069643D2242504D4E456467655F666C6F773132223E0A20202020202020203C6F6D6764693A776179706F696E7420783D223339302220793D22333137223E3C2F6F6D6764693A776179706F696E743E0A20202020202020203C6F6D6764693A776179706F696E7420783D223238352220793D22333137223E3C2F6F6D6764693A776179706F696E743E0A20202020202020203C62706D6E64693A42504D4E4C6162656C3E0A202020202020202020203C6F6D6764633A426F756E6473206865696768743D223134222077696474683D223130302220783D222D33372220793D222D3237223E3C2F6F6D6764633A426F756E64733E0A20202020202020203C2F62706D6E64693A42504D4E4C6162656C3E0A2020202020203C2F62706D6E64693A42504D4E456467653E0A2020202020203C62706D6E64693A42504D4E456467652062706D6E456C656D656E743D22666C6F773133222069643D2242504D4E456467655F666C6F773133223E0A20202020202020203C6F6D6764693A776179706F696E7420783D223138302220793D22333137223E3C2F6F6D6764693A776179706F696E743E0A20202020202020203C6F6D6764693A776179706F696E7420783D223131352220793D22333137223E3C2F6F6D6764693A776179706F696E743E0A20202020202020203C62706D6E64693A42504D4E4C6162656C3E0A202020202020202020203C6F6D6764633A426F756E6473206865696768743D223134222077696474683D223130302220783D222D31372220793D222D3237223E3C2F6F6D6764633A426F756E64733E0A20202020202020203C2F62706D6E64693A42504D4E4C6162656C3E0A2020202020203C2F62706D6E64693A42504D4E456467653E0A2020202020203C62706D6E64693A42504D4E456467652062706D6E456C656D656E743D22666C6F773134222069643D2242504D4E456467655F666C6F773134223E0A20202020202020203C6F6D6764693A776179706F696E7420783D2236322220793D22323930223E3C2F6F6D6764693A776179706F696E743E0A20202020202020203C6F6D6764693A776179706F696E7420783D2236322220793D22313738223E3C2F6F6D6764693A776179706F696E743E0A20202020202020203C62706D6E64693A42504D4E4C6162656C3E0A202020202020202020203C6F6D6764633A426F756E6473206865696768743D223134222077696474683D223130302220783D2231302220793D2230223E3C2F6F6D6764633A426F756E64733E0A20202020202020203C2F62706D6E64693A42504D4E4C6162656C3E0A2020202020203C2F62706D6E64693A42504D4E456467653E0A2020202020203C62706D6E64693A42504D4E456467652062706D6E456C656D656E743D22666C6F773135222069643D2242504D4E456467655F666C6F773135223E0A20202020202020203C6F6D6764693A776179706F696E7420783D223233322220793D22323930223E3C2F6F6D6764693A776179706F696E743E0A20202020202020203C6F6D6764693A776179706F696E7420783D223233322220793D223935223E3C2F6F6D6764693A776179706F696E743E0A20202020202020203C62706D6E64693A42504D4E4C6162656C3E0A202020202020202020203C6F6D6764633A426F756E6473206865696768743D223134222077696474683D223130302220783D2231302220793D2230223E3C2F6F6D6764633A426F756E64733E0A20202020202020203C2F62706D6E64693A42504D4E4C6162656C3E0A2020202020203C2F62706D6E64693A42504D4E456467653E0A2020202020203C62706D6E64693A42504D4E456467652062706D6E456C656D656E743D22666C6F773136222069643D2242504D4E456467655F666C6F773136223E0A20202020202020203C6F6D6764693A776179706F696E7420783D223233322220793D22323930223E3C2F6F6D6764693A776179706F696E743E0A20202020202020203C6F6D6764693A776179706F696E7420783D2236322220793D22313738223E3C2F6F6D6764693A776179706F696E743E0A20202020202020203C62706D6E64693A42504D4E4C6162656C3E0A202020202020202020203C6F6D6764633A426F756E6473206865696768743D223134222077696474683D223130302220783D222D32372220793D222D3431223E3C2F6F6D6764633A426F756E64733E0A20202020202020203C2F62706D6E64693A42504D4E4C6162656C3E0A2020202020203C2F62706D6E64693A42504D4E456467653E0A202020203C2F62706D6E64693A42504D4E506C616E653E0A20203C2F62706D6E64693A42504D4E4469616772616D3E0A3C2F646566696E6974696F6E733E,0),
 (0x373033,1,0x44656D6F50726F636573732E706E67,0x373031,0x89504E470D0A1A0A0000000D49484452000003350000015E08020000003322A60B0000473249444154789CED9D7F8C1CE57DFFB760E020100E35C1C7EF4D5AC4B62978BF2192D754AD0FAAE2ADD4866D8BF0267F385B21CC4550726A517A6D6A5FD5E09EAA249C9B045D5A30AB46B48B22D39302E61A6CB20543B6C6D8671CC3629FC33AC664C1188EFA6CAFEF876FBECFEDD8C3787E3CF3CCEC3CF3CC33CFFBA58F4FE3D9F9FD79CFF379EFB3BBCFA4340000000000102752A20F0000000000009C05FC190000000040BC803F03000000008817F0670000000000F102FE0C00000000205EC09F0100000000C40BF833000000008078017F0600000000102FE0CF0000000000E205FC190000000040BC803F03000000008817F0670000000000F102FE0C00000000205EC09F0100000000C40BF833000000008078017F0600000000102FE0CF0000000000E205FC190000000040BC803F03000000008817F0670000000000F102FE0C00000000205EC09F0100000000C40BF833000000008078017F0600000000102FE0CF0000000000E205FC190000000040BC803F03000000008817F0670000000000F102FE0C00000000205EC09F0100000000C40BF833000000008078017F0600000000102FE0CF0000000000E205FC190000000040BC803F03000000008817F0670000000000F102FE0C00000000205EC09F0100000000C40BF833000000008078017F067CD06AB52A954AB158ECEDED4DA7D3295521E74EAE40A1502897CB939393A2D3025C816275A05800A403FE0CB0323636465A7952EA9E78E289CD5BB64CECDF3F333BAB669073275760E3C68DAB56AD22D784D43CD1C9010E40B1502C00F2027F06BC216FB84BA5D28A152B0EBE7D70667606618EC3EF1F26358F5C9C66B3293A51E034502C140B80ECC09F010F48A9CB66B38F6D787466761AE1164F3FF3F4D2A54B1B8D86E8740128168A052009C09F010F4AA552BBD49D44D063F396E7962FFF7DD1E902502C140B4012803F0334C6C6C656ACB87D76AE856089AFFFCD83EBD67D5374D294068A8562014806F067C09556AB954EA7DF3ED4989D3B816089A9631F2E597253BD5E179D3A458162A158001203FC1970A55C2E974AA5D9B9E346DC9AFF63C6DFF39BD7522AD6ADFBC7818101D1A9531428168A052031C09F01570A85C2C6A79EFCB8D4DDBEE2579A76E094B66F567B7D5ADB35AD6D9F9A1B7EEAF99F1CFA68DB8CF6BF2D6D5B4BDB7A5C7BEEA4F62F5B77AFEEBB5778E11112AFEEA865B359D1A95314283662C5125FEB381D0111EF8E07FAAF8C311C1D70437A89037E6432993D7B76CECE1DD3833488539A766C5EFB684EFB60463BAE697FF5776B53E75C9CBBBD7068563B38AD1D3CA9355ADAC49CF6A39FED6A77481C5330A68E1DE9EAEA129D3A45816223562CC59F3976529AE7779268C7ED77B8C18821B66CF9F2E58F6DD8D0DBDB0B8B061C11ACE956AB353A3A3A383848DEF8F69E219FCF9339954A05AA154B7777F7FB470ECDCE4DE9415AC0E3A7B4E9530B2FCDCD2FFCFDF1A6FFBEF2377EE71B0F7D7B4ED38ECE691FCD6A1FCC6A2467CFBDF25ABBDA4DA919D2958AC400C546A958FB5A6E733C977C7675EA96F5130EFB98587F8BC981AD7ED6C7AEE38C6ECEB6BFBA6366768EFC8545038E08D334B165C48791F76DC4991137B671E3539BB73CAFC7D3CF6C5AB3666DB15824AD6D2E97C350D7A26857ACA34690FF1E9BD38E9CD0664E9D5E80B4290F7FEF07DFFCD6F70EBEB330D0E5ECBC36D3AE822FBFBACBB2AE522157A94812506C948AA59B24B7FE33877589095BBD9EFC7B56B3415EFAD8B89D76714932677AC0A2014704C87A7C7C5C7F121CF1618640DD62EB4B2FAF5AF5956C365BAD56A33F54C56957ACFF3362A1DA9DD20E1FD7DE9DD266356D667A3A73C30DA9D4B9A954D79D5F5A655E71FB8E9D9675950AB9AA459280622353ACDB2AC67C73CF99BD17CD3C4D6C17B166138E06CDE2CFCE4C3B9A3F293EE5B49B335834E046D46A1E1A1A22666BF396E73D9D9945BB44D37D7D7DAD562BE203569976C5FAC808FDD3A22327B4778E6AEF9DD4B6EFF9C5E2C58BCF5D74FE85977EAAF8E5B3AADD2BAFEEB0ACAB54C4BF48241528361AC55ABE4966B1479E7FCF3652BA3DB358B1339CFDF9A6F101A79BD58BF9ADE766CE60D18023D1A99958AB62B1383030E0CB9999E3FB8F3C42E48B67C64546BB624D1A41FE7B625EFBA0B5D01B71F8A4B6E595FA8D4B6EFED4A72FBFB4FBB21FFCFB8F4E6ADAD4B4767C7A61C5ADB5572CEB2A15312F1209068A8D5EB114ABE4F85FCBBECCAEEC8C537379D9F42D3519FBCFE8E60C160DD88948CDC49CE572B94AA512D89C191F7792EDE09971D1401ABBB9B90F8DD0DB3E52F03E9AD53E9CD1DE393AFBF2EEC692CF7FE1D63FFCA3F7A6B5775BDA7B2DEDC8B446EADDD66DAF58D6552AE25C24920D141BBD62D9BBB29CFC19B15C6763E9423BBB53CD3070D2F59FB19833583460212235178BC5CECD99215F62D1F0416704582A56EFADCB5F7B63DFF6DDF5DA78FDA51DF59776EE7DF9B5FD3FDDF6FACF76BFF5C28EBD2FEE78F3A59D6FD676EDDDBDEF978FFCEB86BB56DE25BCEAC858ED402740B1112BD6B2A2BDC3CCEDD3CFD3587BCC6C9F715AFBCF4E2F2D57FF99A3395BB366AD11B068C09128D43C3434D4C9C79AF6D8B8F1A942A110C1912B4EBBDA7D608EFBEEBB97D2321AFCF99D775A56542AE2592454008A8D58B1747FE6B8B0E9AFD34F024E7B30D397D24C69721C5F83BE53E1B8F59C99E5875E34E00877358F8F8F67B3D910CD991EAB57DF3B3232C2FBE015A75DED8E20FC460C8B842240B1512AD6CD8119D38E9D5B29874F391D7876B5D3701B2E3BA21C9258281F6BD2FD192C1AD022F067C49CB17CE8EE370EBE7DE8BAEBD2F894932B0BD5EED4FB08BF11B722A10E506C648A75B4626E0B58E6D817B631B17EBDAB3D735B9761B39142FFCE99A73F8345037CD53C3A3A5A28144237677A3CF0C0D7868787B91EBFE2B4ABDD6184DF885591500A28168A8D099E3F0860F167B0688AC3F7B624C2F23BD499AF2EB49E9E1EAEC7AF38ED6AF71EC26FA0DA89028A8562E300CBAF3519FD192C9ACA70BC2D899EBABBBB3999333D962E5D5AABD5F89D82E2B4ABDDBB08BF816A270A28168A150EE3501AECFE0C164D5938DE96E572B9542A71F5670FAD5B373030C0EF1454A052A9B88D27D7AE764D84DF40B5E30A140BC50A81223C03F671CE7CF933583435E1785BF6F5F58D8C8C70F5679BB73C4F24CBEF1412CFDEBD7BF506E2924B2ED9B871A3E555543B54BBB801C542B142A00B4F87DD9C05F067B0680AC2F1B6CCE7F32C4F40EF2426F6EFBFEEBA34BF53483CAD56EB9C73CED1DB88F3CE3BEF739FFB9CF90D62BBDAFD0AE13750EDF801C542B142A00B4FF369CE82F9335834D5E0785B721A59C31C47A78E757575F13B0515E8E9E931B714175E78E1DD77DFAD0F5C42FE7BEAD43B08BF816AC71528168A150245786EE66CCD9AB5A9CEC0D3055486E36D49D47CF0ED435CFD99FE2E8488B5C37B00B871EAD42184DF484193E2109E7D192305C5760631678E2315F0F06733F8628F3270F467994CE6E77BF644E0CFF89D820A5C7AE9A5465B506843EEFC7ABDAE9DEE8D781BE137A049AE40B150AC1028C21B1F1F2716EDF0FB4722F067642F64BF648FA2AF07E00EC7DB92EBE0677AE0FB671D323939A9B702C44CDF73CF3DE46FA552315E6D57BB835C8365178ECB98673AB66BC1F615D64909CC69B211A8D8C05AB52CE0869BB6A1D83840179EE662D142F76730674AC1F1B62C954A8F6DD8C0D59F6D7DE9E5A54B97F23B85C473E0C081AEAEAE7C3E9F4EA70706062CDF6968D7865F861B9EED91DB5A9499F657F539C1F615CA398A4A68E2895EB1762159E650846A5980F1F0E8DB84628540179E8E5B2F9ADB273F068CF50EE64C3538DE96C3C3C30F3CF035AEFE8CF8BF55ABBEC2EF1454607474B45C2E3B8EEBC3C99F51AA8EA59831FA2AFB361D2B9CF92FAA9DBC44AC585F3236CF7713A1A7A4294B42B102A108CF80DDA2F9F56730670AC2F1B6243A266F35B8FAB3152B568C8D8D053BBCD4D90FEB35A02C49DF9A9D6007161FDAF5E000A770AA3DD605DC56749C63DE8E791963DA3EC1EFD438A5C398E850B18C920E709062E19459BB9CDCB4E42666BAAACD5BB36C81B756B92A564D182D9A39D73067C011BEB725D79F081C9D3AD6DDDDADFFBC3900E66A679FE9B6B065A6BD40DA97B41B114A658D150BB561BEC123EC5B6699639E7FBA869DBDA465C2BC8C65839697423F3B4EE9B04C683E15AB39793B3741DAFF0BC5DA05C6285A8BF0EC386EC44DBDB2285659582C9A39FB3067C011BEB725D78F38BFFD9DEF908D073EB614B537C2AD19B52FE6B84DCF9994F9F1A15D12DE0A3DF4CD9A37EEB823B7BD1BF3CD134E05EF2D9657399D20A774181381154BDF2C6577E19F0F077864D6ED7A7A2AD04D8D74A99B372EBB6255C6D3A299934B3767575E79E50F7FF843D1270404C0F7B66CB55AE9749AC7286847A78E5D775DBAD96C06382A4AE9F2DB4EA5A8D591BECDF8B789EDAAF00B7E61AA3DB4579DAADDE9052C13E6751DA7DDE6847E5EA1272274C51AD36E42B5EF2BFEF0CEAC5D42963D5234495735E5A6F0DC660C150B089B366DA2583473F6E93D67A3A3A3B95C6E606020F087454052B8DF96954AE5AE952BE3D679A6317F9B875E0BDD6A1B65FB947DC58D763DD81F6E9C5D933C66BA6DC171C2BC05B78DDBF7C22338653614C56A2EB68CBE1D59E09459BB78EC2274132745C06E2F39DE055C452B63AE634EB55ACD66B3945E34B3A2583ED61C1A1A221BACD56A62CF0B444914B7E517EFB863E3C6A74234673FDFB367C9922547A78E7572542C4D9267D14AD9FC196522C00188A55D122678848B67B22EE3B911F384FDAFDB76F89D97B17D4EE908B08CC5AE39A2B1BD9D30168E2D9C326B9793457B94255994EFB811F37C4915AB2CC3C3C3C62398DC2C9A39FB9EE64CA75EAFA3234D29A2B82D894C972E5D1AD60F05887089399BD8BFBFC3A3325726C70A94B2F52BB8CD619CB01F4087A7C09B7655D8C723EC5BB6CC61D9F59902B6CFF86B99635ECC560EB99C97B1474EE9E85CB18E9BB54CD0E7C7194E99B5C8C92236FB92C67C47557B4ADDBE80A48A551052EC0A85427F7FBF79A6DBD0B546B098330374A4A94344B72531FEC4A21153D5B939FBE21D773CFDCCA64E0EC652D58C9994E5DD1660F4676E74721611C0D59FD13D13CBAEDDAA20E3EA1255BB70156B5120FC995FB95204E6A864477D3ACADEAE5E8AC8E3AC5835D1FBB7464747ED2FB18F8BC6F26B4D74A4294274B72511DC92254BB6BEF472271F6B1293D7A1393348D97A1D289E8932DFADC87996B7F8B789E408E7E7F7F208FB96CD737CEDD7B2B09147F3B41BFCCE8E533ACC1381156B99F6F46794ADC50D4E39B58BD36D47F40370149E7DA659BDEC1B8FA1629542FF16BFFE384E47582C9AAFA134D091967822BD2D2727278940D7AC59CBF8040C238E4E1DFBF677BEA37F481AD6C1D8AB1D7D49FB026E7328758E657E7C68D78337117E23327F465FD27101477FE6E8F3E8EE2D9E40B1B152AC3AF4F7F7170A05C7873E99A15BB400E39CA1232DD9447D5B1219117F76C30D19E2B788EB6231678F6DD840967FE081AF11F98678242CD5CE52B728DD159A53E533AFE548E767C19576B5AB23FC86407FE6A958BB0229EF1F1CD7EDEC24F802C5C64AB12A403C193155C3C3C38CCBBB59B44E06A145475A5211735B369B4DF286A3BBBBFB8B77DC41ECD7F6577758C44AE63CF1C47FDCB572255966D5AAAFD01F7916004B71722C5A1DD62DCF8E87F8B789ED6AF706C26FF0C86C588AB5BF8B90579F76A0D8F8285605889D22C6A85AADFA5DCB62D13A7F42003AD21289C8DB9228697474B4542A2D59B2C4526FC81C62CE2A958A678F31E0475757D789133BE7E75F47F80A543B5140B1506C648C8C8C104B14ACEFC06CD1427C7CD3D0D010FD3B70402E705B0257D2E9F45B6FFD647E7E0FC257A0DA89028A856223A0D56AF5B5E9A4B34AB76813FBF787FB6C4DBD4B8F18B5B036080482DB12B892CFE79F1D1B99D77E8E608F37EA3FCE6432A253A728502C14CB9B66B3491CD5C8C848E79B225E8ABCA308FDC1E7C4350E0C0CA0232D01C09F0157C89BB08181BB85D70FB9E2F1F243A5524974EA14058A8562B952AD56899795E29BF8E420D191263BF067C09546A391C97CE6446BFBBCB61BC11885C26D8E035482088062A5532CFDA355FB8F91EDBF8CF1B5C14E303FB5490AA2E948932883D2810B01680C2ED037AFBD866089FFACFC73B198179D34A58162E552AC67C1A6FC10DEF1B7CC2C0EC02FC4E8148B45CB539B648177479A1419941475CF1CB0401AA6DEDE2FD46A3FD4B45D087A349B5B3299CF4C4E6E159D34A5816263ABD86757A76E593F619E43A9E576EC65DEB270CA345E4C8845BD5EAF137F53A954C2DA60F484D09136B1FE1693615AFDECE9D95264505E70098007EDE6E9867A7D54D3C6116E414A1DB105D5EAA3A2D305A0D8582A9614F8D5EBC9BF3395DD5F69D76C7D2D96E53D6B7F303C9FDA24111D75A491F47D6CAE4F3B6D29322835AA9F3F60A17D63DF3034F4979AB613618FD1D1EF6432E96AF5DF44270A9C068A8D9B62494927D66CC26CD0189EAD6299769CB07C046699EEA4C60F0E0EB23CB549228277A459FCD999E998675076D43D73E08BF68D5DEAEDBDB95CFE8766F3394DDB81989CFC9F4AE59F8AC51585422F99169D227016506C9C14ABDB334B99A73D13CF3E4D31019EAFFA457F6A13F16781B710678274A49DFDF9A6F101676C33980C543F7FE08B6AB55A2AFD494FCFAF3BDE4BAAD1DD7D49B1783B2978A2D3025C8162CD8852ACD9959D716A0B500ED55837E5FE6997E36294398C047B6A935C181D69CD66936905A7CF37B5B8663031A87EFE40527EF3377F53F42100005820E5FC6C4C9F8E190B794EA7BCBEBD44B108EC542A95C04F6D928E5AAD96C964CAE5B2F7A267777C1A263B86194C12AA9F3F9091C71F7F9CDCBA070E1C107D2000002FCC3D660B7C5CEA03F4BED8FF5A16A3CCA1A33FB5A9582C2AF588F1C9C9C952A994CFE73D3AD2ACFD67A7331AAB0C260FD5CF1FC8C8A2458BC8AD7BD34D37893E10009848D277CCFD72F64F02DA9CA9EF8CBD2F968ACEA3F725C4A736C9C8D8D89847471AC3F81A62339848543F7F201D7FF6677FA6DFBAE79C73CE934F3E29FA7000F04691CFCBFCC258DDED33DDE60443FFBEBC144F6DE2076B47DAD9C4248349055707C8C4810307CCEFAE2EBAE822D147048037A13F033B01B8D566C78E13CB1C4B1F0C1DFA610C0F0FFBF89A7CD2F1EE483311930C261875CF1CC8C815575C61BE6FCF3DF7DCBBEFBE5BF44101E041B27F0C2829523FB5891FC13AD2000FE0CF8034583ACF0C8BA6F2977B8014087C003970A4D168E47239A99FDAC4155F1D698013F067401A56AD5AA57BB20B2EB8C0F067647A787858F4A1014003752E5610BB9CCD66F1A1331D74A40907FE0C48C3F7BFFFFD5FFBB55F5BB46811F99B6AFF3E4007FE0CC41C48343E24EFA94D5C41479A40E0CF804C3CF9E4935BB76ED5CE7CDB944CE3279C20FE24F5494172413C197166C8855F8C8E3498DA88813F0352A2F28F7A8074E04BE8C2D19FDA842F020646EF48237F451F8842A0C80129813F0312512A95441F82D228F5D4267E349BCD7C3E4FC46CE948FBEE77BFFBE0830F8A3AAA04832207A404FE0C4844A150107D08EAD2DFDFAFDA539BB8522E97CD1D69C4AB91D6F8B2CB2E1B1818107B60C903450E4809FC199088DEDE5ED187A022CD663397CBE1C719A163EE487BF8E187F59FD2138B862FA8850B8A1C9012F8332011D96C56F42128079EDAC41BBD23ADA7A747F767975F7EF9FDF7DF2FFAA012058A1C9012F8332011E9745AF421A8C5C8C8486F6F2F06EEE2CD5FFCC55F98470BBFE28A2B30AA5C88A0C80129216D81CA5F28A13C9CCED1B91ACFB973DC02E53977F0C1A1D0DDDD2DFA1054417F6A535F5F9FCAED43343CF8E0839606E4FCF3CFBFF9E69B451F577240E30BA484B4054AFD1A8BE581C1F665ECCB1BD36EC6CED1B779EE1A50989C9C843F8B063CB5294A0606064883D0D3D393C964962D5BF6894F7CE2C20B2FBCFAEAAB31986D58A0B5055242DA05653BD2D94D126549BB51B32C6CEE72832DEB047DE42DD147917CAAD52A9EDA143DC413932B3F3838582A958851236DC535D75C23FAA012029A5D2025A415208D82E8A38808C63E2D7B3F99A73FB374B6595E759C007E191D1DC5F81AE1F2E0830F5A3A69883FE8EDEDC5EF078563FCB453F4812401B4B9404A885D50AA17DDD13C69D44E2FCDF635354733679970FB3CD4FE126064B08DE8A3480EF7DD771FD1E105175CA07FC30C4F6D8A0F2423954AA5582C12AF9C4EA73DDF58261572EEE40A10599222D5C97B06B4B6404AC83DA0D45B344A5BE0B680E6F2B300CA06E9BB8BEE6C93452E97C3280F61B16DDB365D8D37DE78E3E8E868BD5E2797174F6D8A03636363C4971073F6C4134F6CDEB26562FFFE99D95935839C3BB9021B376E5CB56A15B92681BB12D0E60229210D742693117D14D1E1E8B134A78F1DEDAFBAF933C65DB8CD012C341A0D0CAE1122D75E7BADEECF3EF1894F5C73CD35C4A5118B26FAA054477F80FA8A152B0EBE7D70667606618EC3EF1F262E8D5C9C00A3BDA0CD0552421A68A5BE0BECD97F665F4663F067F68529BB8BE44493C6F0F0301E8E1E16EBD7AFB768925834751A817842CC19698A1FDBF0E8CCEC34C22D9E7EE6E9A54B97FA1D73006D2E9012D2342B5BF9E856C957FF99A78D63DC2970A4D56AA5D3698C921A0AC40774757599CD594F4FCF9D77DE89DF5E88A5542AB5CDD949043D366F796EF9F2DFF7756DD1E6022949B5C7A755A7F831F69F51FE9AB7A3A1FF2C12868686F0D0E8B0203EECC20B2FBCFEFAEB2FBEF8E2DFFDDDDFCD66B3E4F6CFE7F3F8CDA640C6C6C656ACB87D76AE856089AFFFCD83EBD67D93FDF2A2CD0552A2DB856AB5AAE093A71DAD92A563CC71C26D2665B32030A47411F720FA2892432E972312EDEEEE5EB972E5E0E020B9F7951AA13A86E8EF90DF3ED4989D3B816089A9631F2E597213FB3726D122032931CC0469A913FF2927A5F3CCDE8516E0C34A4B2F1AE3BE00855AAD86E1B842845881BE36786A537C2897CBA5526976EEB811B7E6FFD8B301D131AFA554AC5BF78FEC7DEA686D8194988D02913B3EE600F16168682897CB7112248698D2096B8829101872F1373EF5E4C7E6ECF615BFD2B403A7B47DB3DAEBD3DAAE696DFBD4DCF053CFFFE4D047DB66B4FF6D69DB5ADAD6E3DA7327B57FD9BA7B75DFBDC2AD92907875478DFD6922F067404A526777E4E843EF0C0E0E2AF2753410438873225E2193C9F0FBCE1986980A7D8829101822F53D7B76CECE1DD383B4C9539A766C5EFB684EFB60463BAE697FF5776B53E75C9CBBBD7068563B38AD1D3CA9355ADAC49CF6A39FED4A2D74A11D5330A68E1DE9EAEA62BCC2F067404A52B60FDAC87B68E2CFF4AF0CEB5F4F11715C40396AB5DAF0F030F14C447BA55289D3705C18628AD310532030DDDDDDEF1F39343B37A50769938F9FD2A64F2DBC3437BFF0F7C79BFEFBCADFF89D6F3CF4ED394D3B3AA77D34AB7D30AB4D6ADA73AFBCD6F667536A86BD78B9017F06A4C44DE2AD566B6C6C4C7F189FB08F5E804AE472B9FEFEFE4AA5C2CF1C6088297E434C81C0A4163CD65123C87F8FCD69474E6833A74E2F4074FBF0F77EF0CD6F7DEFE03B0BB7C6ECBC36D3F66D2FBFBACBB2AE5291823F03C9865DE200C80E8698E237C414084CDB63FD9F110BFEEC9476F8B8F6EE9436AB6933D3D3991B6E48A5CE4DA5BAEEFCD22AF38ADB77ECB4ACAB54C09F8184037F061401434C711D620A04A6EDB13E3222D5FE7CF3C809ED9DA3DA7B27B5ED7B7EB178F1E273179D7FE1A59F2A7EF92C7FF6CAAB3B2CEB2A15F06720E1C09F0115C01053BC87980281697BAC4923C87F4FCC6B1FB416FACF0E9FD4B6BC52BF71C9CD9FFAF4E597765FF6837FFFD1494D9B9AD68E4F2FACB8B5F68A655DA502FE0C241CF833A00218622A40F81A620A0486686C6EEE4323F4369958B48F66B50F67B4778ECEBEBCBBB1E4F35FB8F50FFFE8BD69EDDD96F65E4B3B32AD1187B675DB2B9675950AF8339070E0CF800A6088A900E16B882910188BC7EABD75F96B6FECDBBEBB5E1BAFBFB4A3FED2CEBD2FBFB6FFA7DB5EFFD9EEB75ED8B1F7C51D6FBEB4F3CDDAAEBDBBF7FDF2917FDD70D7CABB84FB24F83300B8007F065400434CF11E620A04A6EDCF3E30C77DF7DDCBD2B3FBE777DE695951A9803F030907FE0CA8008698E23DC414084CDB9F1D41F80DF8339070D0FE0215C01053BC8798028159F067A7DE47F80DF8339070D0FE0215C01053BC8798028169FBB3C308BF017F06120EDA5FA00218628AF7105320306D7FF61EC26FC09F818483F617A8008698E23DC414084CDB9FBD8BF01BF06720E1A0FD052A8021A6780F610002D3F6674D84DF803F030907ED2F50010C31057F165BE0CFE0CF007000ED2F50010C31C57B88291098B63FFB15C26FC09F818483F617A8008698E23DC414080CB9C8A74EBD83F01BF06720E1A0FD052A8021A6780F310502D3F66787107E2399FEACD56A8D8E8E0E0E0E160A85DE33E4F37932A75C2E379B4DD10708A203ED2F50010C31C57B88291098B63F7B1BE13792E6CF882D239ECCF32B17D96C76646484D838D1C70BB883F617A8008698E23DC414084CDB9F1D8C3EE8FB35BFEAE813FC6E90C7F1B35E61AEF9EB9C6AB59ACBE558BE0F6B904EA7899F137DE0802F687F810AA430C414E721A64060DAB6E697D18793E5B22E6099B0BCE4E922781F3FEB15E69ABF4E68B55AA552C972D5B2D9ECD7BFFE371B373EB579CBF346AC59B376C58A1596250B85C2E4E4A4E89300BC40FB0B542085210C380F610002C3D7C7EC1B5C662AE8F76CB27A2FBB1B73744274C766D835FA76E0CFCEA2D96C5ABACD1E78E06B13FBF7CFCCCEB9C5E1F78F7CFF91477A7A7ACC1D69E3E3E3A24F057001ED2F5001F833F8B3D8D236340778C5BEB5CB96ADDD77FABFE57B529F1FDE77C0BE47FA31E8AF9A7AC5CE5ADE98B64F700DB9FD59A3D120D6CAB8A6F97C9EEECC2C2E6DCD9AB5C6BA5D5D5DB55A4DF40981F041FB0B54208521A6380F310502B3E066E61BBC62A2EDCF4EFFB77CCF9969EB2791264E991630A61D27CCCB985FB5BFC42324F667AD56CBDC73F6D0BA758CCECC1C4F3CF11FC49919BD68F86967F240FB0B54208521A6380F310502D3F6316FF18A8935E6CF3753AB1FD7E79B77EA39ED62E3DE6279955F48ECCF8AC5A271A5366E7C2A8039D363FBAB3BBABBBBF5EDF4F6F68A3E2D1032687F810AA430C414E721A64060DA6EE617BC82F8B3656BF69DFEEF8685CF372716A6A9FD67A7D735A6ED47E8B818650E8F90D59F8D8E8E76D873668EA79FD9646C6D787858F4C9813041FB0B54208521A6380F310502D37633FB79C5C4DF2F5BF6F7FBCEFC77D3EAD43D9B1626CC3BF59CD6274C06CEBA9893C9E37646A6FDB25E61AEF9F34B369BD5AF513E9FEFD09CE9617C17ADA7A707E3A22509B4BF40055218628AF3105320306D3733C12B26BEB16CD937F69DFEEF63F7A48A9BDAD3D4FEB3D3EB1AD3FA84FDAF6531CA1C1E21A53FAB542AFA55EEEAEA3AF8F6A150FCD9D1A963C62F3AFBFBFB459F22080DB4BF40055218628AF3100620306D37B38F57107F6652CB3D9B4ECF37EF9432ADFFD7F86B99635ECC66F2B89D9169BFAC57986BFE7CD1DBDBAB5FA0071EF85A28E64C8FC7366CD037DBDDDD2DFA144168A0FD052A10813FDB744F6AD9F00B8EDE8B328762D42C0B1B768DBE1DF833E988C6CDD8CD0DFBB4FD08851CB3F4FE6C7272D230B061759E1971DD75697DCBD56A55F489827040FB0B5420C57B40A67D6B97DDB37678D99737B90F28453F8694E4434C81C0908B3C3FBF37CA70DBA3AE3DFAC28644CDD36EF03E0BD62BCC357FEC94CB65FDBAF4F6F6866BCE48AC5E7DAFBEF1818101D1270AC201ED2F508114E7A198DA5FBB6EEC1BFE3CF96B1902CA91E40D310502D3F6316F22FC867CFEACAFAF4FBF693BFFD9A63D366F795EDF782E97137DA2201CD0FE021548F11D90E9F17B525FDAA48F35B5309601EBB052491A620A04A6EDCFEA08BF219F3FCBE7F3FAADFBF4339B42F76713FB4FFF92369D4E8B3E51100E687F810AA4780EC8B46FF8F3CB867FAA4FB73BD23E1E9FC9BDFF2C69434C81C0B4FDD91B08BF219F3F3346D6D8FEEA8ED0FD1909A37D117DA2201C904AA002298E03326DB8C762BECE0C3765DEA9E7744AF221A64060BABABA4E9CD8393FFF3AC257C8E7CF8C5130D81FB5E92B8CED8B3E51100E4825508114BF0199361553AB1F33CDD932BCECFF0D4F2837C414084C3A9D7EEBAD9FCCCFEF41F80AF9FC592693D1EFFF9FEFD9C3C39F198FE3147DA2201C904AA002296EC3010C2F5BB9C93273D3CAB663536B882910987C3EFFECD8C8BCF673047BBC51FF31713B8C57382E2236063FDBBCE5F9D0CDD9E1F78FE81BC710688901ED2F508168DC8CDDDCB04FDB8F50C831C39F45CFD0D0D0C0C0DDC21D8F5CF178F9A152A9C47885E3226272C4BA85FAFE238F84EECF7EBE678FBEF16C362BFA444138A0FD052A90C210539C8798028169341A99CC674EB4B6CF6BBB118C5128DC363A3ACA7885E32262E2C4F59B76D5AAAF84EECF1E5AB74EDF78B158147DA2201CD0FE021548618829CE434C814E185CA06F5E7B0DC112FF59F9E76231CF7E79E322E27ABD6E7C047974EA58B8FE6CF9F2E5FAC6CBE5B2E81305E180F617A8400A434C711E620A7442ABD5EAEDFD42ADF6434DDB85A047B3B92593F9CCE4E456F6CB1B2311A7D369DD456DDCF85488E6CC18FC8C30393929FA2C4138A0FD052A90C210539C8798021D52AFD7B3D91BEAF5514D1B47B8053167C4C856AB8FFABAB63112F1C0C080EEA2962C59126217DA17EFB843DF6CA150107D8A2034D0FE0215C01053BC8798029D53ABD588451B1AFA4B4DDB89B0C7E8E877329974B5FA6F7E2F6C8C443C3939698C5216D6539EB6BEF4B2D179363E3E2EFA144168A0FD052A8021A6780F310542A1D56A0D0C947A7B6F2E97FFA1D97C4ED376202627FFA752F9A7627145A1D04BA6035CD5788978787858F752E45D63E7036D4CECDF6F18BEBEBE3ED12707C204ED2F50010C3115207C0D310542A45AAD964A7FD2D3F3EB9EBFDE5581EEEE4B8AC5DB89450B7C3D6357E472B99C7E6EC45A75F22C81A353C7962C59626CAAD96C8A3E33102629F833A00018622A40F81A620AC4017C35DC91D815B946A3D1DDDD6DF8AA608FE33CF8F621C39C75757511532FFAB440C8C09F0115C01053BC879802C221E6ACB7B757F451C49138163962A78C1E42E2AEFC8E58BBF5A5978D8F3509B7DC720B69E3449F130819F833A00818628AEB1053402CBA39C3B7C31D89699123EF7E8C5EB454FB179D4F3FB389A5DBECAE952BCD1F000F0F0FD7EBF54F7EF293CB962D7BF1C517459F16080DF833A00818628AEB10534020306774E25BE488AF321E9A6EB8B4356BD6DA1FA04E6CD9F71F7964C58A15677F35AFDBF858F3AB5FFDAA3EF3A28B2EBAFDF6DB61D41200FC1950070C31C56F8829200A98334F625DE448FE060707BBBABA1C7F1CB174E952B7978AC5A2E507019FFEF4A7CD0B10A376D75D77E13B89F2027F069402434C711A620A0801E68C05098A1C715AC6D3D33D2129270D997D232FBCF0C279E79D672CF6A77FFAA7DDDDDDFDFDFDD19F0E0805F833A01A18628AC71053207A60CE1891A6C891B6A952A910A396CD662D9E2C9D4E170A85919111FA201AB7DD769BBEFCB265CBC846200EA9813F036A8221A6CC743EC4148818983376242E727E47B821EEEDFCF3CF27B7F455575D75C71D77703A2A100D29F8330094A4AFAFCFF14312107F60CE7C216B91DBB66D5BCAFFF3CEEFBCF3CEDFFAADDF4AA7D37FFDD77F8D0F37A506FE0C0035A9D7EBB95C6E606040F481007FC09CF945D62277EDB5D7920A7DFFFDF7FB5AABD56A150A8572B9ACB59F258531A6E505FE0C0095191A1A222E8D7835D107029880390B8094456EFDFAF5FA970FAEB8E28A4EF24D8C5A3E9F27A62DC46303D1007F0680E2B47FD39A1D1919117D20C00398B360C857E448A68D6135CE3FFFFC9B6FBEB993AD8D8D8D118B868136A403FE0C0040DE5DF7F5F591361C4F588E2D30678191AFC8150A05F3EF77AEBDF65AFDF3CAC054AB55A21E5834B9803F0300E890B7D9994C86FC157D20C00ACC59274856E448B2ED3FB1BEFAEAAB3BFC8C92A8279BCDE2319D12017F06003020A5219FCF974A257C5F253EC09C75886445EED1471FD53DD98D37DE68F8B3DFFEEDDF361EE5141862CEA02489803F0300582897CBE49D3646DF880330679D2359917BF1C5172FBEF8E2743AAD3F3DBDA7CDE5975FDEB93FD360D1A402FE0C0060471F7D63707050F481280DCC5928C857E448CAF50F22F50A4DA64314015115B9B7F13D86F8037F06007083F8338CBE210A98B3B090B8C871AAD0E631D2406C813F030050D047DF404B1E31306721227191E357A189452B954A185627CEC09F0100E8E82D3946DF880C98B37091B8C8F1AED07D7D7DF812436C813F0300B030363696CD66F1AD15DEC09C858EC4452E820A4DFC197169BCF70202007F060060A4D96CE6F379D29863F40D4EC09CF140E222174D851E1919C1983A3104FE0C00E00BD29863F40D1EC09C7142E2221759852E97CB8542218045331F21CBD1D297B10FCCABB247F17BEE948BE6B8297DA625832CD75FE5A4001073F4D137868686441F48728039E387C4B524CA4238363616E019506ED59D6579CB5A8C8BA963E03C4F8DE53AD897B12F6F4CBB193BCAC54F760A0090948181018CBE110A30675C91B878445CF96AB51A1122FBEF801C6BBC463D6C96FE185F7D36093607BE4E8D7D6196ECB83936C3AEF93D3C0040C490F69C58348CBED1093067BC91B88A445F028910C92DCDF2984E7309A7976D4FEB66D99463DF0CFC99FD55963E2DFBC5F7F467E62DD0BBD9127CF101F0BC01CDD32C9DCAEC6F5CD9774D87D80B7DF40DBF1F8C00AD63739600FD44408C0EC52F42AE233167C4A2798AD251469EAA72D41FA5DE9B5FA21B91E4E1796A8ED7D0BEA2C569592E9DF91ABA4DB8E5CBFE120089C1B3A9F16CB828AD16E59E72FC2FE3761C191B1BCB6432187DC3179DF79C25463F5C91B87888BA70CD66934893E5474076895054E8F8AAE66E0B1C27281B4F189EA7E679BF39CEB7A789B2BC65B158DDD80084C5B3AB53B7AC9F30CFA1B7636E2FB9B5576EB79E7D2D965B2CC07DA78FBED1DFDF8FDFE9B3E0C39C4DACBFC594ACD5CF9E9E9D30FDF0234687E21781D7511728FD2D974516E6F98EE55F7339238A3ADDF44ADF6032F03C35F68B6C7FD5717996157D1D210012404AECEAF5E4DF99DAEA5BEAC63D65347DF4FBCBF3EE733C0037D84E7281E1E1618CBEE189BF9E33229E8FADFD699F9F54FDF040E21222F6DAD11FD369CF2E8B5BEFC49FC5535EFCF03C35966B629FEF79FF539A09752E3E5007525489359B301B34E6CE6963DA71C27E335AB6AF3935A49A4B7DF59C66A15EAF13F381D137DCF0FDB1A6C59F9D994EAA7E4247E21222FCDA05784C27BB32CC330DA95916B34F78EE2E31F83A35FAC2F6143826C5FC1265B1604708402CD1ED99A5D032D5334BAD752CC39EAFD237C57E0CEC90565D1F7D83E577604A11E43B67677FBE697CC09960FD848BC42544F8B5D3A13CA6D31081A3688C651CA7E9732CF359369E303C4FCDF1BE75BC2DDDFE9AB7637EC93287B2BBF04E170001985DD919A7B600FBCDA579356B9E8D1ECB7DC4723CBEA8D56AD96C16A36F1804FC4180D3E79B9A02FA090B894B88F06B6740FC59A95432CF714CADDB4CC76947DC168EADBCF8E1EBD41C17B6DFFF8E2D0263330140E22005F56C4C9F4F190B794EA73A78636399E9D9B885D8EEE9A36F140A058CBE11FCD79A6777BB1A165F05FD84425C8E2300F1B9885AFB1950C56291E5E73F66D9D1B1AC653FDF94BB75A0CF4F00F45363BFB66EF73C7D77947B9E9E4700A4C1DC63B6C0C7C596F1CE324FD8FF5A16A3CC717CC96D45FB2E3A61747454F1D1373A1A4AC3DA7F765A4FEAE8A743627110C188C91534A8542AC11ED3090210B7EC039030CEFE49409B3315D6ADCE51DEF958DED25816A3BFA5715BD1B28CDB4487E8A36F0C0C0C28D8B6773ACE19C3F81A89D74F27883F82C0C4E1F259206FB372B91CFAC3232086D907401118EBAB7DA6DB1CCA8E28C5D86D19B7D53B616868289BCD2AF52C237E8F6F52503FC190B8C8C5B3421335134DE3B73FBC8967F601483C6EB79E5BD7857D194B8F881BF45D530EC3D7E9B053AFD7C9DB6F4546DF88C69C59E6275B3F0188D1A1F82556D7D10C2C5A04C436FB0080A4628CBED16C36451F0B47F0E0F3982071918B738526E64CB5CEF0888973F6010009A656AB653299A48EBE0173161F242E7231AFD0BACAABD5AAE803492631CF3E0020C1E8A36F148BC5847DDB18E62C56485CE4E25FA189D6F3F9BCCABFCDE647FCB30F004836954A2593C924E64D38CC59DC90B8C84951A15BAD16B16849ED09178814D90700249B66B3493C4D0246DF80398B21121739892A74A9541A1E1E167D148942A2EC0300928D3EFA46BD5E177D200181398B27121739B92A747F7FBFDB633A4100E4CA3E0020D91073462C9A8CA36FC09CC516898B9C7415DAFE984E1018E9B20F004836FAE81BC4EB4834FA06CC599C91B8C8C958A1D91FD309E8C8987D0040E2A956ABB28CBE01731673242E72925668FD319D09FB5576F4489A7D0040E2D147DF20C4B99D87398B3F121739792BF4D8D818B931E27CEBC61F79B30F00508172B99CC9646AB59AE8037100E64C0A242E725257687263E472393C032A3052671F00A002CD6693B4F3711B7D03E64C16242E72B257E87ABD4E6E12797F922D16D9B30F005084A1A121E2D24435F59B376F367F190EE64C22242E7209A8D08D4683DCB7B855029080EC0300148134F2E18EBEA17FC58DE54B329FFDEC67496BA92F097326171217B9645468FD86C133A0FC928CEC030014411F7D239FCF773EFA06A91ACB972F7F6CC306CFEF316FDBB68D34958B172FEEEFEF8739930E898B5C622A34B96D0A85C2E8E8A8E8039189C4641F00A00EE4AD782693A9542AE699DFFDEE771F7CF041C62DE8E66CFBAB3B6666E7C85FBA45BBF1C61B536D2EB9E492EBAFBF1EE64C2E242E7249AAD0E4AD15B168520C99131392947D00803A103B552C168D4F27C95FD29A5D76D9650303032CEB1AE64C0F8A45D33BCF0C162D5AB478F1623C695022242E72C9ABD0E48E95F1F12042485EF60100EA40DE8D67B3D95AADF6F0C30FEBFE895834FA8795767346B76846E75957571779FF9F4EA7F17567B990B8C825B2420FB4117D141290C8EC0300D4A1D1687CEE739F5BB46891EEA22EBFFCF2FBEFBFDF6D613773E666D1F4CEB3ABAEBAEA8A2BAEB8F2CA2BC99B7F0CE7241D1217B9A456E8A1A1213CA6D393A4661F00A008DFFAD6B7526743BC9463FF16DD9C395A34B2FCE2C58BBBBABABEF8C52FC299498AC4452EC115BA5C2E170A85580D691837129C7D00800ADC76DB6D9FFCE427CDFEECFCF3CFBFF9E69B2D8BB19833BB45BBFEFAEB7B7A7A366DDA24E2CC4038485CE4925DA1474747F1984E0AC9CE3E0020F1E86398111795C9647EEFF77EEFB2CB2EBBE0820BAEBAEA2ACB70B27673B666CD5A231C2DDA8103073094460290B8C825BE42E3319D14129F7D00800A341A8D6AB53A383848BCDA4D37DDA47F694C7FC9ADE7CCDCE5C6F25D342029121739152A341ED3E9860AD90700A8863E1CA63EFA86DBC79A747F068B9618242E728A5468FD319DE8A9B6A048F601000A42FFCE99A73F83454B06121739752A74A3D18045B3A04EF601004AE1F98300167F068B9600242E724A5568728FE572393CA6D340A9EC03001481E5D79A8CFE0C164D76242E72EC153AE54427FBA2AFCEC93AE8CF80B23CB84D59E0CF0000098371280D767F068B26351217394F9364F761F6551CAD9BE78AF6FFD209727A4E108B562C16F1984E0DFE0C00902CD8C739F3E5CF60D1E445E222E759A1593ABDDC36629E6F4C337A2FDED6A1542A0D0E0E72DD45FC813F03002406767316C09FC1A2498AC4458EDD9F517C95A73F735CD2BE56049D6766883FEBEFEFE7B16559803F030024035FE62C983F83459311898B9C2F7F467989EEAB1C6D16658394E970191E1E56F9319DF067008004E066CED6AC594B294F2CB83D5D00164D16242E7201FC196582BE71373FE7B87C34FE4C6B3FA6339FCFABF9984EF83300400220E66CF396E7EDDD5D3CFC1909B22F62D1449F346042E22217993F63B102949BC473DD4E181B1B23164DC1F743F067008004303E3E4E2CDAE1F78F44E0CFC85E3094A644485CE4C2F267745F6599E3E9BDA2B16566AAD5AA825DD6F067008064E068D142F7673067D221719163F16786A9B2AC629F60DC788ADAAF66DE5D940682DC72D96C56A9C774C29F010012835B2F5A58BF0F80399311898B1CBD42D3CD93E746EC8BD95777DB94A7F9E3816ACF80823F03002409768BE6D79FC19C498AC445CE578576F35594CE61F3026ECBBB2D6359DEE7990544298B067F060048188C16CD973F83399317898B1C63857674489C3EDFF475603C50E7319DF0670080E4C162D1D8FD19CC99D4485CE450A11DD11FD399F8674021FB008044E269D118FD19CC99EC485CE450A1DD2016AD542A8D8C8C883E108E20FB0080A442B7682CFE0CE62C01485CE450A1E9F4F5F525F8319DC83E0020C1502C9AA73F83394B0612173954684F883F232E4DF4517001D90700241B378B46F76730678941E222870ACDC2C8C848A9544ADE33A0907D0040E2711BBAD60898B304237191438566A45C2E170A85845934641F00A002ECE3A2C19C250C898B1C2A343B636363097B0614B20F005004168B0673963C242E72A8D0BEA8D56AE4EE6D369BA20F241C907D00803AD02D1ACC592291B8C8A142FB85DCBDB95C2E198FE944F601004AE166D160CE928AC4450E153A00C49C118B96803B19D90700A886DDA2C19C2518898B1C2A74309ACD26B99F6BB59AE803E908641F00A020668B0673966C242E72A8D081999C9C2477B5D48FE944F601006AA25BB489FDFB61CE928DC4450E15BA13647F4C27B20F00501662CBD2E934CC59B291B8C8A1427788D48FE944F601002A435A6FD18700F822719143850E05491FD389EC030054269436D0B211CA36D977C7B811B4E19E487C8190DDB020FE4CBAB762C83E0040653CDBC0940BF48D38CEB1AC4EF92F7D8FEC761068F06740A75C2E178B45899E0185EC03005486C59F79CE34FEEBE9E4DCD6F23C12BB3FF3B52F9591F8A220A3E152A954247A4C27B20F005019BFFECCEEA52C7D606EAB3B1A2CCA31B8CDB45831B4E19E487C8190DDD0191B1BCBE572523CA613D90700A80C8B3FA3582BC78DD0BD1AA5DB8CE5C34DFB16184F445924BE2E482A0FC6C7C77B7B7BE3FF0C28641F00A0328CFD67F41E2F379F44FFDCD3D19FB14C1B2BE2934D1624BE34C82B27A4B068C83E004065D83FDFA47456B17CBEC9B26596FE33C7398CE7A226125F1464941FC49C65B3D9380F7E88EC030054A6737FE6E69F3CE73BFA33B75D982760CE7C21F1754152B9A23F03AA5AAD8A3E1067907D0080CA30FA33474745F146F439147FE6D97F665E1DE68C05892F0DF2CA1B62D1F2F97C3C1FD389EC03005486C59FB959ABCEFD99DB27959469C7FFA225A720F1A5415E23A0D56A118B16C3C77422FB00009561FF7CD33EDFAF3F73FB7CD3EF81E1F34D5F487C5D90D4C828954AC3C3C3A28FE22C907D0080CA043649DAD9DD60C61CB78F26299F6FFADDB57DBF2C47AB2C125F1464344AFAFBFB63F5984E641F00A0326803138FC409863A2326568FE944F601002A833630F1489C60A8337AE2F3984E641F00A0326803138FC409863A85A03FA653F833A0907D0080CAA00D4C3C122718EA14C5D8D8586F6FAF588B86EC030054066D60E29138C150A740C6C7C773B99CC0674021FB000095411B9878244E30D429967ABDDEDBDB4BFE0AD93BB20F005019B4818947E204439DC269341AB95C4EC8633A917D0080CAA00D4C3C122718EA8C03FA633AA37F0614B20F00508D4AA5429ABEAEAEAE6C364B267A7A7AC8DF8B2EBA48D4E718802B12173954E898402C5AA150181D1D8D72A7C83E004035FEEBBFFECB3ECAFFADB7DE1A71F30BA241E222870A1D1F5AAD16B168513EA613D90700A80669692FB8E002B339BBE9A69B7A7A7A840F78047820719143858E1BA552696868289A7D21FB000005F9DBBFFDDB458B1619FEECAB5FFDEAC0C080E883025C90B8C8A142C790813611EC08D90700A8C9E2C58B7573B672E5CA743A1D8707BA001E485CE450A1E3C9D0D050048FE944F601006AF2C20B2F9C77DE79A40DCCE7F3F8E6598291B8C8A142C79672B95C2814B8BEAB43F60100CA72DB6DB7E9FE4CF481008E485CE450A1E30C7957C7F5319DC83E0040599ACD26690331AC46B291B8C8A142C71CFD319D9C368EEC030054066D60E2F19DE056AB55A9548AC52229BDE974DA3E168B2290732757401F54429DDF3623FB3A6A665F14509D0E541707A0461DA83102FCF9B3B1B131921522CD279E7862F3962D13FBF7CFCCCEAA19E4DCC915D8B871E3AA55ABC835E97CE8AF94EDCD907D0EFBAB3C40F6F965DF2F6ED9F7AB8AE855E417A88E9FEA8CEC5B4A2F65495F2F055E3EB6F2861AF9A911D861952F31C8A55269C58A1507DF3E38333B8330C7E1F70F138D928BD36C368367C2D63E525A4C7D8E5B4B4A21D8B121FB51669FB1587AD630C7EDD0E5117A3DEB04A82E02D55926B440DE285CC9C553DE50236F35023B4C7A25D2CC66B38F6D787466761AE1164F3FF3F4D2A54B1B8D469034D89A244A23456F4C599A515F20FBBCB3EF98209632C99250CB32F455E2E3CFA0BA0854C7C9EB7422B978CA1B6A8C408DC00E935EC9FB86B6344F22E8B179CB73CB97FF7E47F970316A6EFF755BC0B1310DD63C21FB1167DF31AD6E333D6D9C7D826575E140755C5547315B8125D1B9E4622B6FA891AB1A811BDEF21D1B1B5BB1E2F6D9B9168225BEFE370FAE5BF7CD8E52E2E2A528EF592DEF7AE95BF605B21F65F6E9BEDCD1793BBE64DE8263257323F091870B54178DEADC24E1B698E622CBCE25176779438DD1A811D8F1906CABD54AA7D36F1F6ACCCE9D40B0C4D4B10F972CB929D8B0349646C4ADADA4B73B8ECD9CA52D6304D98F32FB1AB51006D88839E96E5B0E658FE102D545A63A968C3B36416E7322905CC4F2861A235323B0E321D972B95C2A9566E78E1B716BFE8F296F50CC98D7522AD6ADFB47BFCFA0A4BCBDF3FBCECFD18A05F367C87E94D9A7E0776B94FFD277E76B479C80EAA2519DE6DE6B9572F2406E733CFFEBB8FDC0928B58DE5063646A04763C245B2814363EF5E4C7D2BC7DC5AF34EDC0296DDFACF6FAB4B66B5ADB3E3537FCD4F33F39F4D1B619ED7F5BDAB696B6F5B8F6DC49ED5FB6EE5EDD77AF70A108895777D4B2D96C906478B5292C4D4F2A3C7F86EC47997D8DFA76DFB318D873EDB68CDB5EFCCA8313505D04AA736B5E28CB5316E85C72B19537D418811A811B1E92CD64327BF6EC9C9D3BA60791F894A61D9BD73E9AD33E98D18E6BDA5FFDDDDAD43917E76E2F1C9AD50E4E6B074F6A8D963631A7FDE867BB520B6F208E291853C78E747575054F89FF2F90B1B45FF42D3B82EC479C7D9672E29944CFA2CB52050502D545A63A8BA7A1CB80BD5DEA4472719337D418991A811D0FC9767777BF7FE4D0ECDC941E4470C74F69D3A7165E9A9B5FF8FBE34DFF7DE56FFCCE371EFAF69CA61D9DD33E9AD53E98D52635EDB9575E6BAB734ACD08D616A46C6F013D1B23FB7CF666D413645F48F629C962A9679652445F8551395102D545A63ABB3FA32F49697F42915C0CE50D3546A64660C7FBCDCAECDC5123C87F8FCD69474E6833A74E2F303939F9F0F77EF0CD6F7DEFE03B0B03D3CDCE6B336DD5BEFCEA2ECBBA4A4560757A363D9E6F0D43F467C87E94D90FAB6380D1D3B3BC2A04A82E32D5B1F8337BF3E2E9A282492E9EF2861A235323B0C3E2CFFECF8805759ED20E1FD7DE9DD266356D667A3A73C30DA9D4B9A954D79D5F5A655E71FB8E9D9675958A004E888EB198DBEA8ED3F6EDFB3D2A643F82EC3B668D7D239D94A81836A3505D34AA331A04E3AFA5C1A1B418F4C6245CC9899537D4188D1A81232CFEEC232352EDDE5DF2EEE19DA3DA7B27B5ED7B7EB178F1E273179D7FE1A59F2A7EF92C75BEF2EA0ECBBA4A4532D489ECAB9C7D514075505D7C801AA14681B0F8B34923C87F4FCC6B1FB416DE3D1C3EA96D79A57EE3929B3FF5E9CB2FEDBEEC07FFFEA3939A3635AD1D9F5E58716BED15CBBA4A4532D489ECAB9C7D514075505D7C801AA1468178FBB3B9B90F8DD02F3A11E847B3DA8733E43DC4ECCBBB1B4B3EFF855BFFF08FDE9BD6DE6D69EFB5B423D31AD1E7D66DAF58D6552A92A14E645FE5EC8B02AA83EAE203D408350AC49F3FEBBD75F96B6FECDBBEBB5E1BAFBFB4A3FED2CEBD2FBFB6FFA7DB5EFFD9EEB75ED8B1F7C51D6FBEB4F3CDDAAEBDBBF7FDF2917FDD70D7CABB84AB04EAEC04645FE5EC8B02AA83EAE203D408350A84C59F7D608EFBEEBB37C5C09FDF79A76545A52219EA44F655CEBE28A03AA82E3E408D50A34058FCD91184DF48863A917D95B32F0AA80EAA8B0F5023D42810067F76EA7D84DF48863A917D95B32F0AA80EAA8B0F5023D42810167F7618E13792A14E645FE5EC8B02AA83EAE203D408350A84C59FBD87F01BC95027B2AF72F64501D54175F1016A841A05C2E2CFDE45F88D64A813D95739FBA280EAA0BAF80035428D0261F1674D84DF705367A55269341AE1A7910FC8BECAD917055407D5C507A8315C35025FC09F45A1CEC9C9C92F7FF9CBFAEFAEAFB8E20A599A4B645FE5EC8B02AA83EAE203D4188A1A413058FCD9AF107EC3ACCE919191AEAE2EBDA124133D3D3DCD6693735AC301D95739FBA280EAA0BAF8003576AE4610186F7F76EAD43B08BFA1ABB35EAF7FF6B39F350F5A98CBE5D2E97424990D01645FE5EC8B02AA83EAE203D4D8891A4187B0F8B34308BF41AE5B6F6F6F4A7E845F4919239594EC8B427806658C1454C707E199953152F06761C0E2CFDE46F80D5D9D8D46E30FFEE00FAEB9E61AE356BFE4924BB2D96C24990D01645FE5EC8B02AA83EAE203D4D8891A4187B0F8B38311847D47F45D477660814FC7B886636363D75D77DDD5575FAD3797175C7041ABD5E29CD67008E522FBDD08CBF26ECBF0D897B2D91705EF5B9BBD61D1A73B145B944DA8710DA1BAB010550129FB653F24C68DF03847F8B35060F167BF8C20CEEE4F769E635ED8F84BD98E534F7514E7A21F86F93292C6717070F0DA6BAF256F64C9DFF1F1719E390D8DB0AE98634EDD667A668D92FDD0F7A572F64511C17D4AD985F92546A579EE289A9607AAE34128B963696DDC1A3ACA764ED9AA247BFBE6B9F770D50882110B7F666FC528ED1A4564749D45732E1475361A8D72B93C3A3ACA2795E1C3E98AF96A1A280BB317C860FB523CFBA2E0A13ABF75CBB1E6F9558B5FAD4275312494C4791632F37FE9FA74DB08A5625204E96B5F9DAB11F885C59F1D882CF4DD99776A3900FBF1382EE0A4398775B99E4834F9E34AB857CCD89A7D829E62F6EC87B82F645F143C924269524E39351A96F98C6A0CA655A82ECE849235B722659E43A9538E8D986561F6F6CD4DE750630C61F067F38D2843DFA37DBFA7F5E4B28AF112E580A33C9764A8B3F32BF67143E0945CF3841B9614DB5FB5BFD4E1BE907DB1F0BE4FE9DB37BFEAD616B909895DAB9CCE4B74EA124828F9B2E4DD51578EFFB5EFDDB159B36C9CA57DB3378C9EB706D4183D2CFEECAD68E28C869CFF6B9E6993DD590B382E66BC14D9B944933FAE8475C58CED981361C9B5E7740CF795ECEC8B82C77D4A295AF666C7BCBC65DA51693109A88E07A164D9B12D72AC5C94698A74FDB66F766D3B2A1C6A140E8B3FFB05EF38230E7F2FB92D6FFCA5CFE47D46D1E48F2B615D31C774D8B3ECD2FAC4775FC9CEBE28B8DEA78CF230BF4A699AF81D2754171342C9B245516E5274D31BE518EC5B6669DF1CE784AB6AA8311458FCD9FE68C245521E0B5816D3A7ED2BDA67F23E9768F2C795B0AE9871FDDD1267CFA0659A927A370104DE17B22F167EF7A97DCB1601B034269E8261D76AE867273A750924947CB1343E8E52F49C6FDFB267FB6657B5E3BA50631C60F167135106658F6E2F99E7EBD34E6D226DCB3CCE229AFC7125AC2B66D98E7DB3D462C62A8FD0F7A578F645C1EF3EB524DA71479606C4BE566029F20EA88E07A124D15C802CF2A3A8913EC76D75C6F6CDAC6D1E72851A4381C59FED8B268C7DD9271CFFEB389F72C0119F4B34F9E34A5857EC4C2BE09A08B7573D05E03827947D21FBA288E03EB588842E0F9625595EE57D5E501D0F42C99A63A364511763E366DF08A5C5636F4B297704D4289018F933BA9ECC5A747A67E0BA16CB4B3C4E249AFC7125447FC69E084A39F4CC7E58FB42F605C2F53E350BC6B12685E2CF18B50AD5C59F5052466FD3DC96F1AC8074117A4AD43E1DA23EA1C650F0F667F3F37B7907A539D33116735BDD71DABEFD08CEC5D86334F9E30AA72B46DFACDF9D76B2357E27283A7512C323299416C0D27AD81B13FB029E2D55C47A83EAF8D179CA589A204B9963A9807671FADAB57DBFE14A146A0C05167FF626C26F24439DC8BECAD917055407D5C507A8116A14088B3FAB23FC4632D489ECAB9C7D514075505D7C801AA14681B0F8B337107E2319EA44F655CEBE28A03AA82E3E408D50A3403C2E625757D789133BE7E75F47F88A64A813D95739FBA280EAA0BAF80035428D02F1B888E974FAADB77E323FBF07E12B92A14E645FE5EC8B02AA83EAE203D408350AC4E322E6F3F967C746E6B59F23D8E38DFA8F33994C34F9E30AB2AF72F64501D54175F1016A841A05E2E1CF8686860606EE169E6FB9E2F1F243A552299AFC7105D95739FBA280EAA0BAF80035428D02F1F0678D462393F9CC89D6F6796D3782310A85DB464747A3C91F57907D95B32F0AA80EAA8B0F5023D42810EF0F890717E89BD75E43B0C47F56FEB958CC4790B96840F655CEBE28A03AA82E3E408D50A328BCFD59ABD5EAEDFD42ADF6434DDB85A047B3B985BCD99A9CDC1A41E6A201D95739FBA280EAA0BAF80035428DA260FA9145BD5ECF666FA8D747356D1CE116449AE436AE561FE59DB38841F655CEBE28A03AA82E3E408D50A310587F045BABD588408786FE52D37622EC313AFA9D4C265DADFE1BD76C8902D95739FBA280EAA0BAF80035428DD1E363909256AB353050EAEDBDB95CFE8766F3394DDB81989CFC9F4AE59F8AC51585422F99E69727E120FB2A675F14501D54171FA046A831627C0F2257AD564BA53FE9E9F9F51448A5BABB2F29166F2702E5919B1882EC9B512DFBA280EACC407562811ACD408D5CC120BF0000000000F102FE0C00000000205EC09F0100000000C40BF833000000008078017F0600000000102FFE3F2BFB050FC06ED4960000000049454E44AE426082,0),
 (0x383032,1,0x6173737572616E63652E62706D6E,0x383031,0x3C3F786D6C2076657273696F6E3D22312E302220656E636F64696E673D225554462D38223F3E0A3C646566696E6974696F6E7320786D6C6E733D22687474703A2F2F7777772E6F6D672E6F72672F737065632F42504D4E2F32303130303532342F4D4F44454C2220786D6C6E733A7873693D22687474703A2F2F7777772E77332E6F72672F323030312F584D4C536368656D612D696E7374616E63652220786D6C6E733A61637469766974693D22687474703A2F2F61637469766974692E6F72672F62706D6E2220786D6C6E733A62706D6E64693D22687474703A2F2F7777772E6F6D672E6F72672F737065632F42504D4E2F32303130303532342F44492220786D6C6E733A6F6D6764633D22687474703A2F2F7777772E6F6D672E6F72672F737065632F44442F32303130303532342F44432220786D6C6E733A6F6D6764693D22687474703A2F2F7777772E6F6D672E6F72672F737065632F44442F32303130303532342F44492220747970654C616E67756167653D22687474703A2F2F7777772E77332E6F72672F323030312F584D4C536368656D61222065787072657373696F6E4C616E67756167653D22687474703A2F2F7777772E77332E6F72672F313939392F585061746822207461726765744E616D6573706163653D22687474703A2F2F7777772E61637469766974692E6F72672F74657374223E0A20203C70726F636573732069643D2270726F636573733122206E616D653D2270726F6365737331223E0A202020203C73746172744576656E742069643D2273746172746576656E743122206E616D653D225374617274223E3C2F73746172744576656E743E0A202020203C757365725461736B2069643D22757365727461736B3122206E616D653D22E58F97E79086E9A1B9E79BAEE4BFA1E681AF223E3C2F757365725461736B3E0A202020203C757365725461736B2069643D22757365727461736B3222206E616D653D22E5AEA1E689B9E9A1B9E79BAE223E3C2F757365725461736B3E0A202020203C656E644576656E742069643D22656E646576656E743122206E616D653D22456E64223E3C2F656E644576656E743E0A202020203C73657175656E6365466C6F772069643D22666C6F773122206E616D653D22E68F90E4BAA4E9A1B9E79BAEE4BFA1E681AF2220736F757263655265663D2273746172746576656E743122207461726765745265663D22757365727461736B31223E3C2F73657175656E6365466C6F773E0A202020203C73657175656E6365466C6F772069643D22666C6F773222206E616D653D22E68F90E4BAA4E9A286E5AFBCE5AEA1E689B92220736F757263655265663D22757365727461736B3122207461726765745265663D22757365727461736B32223E3C2F73657175656E6365466C6F773E0A202020203C73657175656E6365466C6F772069643D22666C6F773322206E616D653D22E9A1B9E79BAEE7BB93E69D9F2220736F757263655265663D22757365727461736B3222207461726765745265663D22656E646576656E7431223E3C2F73657175656E6365466C6F773E0A20203C2F70726F636573733E0A20203C62706D6E64693A42504D4E4469616772616D2069643D2242504D4E4469616772616D5F70726F6365737331223E0A202020203C62706D6E64693A42504D4E506C616E652062706D6E456C656D656E743D2270726F6365737331222069643D2242504D4E506C616E655F70726F6365737331223E0A2020202020203C62706D6E64693A42504D4E53686170652062706D6E456C656D656E743D2273746172746576656E7431222069643D2242504D4E53686170655F73746172746576656E7431223E0A20202020202020203C6F6D6764633A426F756E6473206865696768743D223335222077696474683D2233352220783D2238302220793D22313230223E3C2F6F6D6764633A426F756E64733E0A2020202020203C2F62706D6E64693A42504D4E53686170653E0A2020202020203C62706D6E64693A42504D4E53686170652062706D6E456C656D656E743D22757365727461736B31222069643D2242504D4E53686170655F757365727461736B31223E0A20202020202020203C6F6D6764633A426F756E6473206865696768743D223535222077696474683D223130352220783D223332302220793D22313130223E3C2F6F6D6764633A426F756E64733E0A2020202020203C2F62706D6E64693A42504D4E53686170653E0A2020202020203C62706D6E64693A42504D4E53686170652062706D6E456C656D656E743D22757365727461736B32222069643D2242504D4E53686170655F757365727461736B32223E0A20202020202020203C6F6D6764633A426F756E6473206865696768743D223535222077696474683D223130352220783D223637302220793D22313130223E3C2F6F6D6764633A426F756E64733E0A2020202020203C2F62706D6E64693A42504D4E53686170653E0A2020202020203C62706D6E64693A42504D4E53686170652062706D6E456C656D656E743D22656E646576656E7431222069643D2242504D4E53686170655F656E646576656E7431223E0A20202020202020203C6F6D6764633A426F756E6473206865696768743D223335222077696474683D2233352220783D22313030302220793D22313230223E3C2F6F6D6764633A426F756E64733E0A2020202020203C2F62706D6E64693A42504D4E53686170653E0A2020202020203C62706D6E64693A42504D4E456467652062706D6E456C656D656E743D22666C6F7731222069643D2242504D4E456467655F666C6F7731223E0A20202020202020203C6F6D6764693A776179706F696E7420783D223131352220793D22313337223E3C2F6F6D6764693A776179706F696E743E0A20202020202020203C6F6D6764693A776179706F696E7420783D223332302220793D22313337223E3C2F6F6D6764693A776179706F696E743E0A20202020202020203C62706D6E64693A42504D4E4C6162656C3E0A202020202020202020203C6F6D6764633A426F756E6473206865696768743D223134222077696474683D223130302220783D222D32372220793D2234223E3C2F6F6D6764633A426F756E64733E0A20202020202020203C2F62706D6E64693A42504D4E4C6162656C3E0A2020202020203C2F62706D6E64693A42504D4E456467653E0A2020202020203C62706D6E64693A42504D4E456467652062706D6E456C656D656E743D22666C6F7732222069643D2242504D4E456467655F666C6F7732223E0A20202020202020203C6F6D6764693A776179706F696E7420783D223432352220793D22313337223E3C2F6F6D6764693A776179706F696E743E0A20202020202020203C6F6D6764693A776179706F696E7420783D223637302220793D22313337223E3C2F6F6D6764693A776179706F696E743E0A20202020202020203C62706D6E64693A42504D4E4C6162656C3E0A202020202020202020203C6F6D6764633A426F756E6473206865696768743D223134222077696474683D223130302220783D222D33372220793D2234223E3C2F6F6D6764633A426F756E64733E0A20202020202020203C2F62706D6E64693A42504D4E4C6162656C3E0A2020202020203C2F62706D6E64693A42504D4E456467653E0A2020202020203C62706D6E64693A42504D4E456467652062706D6E456C656D656E743D22666C6F7733222069643D2242504D4E456467655F666C6F7733223E0A20202020202020203C6F6D6764693A776179706F696E7420783D223737352220793D22313337223E3C2F6F6D6764693A776179706F696E743E0A20202020202020203C6F6D6764693A776179706F696E7420783D22313030302220793D22313337223E3C2F6F6D6764693A776179706F696E743E0A20202020202020203C62706D6E64693A42504D4E4C6162656C3E0A202020202020202020203C6F6D6764633A426F756E6473206865696768743D223134222077696474683D223130302220783D222D31372220793D2234223E3C2F6F6D6764633A426F756E64733E0A20202020202020203C2F62706D6E64693A42504D4E4C6162656C3E0A2020202020203C2F62706D6E64693A42504D4E456467653E0A202020203C2F62706D6E64693A42504D4E506C616E653E0A20203C2F62706D6E64693A42504D4E4469616772616D3E0A3C2F646566696E6974696F6E733E,0),
 (0x383033,1,0x6173737572616E63652E706E67,0x383031,0x89504E470D0A1A0A0000000D494844520000041000000148080200000066E29A9A000018E449444154789CEDDD7F6C9CF57D07708BAE939186F0B46E45FB0757FB034BDD86B5564AFE5ADC496B3C6923965681B73F524B5569A46A144D536B6D02A6952C9A56164D2D4AB792599BE83C5541960A2C1B3F966D8166058281A6752929A681366D486B460247E224CF9EF8D8F5B87B3E8FEFECE7FCF8EE5E2F7D85CE77CF3DCF3DCFC3F7F37CDEF1F96E20010000080C94FD02000080CD4B60000000420203000010121800008090C00000008404060000202430000000218101000008090C0000404860000000420203000010121800008090C00000008404060000202430000000218101000008090C0000404860000000420203000010121800008090C00000008404060000202430000000218101000008090C0000404860000000420203000010121800008090C00000008404060000202430000000218101000008090C0000404860000000420203000010121800008090C00000008404060000202430000000218101000008090C0000404860000000420203000010121800008090C00000008404060000202430000000218101000008090C0000404860000000420203000010121800008090C00000008404060000202430000000218101000008090C0000404860000000420203000010121800008090C00000008404060000202430000000218101000008090C0000404860000000420203000010121800008090C00000008404060000202430000000218101000008090C0000404860000000420203000010121800008090C00000008404060000202430000000218101000008090C0000404860000000420203000010121800008090C00000008404060000202430000000218101000008090C0000404860000000420203000010121800008090C00000008404060000202430000000218101000008090C0000404860000000420203000010121800008090C00000008404060000202430000000218101000008090C0000404860000000420203000010121800008090C0000000840406E829954A657676767272726C6C6C787878A05FA5FB9E1E81898989999999A5A5A5B24F0B944C65A85219606D0406E81D070F1E4C2F87694F70EFBDF73EFCC8232F1C3F7E7E79B93F47BAEFE9113870E0C0CE9D3BD363923607659F1C288DCAA032C03A090CD00B969696A6A6A6B66FDF7EE2E513E797CF1BF5E3D4ABA7D2E6203D38274F9E2CFB44C186521954062884C0005D2FED09464747EFD9FFA5F3CBE78C68DCFFC0FD5BB66C595C5C2CFB74C10651195406288AC0005D6F6A6A6AA52778CBC81F0F3FF2D0B66DBF59F6E9820DA232A80C50148101BADBC18307B76FFFF0F2858AD1CAF8F467FE64F7EECF967DD2A0E3540695010A24304017AB542AC3C3C32FBFB2B87CE14DA39571E6EC4FAEBFFED7171616CA3E75D0412A83CA00C51218A08BCDCCCC4C4D4D2D5F78A3363E34FEBB2D7EBC60FDB3FA6AECDEFD17D3D3D3659F3AE8209541658062090CD0C52626260EDCF72F3FED093EBCFD0749F2D2C5E43BCBC937CF25CF9C4B9E3C7361EF7D8FFEFB2BAF7DFD7CF23F95E4EB95E4F01BC9436F257F7BF8B99B777DA2F42B7429E3A9A347464747CB3E75D0412A83CA00C51218A08B8D8C8C1C3BF6F4F285B3D5313030702649CE5E4A5EBB90FCF87CF24692FCF19FDE3E70C5CF6DFDF0C42BCBC98973C989B792C54AF2C285E42B5F7B66E59F12CFF6E13873F6F4E0E060D9A70E3A48655019A0580243864AA532373777C71D774C4C4C8CFDBFF1F1F1F49ED9D959DF0DC9E6313434F4EAE957962F9CA98EF44AFFC6C5E4DCC5CB0F5DB874F9BF5F7DF0DF7EF9577EF5CFEEFCDC852479FD42F2DA72F2E3E524FD3FF8A1279E5D690BCEF4E748F7BDDC13071DA532A80CF4B39C3E766666666D5F3C626EBC437A7CD3033A3838981EE2F4B01E3870DFC38F3C5A1DF73FF0E06DB7DD3E39399916E2AD5BB7FA7A483683954BFBEBB591FE78F64272FACDE4FCC5B71748F3EDDF7CFE8B9FFDEBCF9FF8FEE502B17C2939BFD22E3CFED4330DCFEDABA12DA0B7A90C2A03FD29ED63D30E76D53F551A1D1DDDB76F5F9A2B5A5FB3B9F1B6F9F9F9347EA547390D06E7972FE48FC38F3DBE73E747D3C37DE8D0A1B25F387D6DE5D2FEBFB571B92DB8989C7A23F9E199643949CE9F3B3772DD750303EF1A1818FCC81FECAC7FE293479F6E786E5F0D6D01BD4D655019E8376947BA75EBD6163FDBA06A7878380D182DAEDFDCB86CCF9E3D69F7FFF0238FAE1A15EAC7934F1DDDB66DDBAE5DBBDA8A6850A0954BFB6BB5517DE3C1E93793EFBF9EFCE8ADE4C963DF7DEF7BDFFBAE9FF9D92BAF7ECFE41FBEA32D78E2A9A30DCFEDABA12DA0B7A90C2A03FD23ED42A7A6A69A7F87F0E94F7FA6FE9D32E9B8EDB6DBB76FDFDEB0E4C4C4442B6FB6EFF7B9911EE5C9C9C9E9E9E9B6A242FDF8C2DD778F8D8DADED0D61B04E2B97F6A5DA487F7CF352F2E3CAE57F473CF556F2C8130BBF76FD07DEF38BBF74F5D0CF7FF11FBFF256929C3997BC71EEF2130F1F79A2E1B97D35B405F436954165A04FA4FD67C32F166EB9E5532F1C3F9ED3B89E7AF574DABB5E73CD35F5BF6A989F9FCFDF505FCF8D342DA44779767676CD69A1F60EA5743D8B8B8B65EF107D279DE7172EFCA436AA57BBB433786D39F9C9F9E4FBAF2F3FFEDCE2F5BFF1C10FFDF6EFFCE85CF2C34AF2A34A72FA5C92360687BFFE44C373FB6A680BE86D2A83CA403F483BCFB4D7AFF5FDE3E3E3F951A12136DC76DBEDB5E70E0E0E1E397224675B7D3D37262727D79F166A6F4F4A3383F726B1C11A2EED631FDAF6ECB7BEF3E4730B47E6171E3BBAF0D8D3CF3FFEECF1FFF8FA37BFF6DC8BFF75F4F9FF3EFAEDC79EFEF691679E7FEE3BDFBBFBEFF6DF78D38DA55F9EB505D0092A83CA40CFABFEAB77ADE3BF73F7EE35B4AFF7DEFBE5342AD47ECF90F37E99FE9D1B7BF6EC59CF3B919AC78103F74D4C4C94BD5BF49795B6E0C7F5E3939FFCC42A7FE5B4E2F73FF2918627F6D5D016D0DB540695819E373939599BB9690BBA9E7FF21E1A1AAAAE676C6C2CDA5C9FCE8DF9F9F9D1D1D102D34275DC7CF327F6EDDB57F6CED14756DA82D346BB435B406F531954067ADBDCDCDC3A7FB7503FEE7FE0C1DADAF6EEDD9BB9C53E9D1B695A481355E181E1C4CBAF5C7BEDB03726B1612EB705175F35DA1DDA027A9BCAA032D0DBD23EB6DADF8F8F8F17D2C1D6FE9EE19A6BAEC9EC63FB716E54BFD5A2F0B4501DB7DCF2A9289C41E156DA825346BB435B406F531954067AD8ECEC6CB5B91F1C1C3CF1F22B85B4AFAF9F395BFBDCA45B6FBDB579A3FD3837C6C6C6DAFDCA85B67EC9901EF1B277917EB1D216FCC86877680BE86D2A83CA400F4BFBD86A677FCB2D9F2AB083BD67FFFEEA6A8786869A37DA7773636969293D101D4A0BD5B165CB96FC8FA682A2ACB4053F34DA1DDA027A9BCAA032D0ABD23EB6F6F70645FD7AA136AEBD76B8BAE643870E356CB7EFE6C6CCCCCCD4D4544703C39DBB774F4F4F97BDA3F48ED9D9D9E85B3E56DA829346BB435B400F501954067A55CEEC4EFBD8DA271A15DEC1DE7CF3DB1FA7D6DCC7F6DDDCD8B56BD7BE7DFB3A1A181E7EE4D19CCFA582B63CFFFCF3D5D97BD555571D3870A0E1516D81B680FEA432A80CF4AAFCD99DF6B1457D385266075B5DF9D6AD5B1BB6DB7773637C7CFCFE071EEC686078E1F8F16BAF1D2E7B47E911954AE58A2BAEA84EE077BFFBDDEF7FFFFBEBFFD561A52DF881D1EED016D0ED540695815E953FBBD33EB6FA5027BAD9B483ADAE7C78B8B18FEDBBB9D1A10F54AD1FAF9F393B383858F68ED23B6A1F5C5075E595577EEC631FAB7EEA59FAE3C58BDF37DA1DDA027A80CAA032D0AB726677ED03553BD4CDD636DAF092FA6E6EA4E7A0F0BF11C93CDCB5BF61878EBA78F115A3DD316086D2EB4A9F65DD3806540636BD5A9678E1F8F14E74B0B5F537F4CF7D1718464646BE71ECD8060486B27794DE71F5D557D72AC5C48AF492B6B0B090BCFDEF882F1BED0E33941EA032A80CF4AA9CD99DF6B1D5FB3BD4CD0E0E0E0A0C9775F44B18AAC3DF3050A0DA07A8A535E2E31FFF78FADFD9D9D9DAA32B6DC189F58C867FBAC87F74CDCBACFA1A326FE72FB9CEBD2EF19CC2FA75BA32B4356D33EF6FBEB16AFD5943F5287CA74A3CA750953FBB6BBF04EB44377BEAD5D3D595377F1543DFCD8DA9A9A97BF6EFEF686038FCD8E35BB66C297B47E9112FBDF4521AF7C7C7C7878787A7A7A7D33A52FFE8CAC5F57BAD8FAC6B73B84CF576EDCEFA1B994F6F5E5B6637B0EA13D7BC9EB68E435927140A516C65585BF5C89C8C39379A2BCC46CE7A95816E913FBBD33EB63A11BE70F7DD8577B0DF3876ACBAF2D1D1D18657D5777363EFDEBDC57E315EF34803C9CE9D1F2D7B47E91D737373333333991FC9BC866B67CE553C6799569A809C6DE5DC3FF0CE0492DF82B4B87E6D01FDA0D8CAD07AE968B1B06C40F5E8C43E6EF869840C39B37BCF9E3DD5EB63DA6A16DEC1DEB97B7775E59393930DDBEDBBB9911EFD34B17534306CDFBEFDE0C18365EFE806A995D7863E2F67C9FCB5355BDBEB59758BBD716158B976BED4EEA83DABF946F3FD594D7CDBCB442F20679986E5236BD8FDEA0ACB3E759B4251F377D5E3997306DB5A61FD0B6E71D3FD69CD53630D652473AAE6D799A2AA472776AAEC53D7355A9FCE396BC8F9317FE17EB6B0B0503DDA434343AF9F395B6C07BB6DDBB6EACAD3B8D2B0DD7E3C011DFDBBE7F4E4A5A7B0FAD157FD20F3B2DD56139059689A976CB1E1286A3DDDE2F2B5F3D262EB2367F7AB6A8BADE146FD5656DD5CFD02D1C2CD2B8C36D4EEE8D2D35DB88175CFDFCCA7374FAB55D7B9EAFF99D10B762A33AD796AACB980E44FFF86D93A5044F5E8D00E967DEA36B586F958BB335A2C9AC8994F6CFE315FA17BD665868787AB07E1C081FB0AEC606B5FC2906A781F54D29F81A1A3EF4AFADC5D77A52B2F7B1737CE4070BDCFBC339AF0AB569FE8CEA4A953C9D968EBEBE9220397AF9D2FB63EF297AF3E5A3B62F5CBAFF346CECB68651772FE176A6BF7EB5758F6A9DB140A9CBFF9B3B8C595B4F23A57BD41D27E6558430159F576FD8D86D75354F5E8C40E967DEA36BBFC999E73679275BD4E5AFE4D8553536F7A7ABA7AA0AEBFFEFA027FC970C38E1DD5D54E4C4C346FB41F4F40A55249C35927BE8D213D6DD75E3B7CF2E4C9B2777123E4CCF07627762B85A3AD02D4D6CBCEA9509BDFCAB5F3BBAD8FEAF299BB5F7BB4E146E692D1C2D18DCC97B1EAB632978FD6D3EE7128FBD4952CE7FFFFB60E4EE6139BD7D0EE01CF5CBEFEA5366FCB39ADB7E6A9B1EAC489342C935F078AAA1E9DD8C1B24FDD663750C4F53A73C9CCBA1129708FBAD1D2D252EDDB12EEDCBDBB900EF6F0638FD70EEFFCFC7CF346FBF4A0CFCECEDE78D34D7EBDB07E51ED88164B729B89FC87F20B47F3EDCCD7B36A21EB2E0397AF9DC7DB1DCDCF6AB867D505EAEFC9BF11C95973E60B5E753DED1E81B24FDDA650C8FCCD59CF400BDD7CCE7373E66FC3A34E6883354F8DD64B47E6EDFA59D97CA3F0EAD1891D2CFBD46D763993BAF5B9DC3CB5F3579873BB6FEDDDBBB77A0C070707D7FFF9AA2F1C3F5E4B20BB76EDCADC62FF1EF41B76EC28F6BD5FDF3876ACFABBA1B2F76C43B5326FF3AB40925580726EE4ACAAC517935FC8BACBCAB5F385358CFA2736AFA4764F70B5FEE9430D0B47375AD97AB4A19CE7AE7974E9E92E5C21F3B7E1CE9C6B7CFED46BA539C8AC0CCE66B342A649E6C48964CEE89C0A5348F5E8C40E967DEA36BBCC3918DD889EDBBC7C7341485AAB09FD6CEBD6ADD52396F6FAEBF9D6E7B4714DDBD7DAAAA2B7C9F4EF415F5A5ADAB2654B517FFD7CEAD5D3E9E14E4F58D9BBB5D16AD33BBF09689EEAAB3601D18DE61790B99E560A50B49E2EB272EDFCCEDA46DD953EFBA1867B727EACDDB3EA62CDF7D76EE73CB761E5D153DADAF7B24FDDA6B0FEF9DBFCACE6FFB6F5623265BEE0FAD74383F55486FC89D3FAEDDAB46DBEA7A8EAD1891D2CFBD46D76CD532FE746F4DC9C651A965FB526F4B3C5C5C5A1A1A1EA01491BFD279F3ABA86F6F5C4CBAFD4D2C2E0E0E0A14387A2CDF5F5415F58584833C37A62592D2DDCB063C7FD0F3C58F60E6DA8CC799B338D731A88160B502BCD44EB2FBB370AD0DAAE9DF597F0557F6CE5223D10B70E91CCF6227F9981AC7E62CD47A0EC5357B202E76FE632AD2F9FF963E6EDFA17DC7C837A6B9B17ED4EA2FCFB6BB378E09D81A1C0EAD1899D2AFBD46D76397370A0E5EB75C33D99CB346C347AA8CFA5FD7DEDE0A4ED7EBB5FE576F8B1C76BEF444AEDDDBB37675BFD7EF4E7E7E7D368951EB2F5BC13294D1DFD96166A1A2A45FEACCEB97FE09DED45EB6DC140DC58E417A09C75769174172E5D7ABEF5513D1A2D3E1455FC555758BB27675BAB2E9C797FF32B69F708D4D653F6A9DB140A99BFD1AA9A571BA93D317F81E6ADACFAAAFAD6DAE645BB9328BF8C64CEDC62AB472776AAEC53B7D9D5A664CE646CB78664CEF1867B1A364ACDDCDC5CEDF70C032B9F9B9476A4ADFC62E1C69B6EAA2FB3F9692111189295F7266DDBB6EDB6DB6E3FF5EAE976DFF5F5B9BBEEAABEAFA9EC9D284D669790B364540B565DB2AD4293F3DC552B5D7759B9767EDB687774E9E92EDCFAE76FF450EB333DF3C7556FD736DAED53B843540695A1130ABC5E2759D9236755667A8E858585919191FAEE3F8D0D695BDBFCAEFB34277CE1EEBBB76FDF5EBF709A3772DE8954E3B85F56A954D2237BDD7523690068F1136DEFD9BF3F5DFE965B3E95C68CB25F7E995A6938EA2FEACD3F462B6CBE1DC97C31F9CB6496A46E2C432B6DC182D1EEE8C673DD0945CDDF1627548B5D45CE430D73BC7917A8521954860DB0E6EB75665559759986E53BB4535D6A6969E98E3BEE181C1CCC3CEC5BB66C891E9A9C9C6CF1CB001CF19F4A0FD9ADB7DE9A26AD1B76EC48F340F39F8FA4F7DC7BEF976FBCE9A674999D3B3FBAB8B858F64B2E59C335BB79CEE7CCEAE68732175EB51BC82C28CD6BCE5CB8F9D5E6EEEE663470B92DF896D1EEE8C6735DB8C2E76FC38D2477DAE65FF2331FAA7F4AE65C8ED6D687540695A1A3D67FBD8EEE6FF7B9D44BFBD8A9A9A981D68C8D8D1D3972A4F5953B018D2A95CADCDC5C7AC46B7F365E93DE93A685D9D9D9E66FCC86520C0E0EBEF9E6D3972E7DD3686BB8F6D0DB54069581BE95F6B169A79AF6B1A3A3A30D7DECF0F0F0C4C4C4BE7DFBD6F015C3E60674B174F2BFF8E2BF5FBA74CC686B680BE86D2A83CA00C53237A08B8D8F8FFFEBC17D97926F18AD8F6F2D7C756464A4EC53071DA432A80C502C8101BAD89E3D7BA6A73F56FA85B6BBC63FCCDC39353555F6A9830E521954062896C0005D6C71717164E47D6F569EBC943C67B43826267E6B6E6EAEEC53071DA432A80C502C8101BADB1D97EDBA943C6BB432FE79F6AF2627C7CB3E69D0712A83CA00051218A0BB552A95B1B10F1E39F24F49F28C913F4E9E7C6464E47D4B4B87CB3E69D0712A83CA00051218A0EB2D2C2C8C8E5EB7B0309724F34634D29E20ED9F0E1DFA52D9A70B3688CAA03240510406E805478E1C493B833D7BFE28499E369AC7DCDC5D2323C3870EFD7DD9270A3694CAA03240210406E811954A657A7A6A6CEC0333337F7EF2E4434972D4585AFACFD9D9BF9C9CDC3E313196DE2EFB14410954069501D64F60809E72E8D0A1A9A9DFBBE69A5F68F1CBE17BDBD0D05593931F4E3B83B24F0B944C65A8A73240BB04060000202430000000218101000008090C0000404860000000420203000010121800008090C00000008404060000202430000000218101000008090C0000404860000000420203000010121800008090C00000008404060000202430000000218101000008090C0000404860000000420203000010121800008090C00000008404060000202430000000218101000008090C0000404860000000420203000010121800008090C00000008404060000202430000000218101000008090C0000404860000000420203000010121800008090C00000008404060000202430000000218101000008090C0000404860000000420203000010121800008090C00000008404060000202430000000218101000008090C0000404860000000420203000010121800008090C00000008404060000202430000000218101000008090C0000404860000000420203000010121800008090C00000008404060000202430000000218101000008090C0000404860000000420203000010121800008090C00000008404060000202430000000218101000008090C0000404860000000420203000010121800008090C00000008404060000202430000000218101000008090C0000404860000000420203000010121800008090C00000008404060000202430000000218101000008090C0000404860000000420203000010121800008090C00000008404060000202430000000218101000008090C0000404860000000420203000010121800008090C00000008404060000202430000000218101000008090C0000404860000000420203000010121800008090C00000008404060000202430000000218101000008090C0000404860000000420203000010121800008090C00000008404060000202430000000218101000008090C0000404860000000420203000010121800008090C00000008404060000202430000000218101000008090C0000404860000000420203000010121800008090C00000008404060000202430000000218101000008090C0000404860000000420203000010121800008090C00000008404060000202430000000218101000008090C0000404860000000420203000010121800008090C00000008404060000202430000000218101000008090C0000404860000000420203000010121800008090C00000008404060000202430000000218101000008FD1F5C9D29D29D0901740000000049454E44AE426082,0);
INSERT INTO `act_ge_bytearray` (`ID_`,`REV_`,`NAME_`,`DEPLOYMENT_ID_`,`BYTES_`,`GENERATED_`) VALUES 
 (0x383036,1,0x6173737572616E63652E62706D6E,0x383035,0x3C3F786D6C2076657273696F6E3D22312E302220656E636F64696E673D225554462D38223F3E0A3C646566696E6974696F6E7320786D6C6E733D22687474703A2F2F7777772E6F6D672E6F72672F737065632F42504D4E2F32303130303532342F4D4F44454C2220786D6C6E733A7873693D22687474703A2F2F7777772E77332E6F72672F323030312F584D4C536368656D612D696E7374616E63652220786D6C6E733A61637469766974693D22687474703A2F2F61637469766974692E6F72672F62706D6E2220786D6C6E733A62706D6E64693D22687474703A2F2F7777772E6F6D672E6F72672F737065632F42504D4E2F32303130303532342F44492220786D6C6E733A6F6D6764633D22687474703A2F2F7777772E6F6D672E6F72672F737065632F44442F32303130303532342F44432220786D6C6E733A6F6D6764693D22687474703A2F2F7777772E6F6D672E6F72672F737065632F44442F32303130303532342F44492220747970654C616E67756167653D22687474703A2F2F7777772E77332E6F72672F323030312F584D4C536368656D61222065787072657373696F6E4C616E67756167653D22687474703A2F2F7777772E77332E6F72672F313939392F585061746822207461726765744E616D6573706163653D22687474703A2F2F7777772E61637469766974692E6F72672F74657374223E0A20203C70726F636573732069643D2270726F636573733122206E616D653D2270726F6365737331223E0A202020203C73746172744576656E742069643D2273746172746576656E743122206E616D653D225374617274223E3C2F73746172744576656E743E0A202020203C757365725461736B2069643D22757365727461736B3122206E616D653D22E58F97E79086E9A1B9E79BAEE4BFA1E681AF223E3C2F757365725461736B3E0A202020203C757365725461736B2069643D22757365727461736B3222206E616D653D22E5AEA1E689B9E9A1B9E79BAE223E3C2F757365725461736B3E0A202020203C656E644576656E742069643D22656E646576656E743122206E616D653D22456E64223E3C2F656E644576656E743E0A202020203C73657175656E6365466C6F772069643D22666C6F773122206E616D653D22E68F90E4BAA4E9A1B9E79BAEE4BFA1E681AF2220736F757263655265663D2273746172746576656E743122207461726765745265663D22757365727461736B31223E3C2F73657175656E6365466C6F773E0A202020203C73657175656E6365466C6F772069643D22666C6F773222206E616D653D22E68F90E4BAA4E9A286E5AFBCE5AEA1E689B92220736F757263655265663D22757365727461736B3122207461726765745265663D22757365727461736B32223E3C2F73657175656E6365466C6F773E0A202020203C73657175656E6365466C6F772069643D22666C6F773322206E616D653D22E9A1B9E79BAEE7BB93E69D9F2220736F757263655265663D22757365727461736B3222207461726765745265663D22656E646576656E7431223E3C2F73657175656E6365466C6F773E0A20203C2F70726F636573733E0A20203C62706D6E64693A42504D4E4469616772616D2069643D2242504D4E4469616772616D5F70726F6365737331223E0A202020203C62706D6E64693A42504D4E506C616E652062706D6E456C656D656E743D2270726F6365737331222069643D2242504D4E506C616E655F70726F6365737331223E0A2020202020203C62706D6E64693A42504D4E53686170652062706D6E456C656D656E743D2273746172746576656E7431222069643D2242504D4E53686170655F73746172746576656E7431223E0A20202020202020203C6F6D6764633A426F756E6473206865696768743D223335222077696474683D2233352220783D2238302220793D22313230223E3C2F6F6D6764633A426F756E64733E0A2020202020203C2F62706D6E64693A42504D4E53686170653E0A2020202020203C62706D6E64693A42504D4E53686170652062706D6E456C656D656E743D22757365727461736B31222069643D2242504D4E53686170655F757365727461736B31223E0A20202020202020203C6F6D6764633A426F756E6473206865696768743D223535222077696474683D223130352220783D223332302220793D22313130223E3C2F6F6D6764633A426F756E64733E0A2020202020203C2F62706D6E64693A42504D4E53686170653E0A2020202020203C62706D6E64693A42504D4E53686170652062706D6E456C656D656E743D22757365727461736B32222069643D2242504D4E53686170655F757365727461736B32223E0A20202020202020203C6F6D6764633A426F756E6473206865696768743D223535222077696474683D223130352220783D223637302220793D22313130223E3C2F6F6D6764633A426F756E64733E0A2020202020203C2F62706D6E64693A42504D4E53686170653E0A2020202020203C62706D6E64693A42504D4E53686170652062706D6E456C656D656E743D22656E646576656E7431222069643D2242504D4E53686170655F656E646576656E7431223E0A20202020202020203C6F6D6764633A426F756E6473206865696768743D223335222077696474683D2233352220783D22313030302220793D22313230223E3C2F6F6D6764633A426F756E64733E0A2020202020203C2F62706D6E64693A42504D4E53686170653E0A2020202020203C62706D6E64693A42504D4E456467652062706D6E456C656D656E743D22666C6F7731222069643D2242504D4E456467655F666C6F7731223E0A20202020202020203C6F6D6764693A776179706F696E7420783D223131352220793D22313337223E3C2F6F6D6764693A776179706F696E743E0A20202020202020203C6F6D6764693A776179706F696E7420783D223332302220793D22313337223E3C2F6F6D6764693A776179706F696E743E0A20202020202020203C62706D6E64693A42504D4E4C6162656C3E0A202020202020202020203C6F6D6764633A426F756E6473206865696768743D223134222077696474683D223130302220783D222D32372220793D2234223E3C2F6F6D6764633A426F756E64733E0A20202020202020203C2F62706D6E64693A42504D4E4C6162656C3E0A2020202020203C2F62706D6E64693A42504D4E456467653E0A2020202020203C62706D6E64693A42504D4E456467652062706D6E456C656D656E743D22666C6F7732222069643D2242504D4E456467655F666C6F7732223E0A20202020202020203C6F6D6764693A776179706F696E7420783D223432352220793D22313337223E3C2F6F6D6764693A776179706F696E743E0A20202020202020203C6F6D6764693A776179706F696E7420783D223637302220793D22313337223E3C2F6F6D6764693A776179706F696E743E0A20202020202020203C62706D6E64693A42504D4E4C6162656C3E0A202020202020202020203C6F6D6764633A426F756E6473206865696768743D223134222077696474683D223130302220783D222D33372220793D2234223E3C2F6F6D6764633A426F756E64733E0A20202020202020203C2F62706D6E64693A42504D4E4C6162656C3E0A2020202020203C2F62706D6E64693A42504D4E456467653E0A2020202020203C62706D6E64693A42504D4E456467652062706D6E456C656D656E743D22666C6F7733222069643D2242504D4E456467655F666C6F7733223E0A20202020202020203C6F6D6764693A776179706F696E7420783D223737352220793D22313337223E3C2F6F6D6764693A776179706F696E743E0A20202020202020203C6F6D6764693A776179706F696E7420783D22313030302220793D22313337223E3C2F6F6D6764693A776179706F696E743E0A20202020202020203C62706D6E64693A42504D4E4C6162656C3E0A202020202020202020203C6F6D6764633A426F756E6473206865696768743D223134222077696474683D223130302220783D222D31372220793D2234223E3C2F6F6D6764633A426F756E64733E0A20202020202020203C2F62706D6E64693A42504D4E4C6162656C3E0A2020202020203C2F62706D6E64693A42504D4E456467653E0A202020203C2F62706D6E64693A42504D4E506C616E653E0A20203C2F62706D6E64693A42504D4E4469616772616D3E0A3C2F646566696E6974696F6E733E,0),
 (0x383037,1,0x6173737572616E63652E706E67,0x383035,0x89504E470D0A1A0A0000000D494844520000041000000148080200000066E29A9A000018E449444154789CEDDD7F6C9CF57D07708BAE939186F0B46E45FB0757FB034BDD86B5564AFE5ADC496B3C6923965681B73F524B5569A46A144D536B6D02A6952C9A56164D2D4AB792599BE83C5541960A2C1B3F966D8166058281A6752929A681366D486B460247E224CF9EF8D8F5B87B3E8FEFECE7FCF8EE5E2F7D85CE77CF3DCF3DCFC3F7F37CDEF1F96E20010000080C94FD02000080CD4B60000000420203000010121800008090C00000008404060000202430000000218101000008090C0000404860000000420203000010121800008090C00000008404060000202430000000218101000008090C0000404860000000420203000010121800008090C00000008404060000202430000000218101000008090C0000404860000000420203000010121800008090C00000008404060000202430000000218101000008090C0000404860000000420203000010121800008090C00000008404060000202430000000218101000008090C0000404860000000420203000010121800008090C00000008404060000202430000000218101000008090C0000404860000000420203000010121800008090C00000008404060000202430000000218101000008090C0000404860000000420203000010121800008090C00000008404060000202430000000218101000008090C0000404860000000420203000010121800008090C00000008404060000202430000000218101000008090C0000404860000000420203000010121800008090C00000008404060000202430000000218101000008090C0000404860000000420203000010121800008090C00000008404060000202430000000218101000008090C0000404860000000420203000010121800008090C00000008404060000202430000000218101000008090C0000404860000000420203000010121800008090C00000008404060000202430000000218101000008090C0000404860000000420203000010121800008090C0000000840406E829954A657676767272726C6C6C787878A05FA5FB9E1E81898989999999A5A5A5B24F0B944C65A85219606D0406E81D070F1E4C2F87694F70EFBDF73EFCC8232F1C3F7E7E79B93F47BAEFE9113870E0C0CE9D3BD363923607659F1C288DCAA032C03A090CD00B969696A6A6A6B66FDF7EE2E513E797CF1BF5E3D4ABA7D2E6203D38274F9E2CFB44C186521954062884C0005D2FED09464747EFD9FFA5F3CBE78C68DCFFC0FD5BB66C595C5C2CFB74C10651195406288AC0005D6F6A6A6AA52778CBC81F0F3FF2D0B66DBF59F6E9820DA232A80C50148101BADBC18307B76FFFF0F2858AD1CAF8F467FE64F7EECF967DD2A0E3540695010A24304017AB542AC3C3C32FBFB2B87CE14DA39571E6EC4FAEBFFED7171616CA3E75D0412A83CA00C51218A08BCDCCCC4C4D4D2D5F78A3363E34FEBB2D7EBC60FDB3FA6AECDEFD17D3D3D3659F3AE8209541658062090CD0C52626260EDCF72F3FED093EBCFD0749F2D2C5E43BCBC937CF25CF9C4B9E3C7361EF7D8FFEFB2BAF7DFD7CF23F95E4EB95E4F01BC9436F257F7BF8B99B777DA2F42B7429E3A9A347464747CB3E75D0412A83CA00C51218A08B8D8C8C1C3BF6F4F285B3D5313030702649CE5E4A5EBB90FCF87CF24692FCF19FDE3E70C5CF6DFDF0C42BCBC98973C989B792C54AF2C285E42B5F7B66E59F12CFF6E13873F6F4E0E060D9A70E3A48655019A0580243864AA532373777C71D774C4C4C8CFDBFF1F1F1F49ED9D959DF0DC9E6313434F4EAE957962F9CA98EF44AFFC6C5E4DCC5CB0F5DB874F9BF5F7DF0DF7EF9577EF5CFEEFCDC852479FD42F2DA72F2E3E524FD3FF8A1279E5D690BCEF4E748F7BDDC13071DA532A80CF4B39C3E766666666D5F3C626EBC437A7CD3033A3838981EE2F4B01E3870DFC38F3C5A1DF73FF0E06DB7DD3E39399916E2AD5BB7FA7A483683954BFBEBB591FE78F64272FACDE4FCC5B71748F3EDDF7CFE8B9FFDEBCF9FF8FEE502B17C2939BFD22E3CFED4330DCFEDABA12DA0B7A90C2A03FD29ED63D30E76D53F551A1D1DDDB76F5F9A2B5A5FB3B9F1B6F9F9F9347EA547390D06E7972FE48FC38F3DBE73E747D3C37DE8D0A1B25F387D6DE5D2FEBFB571B92DB8989C7A23F9E199643949CE9F3B3772DD750303EF1A1818FCC81FECAC7FE293479F6E786E5F0D6D01BD4D655019E8376947BA75EBD6163FDBA06A7878380D182DAEDFDCB86CCF9E3D69F7FFF0238FAE1A15EAC7934F1DDDB66DDBAE5DBBDA8A6850A0954BFB6BB5517DE3C1E93793EFBF9EFCE8ADE4C963DF7DEF7BDFFBAE9FF9D92BAF7ECFE41FBEA32D78E2A9A30DCFEDABA12DA0B7A90C2A03FD23ED42A7A6A69A7F87F0E94F7FA6FE9D32E9B8EDB6DBB76FDFDEB0E4C4C4442B6FB6EFF7B9911EE5C9C9C9E9E9E9B6A242FDF8C2DD778F8D8DADED0D61B04E2B97F6A5DA487F7CF352F2E3CAE57F473CF556F2C8130BBF76FD07DEF38BBF74F5D0CF7FF11FBFF256929C3997BC71EEF2130F1F79A2E1B97D35B405F436954165A04FA4FD67C32F166EB9E5532F1C3F9ED3B89E7AF574DABB5E73CD35F5BF6A989F9FCFDF505FCF8D342DA44779767676CD69A1F60EA5743D8B8B8B65EF107D279DE7172EFCA436AA57BBB433786D39F9C9F9E4FBAF2F3FFEDCE2F5BFF1C10FFDF6EFFCE85CF2C34AF2A34A72FA5C92360687BFFE44C373FB6A680BE86D2A83CA403F483BCFB4D7AFF5FDE3E3E3F951A12136DC76DBEDB5E70E0E0E1E397224675B7D3D37262727D79F166A6F4F4A3383F726B1C11A2EED631FDAF6ECB7BEF3E4730B47E6171E3BBAF0D8D3CF3FFEECF1FFF8FA37BFF6DC8BFF75F4F9FF3EFAEDC79EFEF691679E7FEE3BDFBBFBEFF6DF78D38DA55F9EB505D0092A83CA40CFABFEAB77ADE3BF73F7EE35B4AFF7DEFBE5342AD47ECF90F37E99FE9D1B7BF6EC59CF3B919AC78103F74D4C4C94BD5BF49795B6E0C7F5E3939FFCC42A7FE5B4E2F73FF2918627F6D5D016D0DB540695819E373939599BB9690BBA9E7FF21E1A1AAAAE676C6C2CDA5C9FCE8DF9F9F9D1D1D102D34275DC7CF327F6EDDB57F6CED14756DA82D346BB435B406F531954067ADBDCDCDC3A7FB7503FEE7FE0C1DADAF6EEDD9BB9C53E9D1B695A481355E181E1C4CBAF5C7BEDB03726B1612EB705175F35DA1DDA027A9BCAA032D0DBD23EB6DADF8F8F8F17D2C1D6FE9EE19A6BAEC9EC63FB716E54BFD5A2F0B4501DB7DCF2A9289C41E156DA825346BB435B406F531954067AD8ECEC6CB5B91F1C1C3CF1F22B85B4AFAF9F395BFBDCA45B6FBDB579A3FD3837C6C6C6DAFDCA85B67EC9901EF1B277917EB1D216FCC86877680BE86D2A83CA400F4BFBD86A677FCB2D9F2AB083BD67FFFEEA6A8786869A37DA7773636969293D101D4A0BD5B165CB96FC8FA682A2ACB4053F34DA1DDA027A9BCAA032D0ABD23EB6F6F70645FD7AA136AEBD76B8BAE643870E356CB7EFE6C6CCCCCCD4D4544703C39DBB774F4F4F97BDA3F48ED9D9D9E85B3E56DA829346BB435B400F501954067A55CEEC4EFBD8DA271A15DEC1DE7CF3DB1FA7D6DCC7F6DDDCD8B56BD7BE7DFB3A1A181E7EE4D19CCFA582B63CFFFCF3D5D97BD555571D3870A0E1516D81B680FEA432A80CF4AAFCD99DF6B1457D385266075B5DF9D6AD5B1BB6DB7773637C7CFCFE071EEC686078E1F8F16BAF1D2E7B47E911954AE58A2BAEA84EE077BFFBDDEF7FFFFBEBFFD561A52DF881D1EED016D0ED540695815E953FBBD33EB6FA5027BAD9B483ADAE7C78B8B18FEDBBB9D1A10F54AD1FAF9F393B383858F68ED23B6A1F5C5075E595577EEC631FAB7EEA59FAE3C58BDF37DA1DDA027A80CAA032D0AB726677ED03553BD4CDD636DAF092FA6E6EA4E7A0F0BF11C93CDCB5BF61878EBA78F115A3DD316086D2EB4A9F65DD3806540636BD5A9678E1F8F14E74B0B5F537F4CF7D1718464646BE71ECD8060486B27794DE71F5D557D72AC5C48AF492B6B0B090BCFDEF882F1BED0E33941EA032A80CF4AA9CD99DF6B1D5FB3BD4CD0E0E0E0A0C9775F44B18AAC3DF3050A0DA07A8A535E2E31FFF78FADFD9D9D9DAA32B6DC189F58C867FBAC87F74CDCBACFA1A326FE72FB9CEBD2EF19CC2FA75BA32B4356D33EF6FBEB16AFD5943F5287CA74A3CA750953FBB6BBF04EB44377BEAD5D3D595377F1543DFCD8DA9A9A97BF6EFEF686038FCD8E35BB66C297B47E9112FBDF4521AF7C7C7C7878787A7A7A7D33A52FFE8CAC5F57BAD8FAC6B73B84CF576EDCEFA1B994F6F5E5B6637B0EA13D7BC9EB68E435927140A516C65585BF5C89C8C39379A2BCC46CE7A95816E913FBBD33EB63A11BE70F7DD8577B0DF3876ACBAF2D1D1D18657D5777363EFDEBDC57E315EF34803C9CE9D1F2D7B47E91D737373333333991FC9BC866B67CE553C6799569A809C6DE5DC3FF0CE0492DF82B4B87E6D01FDA0D8CAD07AE968B1B06C40F5E8C43E6EF869840C39B37BCF9E3DD5EB63DA6A16DEC1DEB97B7775E59393930DDBEDBBB9911EFD34B17534306CDFBEFDE0C18365EFE806A995D7863E2F67C9FCB5355BDBEB59758BBD716158B976BED4EEA83DABF946F3FD594D7CDBCB442F20679986E5236BD8FDEA0ACB3E759B4251F377D5E3997306DB5A61FD0B6E71D3FD69CD53630D652473AAE6D799A2AA472776AAEC53D7355A9FCE396BC8F9317FE17EB6B0B0503DDA434343AF9F395B6C07BB6DDBB6EACAD3B8D2B0DD7E3C011DFDBBE7F4E4A5A7B0FAD157FD20F3B2DD56139059689A976CB1E1286A3DDDE2F2B5F3D262EB2367F7AB6A8BADE146FD5656DD5CFD02D1C2CD2B8C36D4EEE8D2D35DB88175CFDFCCA7374FAB55D7B9EAFF99D10B762A33AD796AACB980E44FFF86D93A5044F5E8D00E967DEA36B586F958BB335A2C9AC8994F6CFE315FA17BD665868787AB07E1C081FB0AEC606B5FC2906A781F54D29F81A1A3EF4AFADC5D77A52B2F7B1737CE4070BDCFBC339AF0AB569FE8CEA4A953C9D968EBEBE9220397AF9D2FB63EF297AF3E5A3B62F5CBAFF346CECB68651772FE176A6BF7EB5758F6A9DB140A9CBFF9B3B8C595B4F23A57BD41D27E6558430159F576FD8D86D75354F5E8C40E967DEA36BBFC999E73679275BD4E5AFE4D8553536F7A7ABA7AA0AEBFFEFA027FC970C38E1DD5D54E4C4C346FB41F4F40A55249C35927BE8D213D6DD75E3B7CF2E4C9B2777123E4CCF07627762B85A3AD02D4D6CBCEA9509BDFCAB5F3BBAD8FEAF299BB5F7BB4E146E692D1C2D18DCC97B1EAB632978FD6D3EE7128FBD4952CE7FFFFB60E4EE6139BD7D0EE01CF5CBEFEA5366FCB39ADB7E6A9B1EAC489342C935F078AAA1E9DD8C1B24FDD663750C4F53A73C9CCBA1129708FBAD1D2D252EDDB12EEDCBDBB900EF6F0638FD70EEFFCFC7CF346FBF4A0CFCECEDE78D34D7EBDB07E51ED88164B729B89FC87F20B47F3EDCCD7B36A21EB2E0397AF9DC7DB1DCDCF6AB867D505EAEFC9BF11C95973E60B5E753DED1E81B24FDDA650C8FCCD59CF400BDD7CCE7373E66FC3A34E6883354F8DD64B47E6EDFA59D97CA3F0EAD1891D2CFBD46D763993BAF5B9DC3CB5F3579873BB6FEDDDBBB77A0C070707D7FFF9AA2F1C3F5E4B20BB76EDCADC62FF1EF41B76EC28F6BD5FDF3876ACFABBA1B2F76C43B5326FF3AB40925580726EE4ACAAC517935FC8BACBCAB5F385358CFA2736AFA4764F70B5FEE9430D0B47375AD97AB4A19CE7AE7974E9E92E5C21F3B7E1CE9C6B7CFED46BA539C8AC0CCE66B342A649E6C48964CEE89C0A5348F5E8C40E967DEA36BBCC3918DD889EDBBC7C7341485AAB09FD6CEBD6ADD52396F6FAEBF9D6E7B4714DDBD7DAAAA2B7C9F4EF415F5A5ADAB2654B517FFD7CEAD5D3E9E14E4F58D9BBB5D16AD33BBF09689EEAAB3601D18DE61790B99E560A50B49E2EB272EDFCCEDA46DD953EFBA1867B727EACDDB3EA62CDF7D76EE73CB761E5D153DADAF7B24FDDA6B0FEF9DBFCACE6FFB6F5623265BEE0FAD74383F55486FC89D3FAEDDAB46DBEA7A8EAD1891D2CFBD46D76CD532FE746F4DC9C651A965FB526F4B3C5C5C5A1A1A1EA01491BFD279F3ABA86F6F5C4CBAFD4D2C2E0E0E0A14387A2CDF5F5415F58584833C37A62592D2DDCB063C7FD0F3C58F60E6DA8CC799B338D731A88160B502BCD44EB2FBB370AD0DAAE9DF597F0557F6CE5223D10B70E91CCF6227F9981AC7E62CD47A0EC5357B202E76FE632AD2F9FF963E6EDFA17DC7C837A6B9B17ED4EA2FCFB6BB378E09D81A1C0EAD1899D2AFBD46D76397370A0E5EB75C33D99CB346C347AA8CFA5FD7DEDE0A4ED7EBB5FE576F8B1C76BEF444AEDDDBB37675BFD7EF4E7E7E7D368951EB2F5BC13294D1DFD96166A1A2A45FEACCEB97FE09DED45EB6DC140DC58E417A09C75769174172E5D7ABEF5513D1A2D3E1455FC555758BB27675BAB2E9C797FF32B69F708D4D653F6A9DB140A99BFD1AA9A571BA93D317F81E6ADACFAAAFAD6DAE645BB9328BF8C64CEDC62AB472776AAEC53B7D9D5A664CE646CB78664CEF1867B1A364ACDDCDC5CEDF70C032B9F9B9476A4ADFC62E1C69B6EAA2FB3F9692111189295F7266DDBB6EDB6DB6E3FF5EAE976DFF5F5B9BBEEAABEAFA9EC9D284D669790B364540B565DB2AD4293F3DC552B5D7759B9767EDB687774E9E92EDCFAE76FF450EB333DF3C7556FD736DAED53B843540695A1130ABC5E2759D9236755667A8E858585919191FAEE3F8D0D695BDBFCAEFB34277CE1EEBBB76FDF5EBF709A3772DE8954E3B85F56A954D2237BDD7523690068F1136DEFD9BF3F5DFE965B3E95C68CB25F7E995A6938EA2FEACD3F462B6CBE1DC97C31F9CB6496A46E2C432B6DC182D1EEE8C673DD0945CDDF1627548B5D45CE430D73BC7917A8521954860DB0E6EB75665559759986E53BB4535D6A6969E98E3BEE181C1CCC3CEC5BB66C891E9A9C9C6CF1CB001CF19F4A0FD9ADB7DE9A26AD1B76EC48F340F39F8FA4F7DC7BEF976FBCE9A674999D3B3FBAB8B858F64B2E59C335BB79CEE7CCEAE68732175EB51BC82C28CD6BCE5CB8F9D5E6EEEE663470B92DF896D1EEE8C6735DB8C2E76FC38D2477DAE65FF2331FAA7F4AE65C8ED6D687540695A1A3D67FBD8EEE6FF7B9D44BFBD8A9A9A981D68C8D8D1D3972A4F5953B018D2A95CADCDC5C7AC46B7F365E93DE93A685D9D9D9E66FCC86520C0E0EBEF9E6D3972E7DD3686BB8F6D0DB54069581BE95F6B169A79AF6B1A3A3A30D7DECF0F0F0C4C4C4BE7DFBD6F015C3E60674B174F2BFF8E2BF5FBA74CC686B680BE86D2A83CA00C53237A08B8D8F8FFFEBC17D97926F18AD8F6F2D7C756464A4EC53071DA432A80C502C8101BAD89E3D7BA6A73F56FA85B6BBC63FCCDC39353555F6A9830E521954062896C0005D6C71717164E47D6F569EBC943C67B43826267E6B6E6EAEEC53071DA432A80C502C8101BADB1D97EDBA943C6BB432FE79F6AF2627C7CB3E69D0712A83CA00051218A0BB552A95B1B10F1E39F24F49F28C913F4E9E7C6464E47D4B4B87CB3E69D0712A83CA00051218A0EB2D2C2C8C8E5EB7B0309724F34634D29E20ED9F0E1DFA52D9A70B3688CAA03240510406E805478E1C493B833D7BFE28499E369AC7DCDC5D2323C3870EFD7DD9270A3694CAA03240210406E811954A657A7A6A6CEC0333337F7EF2E4434972D4585AFACFD9D9BF9C9CDC3E313196DE2EFB14410954069501D64F60809E72E8D0A1A9A9DFBBE69A5F68F1CBE17BDBD0D05593931F4E3B83B24F0B944C65A8A73240BB04060000202430000000218101000008090C0000404860000000420203000010121800008090C00000008404060000202430000000218101000008090C0000404860000000420203000010121800008090C00000008404060000202430000000218101000008090C0000404860000000420203000010121800008090C00000008404060000202430000000218101000008090C0000404860000000420203000010121800008090C00000008404060000202430000000218101000008090C0000404860000000420203000010121800008090C00000008404060000202430000000218101000008090C0000404860000000420203000010121800008090C00000008404060000202430000000218101000008090C0000404860000000420203000010121800008090C00000008404060000202430000000218101000008090C0000404860000000420203000010121800008090C00000008404060000202430000000218101000008090C0000404860000000420203000010121800008090C00000008404060000202430000000218101000008090C0000404860000000420203000010121800008090C00000008404060000202430000000218101000008090C0000404860000000420203000010121800008090C00000008404060000202430000000218101000008090C0000404860000000420203000010121800008090C00000008404060000202430000000218101000008090C0000404860000000420203000010121800008090C00000008404060000202430000000218101000008090C0000404860000000420203000010121800008090C00000008404060000202430000000218101000008090C0000404860000000420203000010121800008090C00000008404060000202430000000218101000008090C0000404860000000420203000010121800008090C00000008404060000202430000000218101000008090C0000404860000000420203000010121800008090C00000008404060000202430000000218101000008090C0000404860000000420203000010121800008090C00000008404060000202430000000218101000008090C0000404860000000420203000010121800008090C00000008404060000202430000000218101000008090C0000404860000000420203000010121800008090C00000008404060000202430000000218101000008FD1F5C9D29D29D0901740000000049454E44AE426082,0),
 (0x383130,1,0x6173737572616E63652E62706D6E,0x383039,0x3C3F786D6C2076657273696F6E3D22312E302220656E636F64696E673D225554462D38223F3E0A3C646566696E6974696F6E7320786D6C6E733D22687474703A2F2F7777772E6F6D672E6F72672F737065632F42504D4E2F32303130303532342F4D4F44454C2220786D6C6E733A7873693D22687474703A2F2F7777772E77332E6F72672F323030312F584D4C536368656D612D696E7374616E63652220786D6C6E733A61637469766974693D22687474703A2F2F61637469766974692E6F72672F62706D6E2220786D6C6E733A62706D6E64693D22687474703A2F2F7777772E6F6D672E6F72672F737065632F42504D4E2F32303130303532342F44492220786D6C6E733A6F6D6764633D22687474703A2F2F7777772E6F6D672E6F72672F737065632F44442F32303130303532342F44432220786D6C6E733A6F6D6764693D22687474703A2F2F7777772E6F6D672E6F72672F737065632F44442F32303130303532342F44492220747970654C616E67756167653D22687474703A2F2F7777772E77332E6F72672F323030312F584D4C536368656D61222065787072657373696F6E4C616E67756167653D22687474703A2F2F7777772E77332E6F72672F313939392F585061746822207461726765744E616D6573706163653D22687474703A2F2F7777772E61637469766974692E6F72672F74657374223E0A20203C70726F636573732069643D2270726F636573733122206E616D653D2270726F6365737331223E0A202020203C73746172744576656E742069643D2273746172746576656E743122206E616D653D225374617274223E3C2F73746172744576656E743E0A202020203C757365725461736B2069643D22757365727461736B3122206E616D653D22E58F97E79086E9A1B9E79BAEE4BFA1E681AF223E3C2F757365725461736B3E0A202020203C757365725461736B2069643D22757365727461736B3222206E616D653D22E5AEA1E689B9E9A1B9E79BAE223E3C2F757365725461736B3E0A202020203C656E644576656E742069643D22656E646576656E743122206E616D653D22456E64223E3C2F656E644576656E743E0A202020203C73657175656E6365466C6F772069643D22666C6F773122206E616D653D22E68F90E4BAA4E9A1B9E79BAEE4BFA1E681AF2220736F757263655265663D2273746172746576656E743122207461726765745265663D22757365727461736B31223E3C2F73657175656E6365466C6F773E0A202020203C73657175656E6365466C6F772069643D22666C6F773222206E616D653D22E68F90E4BAA4E9A286E5AFBCE5AEA1E689B92220736F757263655265663D22757365727461736B3122207461726765745265663D22757365727461736B32223E3C2F73657175656E6365466C6F773E0A202020203C73657175656E6365466C6F772069643D22666C6F773322206E616D653D22E9A1B9E79BAEE7BB93E69D9F2220736F757263655265663D22757365727461736B3222207461726765745265663D22656E646576656E7431223E3C2F73657175656E6365466C6F773E0A20203C2F70726F636573733E0A20203C62706D6E64693A42504D4E4469616772616D2069643D2242504D4E4469616772616D5F70726F6365737331223E0A202020203C62706D6E64693A42504D4E506C616E652062706D6E456C656D656E743D2270726F6365737331222069643D2242504D4E506C616E655F70726F6365737331223E0A2020202020203C62706D6E64693A42504D4E53686170652062706D6E456C656D656E743D2273746172746576656E7431222069643D2242504D4E53686170655F73746172746576656E7431223E0A20202020202020203C6F6D6764633A426F756E6473206865696768743D223335222077696474683D2233352220783D2238302220793D22313230223E3C2F6F6D6764633A426F756E64733E0A2020202020203C2F62706D6E64693A42504D4E53686170653E0A2020202020203C62706D6E64693A42504D4E53686170652062706D6E456C656D656E743D22757365727461736B31222069643D2242504D4E53686170655F757365727461736B31223E0A20202020202020203C6F6D6764633A426F756E6473206865696768743D223535222077696474683D223130352220783D223332302220793D22313130223E3C2F6F6D6764633A426F756E64733E0A2020202020203C2F62706D6E64693A42504D4E53686170653E0A2020202020203C62706D6E64693A42504D4E53686170652062706D6E456C656D656E743D22757365727461736B32222069643D2242504D4E53686170655F757365727461736B32223E0A20202020202020203C6F6D6764633A426F756E6473206865696768743D223535222077696474683D223130352220783D223637302220793D22313130223E3C2F6F6D6764633A426F756E64733E0A2020202020203C2F62706D6E64693A42504D4E53686170653E0A2020202020203C62706D6E64693A42504D4E53686170652062706D6E456C656D656E743D22656E646576656E7431222069643D2242504D4E53686170655F656E646576656E7431223E0A20202020202020203C6F6D6764633A426F756E6473206865696768743D223335222077696474683D2233352220783D22313030302220793D22313230223E3C2F6F6D6764633A426F756E64733E0A2020202020203C2F62706D6E64693A42504D4E53686170653E0A2020202020203C62706D6E64693A42504D4E456467652062706D6E456C656D656E743D22666C6F7731222069643D2242504D4E456467655F666C6F7731223E0A20202020202020203C6F6D6764693A776179706F696E7420783D223131352220793D22313337223E3C2F6F6D6764693A776179706F696E743E0A20202020202020203C6F6D6764693A776179706F696E7420783D223332302220793D22313337223E3C2F6F6D6764693A776179706F696E743E0A20202020202020203C62706D6E64693A42504D4E4C6162656C3E0A202020202020202020203C6F6D6764633A426F756E6473206865696768743D223134222077696474683D223130302220783D222D32372220793D2234223E3C2F6F6D6764633A426F756E64733E0A20202020202020203C2F62706D6E64693A42504D4E4C6162656C3E0A2020202020203C2F62706D6E64693A42504D4E456467653E0A2020202020203C62706D6E64693A42504D4E456467652062706D6E456C656D656E743D22666C6F7732222069643D2242504D4E456467655F666C6F7732223E0A20202020202020203C6F6D6764693A776179706F696E7420783D223432352220793D22313337223E3C2F6F6D6764693A776179706F696E743E0A20202020202020203C6F6D6764693A776179706F696E7420783D223637302220793D22313337223E3C2F6F6D6764693A776179706F696E743E0A20202020202020203C62706D6E64693A42504D4E4C6162656C3E0A202020202020202020203C6F6D6764633A426F756E6473206865696768743D223134222077696474683D223130302220783D222D33372220793D2234223E3C2F6F6D6764633A426F756E64733E0A20202020202020203C2F62706D6E64693A42504D4E4C6162656C3E0A2020202020203C2F62706D6E64693A42504D4E456467653E0A2020202020203C62706D6E64693A42504D4E456467652062706D6E456C656D656E743D22666C6F7733222069643D2242504D4E456467655F666C6F7733223E0A20202020202020203C6F6D6764693A776179706F696E7420783D223737352220793D22313337223E3C2F6F6D6764693A776179706F696E743E0A20202020202020203C6F6D6764693A776179706F696E7420783D22313030302220793D22313337223E3C2F6F6D6764693A776179706F696E743E0A20202020202020203C62706D6E64693A42504D4E4C6162656C3E0A202020202020202020203C6F6D6764633A426F756E6473206865696768743D223134222077696474683D223130302220783D222D31372220793D2234223E3C2F6F6D6764633A426F756E64733E0A20202020202020203C2F62706D6E64693A42504D4E4C6162656C3E0A2020202020203C2F62706D6E64693A42504D4E456467653E0A202020203C2F62706D6E64693A42504D4E506C616E653E0A20203C2F62706D6E64693A42504D4E4469616772616D3E0A3C2F646566696E6974696F6E733E,0),
 (0x383131,1,0x6173737572616E63652E706E67,0x383039,0x89504E470D0A1A0A0000000D494844520000041000000148080200000066E29A9A000018E449444154789CEDDD7F6C9CF57D07708BAE939186F0B46E45FB0757FB034BDD86B5564AFE5ADC496B3C6923965681B73F524B5569A46A144D536B6D02A6952C9A56164D2D4AB792599BE83C5541960A2C1B3F966D8166058281A6752929A681366D486B460247E224CF9EF8D8F5B87B3E8FEFECE7FCF8EE5E2F7D85CE77CF3DCF3DCFC3F7F37CDEF1F96E20010000080C94FD02000080CD4B60000000420203000010121800008090C00000008404060000202430000000218101000008090C0000404860000000420203000010121800008090C00000008404060000202430000000218101000008090C0000404860000000420203000010121800008090C00000008404060000202430000000218101000008090C0000404860000000420203000010121800008090C00000008404060000202430000000218101000008090C0000404860000000420203000010121800008090C00000008404060000202430000000218101000008090C0000404860000000420203000010121800008090C00000008404060000202430000000218101000008090C0000404860000000420203000010121800008090C00000008404060000202430000000218101000008090C0000404860000000420203000010121800008090C00000008404060000202430000000218101000008090C0000404860000000420203000010121800008090C00000008404060000202430000000218101000008090C0000404860000000420203000010121800008090C00000008404060000202430000000218101000008090C0000404860000000420203000010121800008090C00000008404060000202430000000218101000008090C0000404860000000420203000010121800008090C00000008404060000202430000000218101000008090C0000404860000000420203000010121800008090C00000008404060000202430000000218101000008090C0000404860000000420203000010121800008090C0000000840406E829954A657676767272726C6C6C787878A05FA5FB9E1E81898989999999A5A5A5B24F0B944C65A85219606D0406E81D070F1E4C2F87694F70EFBDF73EFCC8232F1C3F7E7E79B93F47BAEFE9113870E0C0CE9D3BD363923607659F1C288DCAA032C03A090CD00B969696A6A6A6B66FDF7EE2E513E797CF1BF5E3D4ABA7D2E6203D38274F9E2CFB44C186521954062884C0005D2FED09464747EFD9FFA5F3CBE78C68DCFFC0FD5BB66C595C5C2CFB74C10651195406288AC0005D6F6A6A6AA52778CBC81F0F3FF2D0B66DBF59F6E9820DA232A80C50148101BADBC18307B76FFFF0F2858AD1CAF8F467FE64F7EECF967DD2A0E3540695010A24304017AB542AC3C3C32FBFB2B87CE14DA39571E6EC4FAEBFFED7171616CA3E75D0412A83CA00C51218A08BCDCCCC4C4D4D2D5F78A3363E34FEBB2D7EBC60FDB3FA6AECDEFD17D3D3D3659F3AE8209541658062090CD0C52626260EDCF72F3FED093EBCFD0749F2D2C5E43BCBC937CF25CF9C4B9E3C7361EF7D8FFEFB2BAF7DFD7CF23F95E4EB95E4F01BC9436F257F7BF8B99B777DA2F42B7429E3A9A347464747CB3E75D0412A83CA00C51218A08B8D8C8C1C3BF6F4F285B3D5313030702649CE5E4A5EBB90FCF87CF24692FCF19FDE3E70C5CF6DFDF0C42BCBC98973C989B792C54AF2C285E42B5F7B66E59F12CFF6E13873F6F4E0E060D9A70E3A48655019A0580243864AA532373777C71D774C4C4C8CFDBFF1F1F1F49ED9D959DF0DC9E6313434F4EAE957962F9CA98EF44AFFC6C5E4DCC5CB0F5DB874F9BF5F7DF0DF7EF9577EF5CFEEFCDC852479FD42F2DA72F2E3E524FD3FF8A1279E5D690BCEF4E748F7BDDC13071DA532A80CF4B39C3E766666666D5F3C626EBC437A7CD3033A3838981EE2F4B01E3870DFC38F3C5A1DF73FF0E06DB7DD3E39399916E2AD5BB7FA7A483683954BFBEBB591FE78F64272FACDE4FCC5B71748F3EDDF7CFE8B9FFDEBCF9FF8FEE502B17C2939BFD22E3CFED4330DCFEDABA12DA0B7A90C2A03FD29ED63D30E76D53F551A1D1DDDB76F5F9A2B5A5FB3B9F1B6F9F9F9347EA547390D06E7972FE48FC38F3DBE73E747D3C37DE8D0A1B25F387D6DE5D2FEBFB571B92DB8989C7A23F9E199643949CE9F3B3772DD750303EF1A1818FCC81FECAC7FE293479F6E786E5F0D6D01BD4D655019E8376947BA75EBD6163FDBA06A7878380D182DAEDFDCB86CCF9E3D69F7FFF0238FAE1A15EAC7934F1DDDB66DDBAE5DBBDA8A6850A0954BFB6BB5517DE3C1E93793EFBF9EFCE8ADE4C963DF7DEF7BDFFBAE9FF9D92BAF7ECFE41FBEA32D78E2A9A30DCFEDABA12DA0B7A90C2A03FD23ED42A7A6A69A7F87F0E94F7FA6FE9D32E9B8EDB6DBB76FDFDEB0E4C4C4442B6FB6EFF7B9911EE5C9C9C9E9E9E9B6A242FDF8C2DD778F8D8DADED0D61B04E2B97F6A5DA487F7CF352F2E3CAE57F473CF556F2C8130BBF76FD07DEF38BBF74F5D0CF7FF11FBFF256929C3997BC71EEF2130F1F79A2E1B97D35B405F436954165A04FA4FD67C32F166EB9E5532F1C3F9ED3B89E7AF574DABB5E73CD35F5BF6A989F9FCFDF505FCF8D342DA44779767676CD69A1F60EA5743D8B8B8B65EF107D279DE7172EFCA436AA57BBB433786D39F9C9F9E4FBAF2F3FFEDCE2F5BFF1C10FFDF6EFFCE85CF2C34AF2A34A72FA5C92360687BFFE44C373FB6A680BE86D2A83CA403F483BCFB4D7AFF5FDE3E3E3F951A12136DC76DBEDB5E70E0E0E1E397224675B7D3D37262727D79F166A6F4F4A3383F726B1C11A2EED631FDAF6ECB7BEF3E4730B47E6171E3BBAF0D8D3CF3FFEECF1FFF8FA37BFF6DC8BFF75F4F9FF3EFAEDC79EFEF691679E7FEE3BDFBBFBEFF6DF78D38DA55F9EB505D0092A83CA40CFABFEAB77ADE3BF73F7EE35B4AFF7DEFBE5342AD47ECF90F37E99FE9D1B7BF6EC59CF3B919AC78103F74D4C4C94BD5BF49795B6E0C7F5E3939FFCC42A7FE5B4E2F73FF2918627F6D5D016D0DB540695819E373939599BB9690BBA9E7FF21E1A1AAAAE676C6C2CDA5C9FCE8DF9F9F9D1D1D102D34275DC7CF327F6EDDB57F6CED14756DA82D346BB435B406F531954067ADBDCDCDC3A7FB7503FEE7FE0C1DADAF6EEDD9BB9C53E9D1B695A481355E181E1C4CBAF5C7BEDB03726B1612EB705175F35DA1DDA027A9BCAA032D0DBD23EB6DADF8F8F8F17D2C1D6FE9EE19A6BAEC9EC63FB716E54BFD5A2F0B4501DB7DCF2A9289C41E156DA825346BB435B406F531954067AD8ECEC6CB5B91F1C1C3CF1F22B85B4AFAF9F395BFBDCA45B6FBDB579A3FD3837C6C6C6DAFDCA85B67EC9901EF1B277917EB1D216FCC86877680BE86D2A83CA400F4BFBD86A677FCB2D9F2AB083BD67FFFEEA6A8786869A37DA7773636969293D101D4A0BD5B165CB96FC8FA682A2ACB4053F34DA1DDA027A9BCAA032D0ABD23EB6F6F70645FD7AA136AEBD76B8BAE643870E356CB7EFE6C6CCCCCCD4D4544703C39DBB774F4F4F97BDA3F48ED9D9D9E85B3E56DA829346BB435B400F501954067A55CEEC4EFBD8DA271A15DEC1DE7CF3DB1FA7D6DCC7F6DDDCD8B56BD7BE7DFB3A1A181E7EE4D19CCFA582B63CFFFCF3D5D97BD555571D3870A0E1516D81B680FEA432A80CF4AAFCD99DF6B1457D385266075B5DF9D6AD5B1BB6DB7773637C7CFCFE071EEC686078E1F8F16BAF1D2E7B47E911954AE58A2BAEA84EE077BFFBDDEF7FFFFBEBFFD561A52DF881D1EED016D0ED540695815E953FBBD33EB6FA5027BAD9B483ADAE7C78B8B18FEDBBB9D1A10F54AD1FAF9F393B383858F68ED23B6A1F5C5075E595577EEC631FAB7EEA59FAE3C58BDF37DA1DDA027A80CAA032D0AB726677ED03553BD4CDD636DAF092FA6E6EA4E7A0F0BF11C93CDCB5BF61878EBA78F115A3DD316086D2EB4A9F65DD3806540636BD5A9678E1F8F14E74B0B5F537F4CF7D1718464646BE71ECD8060486B27794DE71F5D557D72AC5C48AF492B6B0B090BCFDEF882F1BED0E33941EA032A80CF4AA9CD99DF6B1D5FB3BD4CD0E0E0E0A0C9775F44B18AAC3DF3050A0DA07A8A535E2E31FFF78FADFD9D9D9DAA32B6DC189F58C867FBAC87F74CDCBACFA1A326FE72FB9CEBD2EF19CC2FA75BA32B4356D33EF6FBEB16AFD5943F5287CA74A3CA750953FBB6BBF04EB44377BEAD5D3D595377F1543DFCD8DA9A9A97BF6EFEF686038FCD8E35BB66C297B47E9112FBDF4521AF7C7C7C7878787A7A7A7D33A52FFE8CAC5F57BAD8FAC6B73B84CF576EDCEFA1B994F6F5E5B6637B0EA13D7BC9EB68E435927140A516C65585BF5C89C8C39379A2BCC46CE7A95816E913FBBD33EB63A11BE70F7DD8577B0DF3876ACBAF2D1D1D18657D5777363EFDEBDC57E315EF34803C9CE9D1F2D7B47E91D737373333333991FC9BC866B67CE553C6799569A809C6DE5DC3FF0CE0492DF82B4B87E6D01FDA0D8CAD07AE968B1B06C40F5E8C43E6EF869840C39B37BCF9E3DD5EB63DA6A16DEC1DEB97B7775E59393930DDBEDBBB9911EFD34B17534306CDFBEFDE0C18365EFE806A995D7863E2F67C9FCB5355BDBEB59758BBD716158B976BED4EEA83DABF946F3FD594D7CDBCB442F20679986E5236BD8FDEA0ACB3E759B4251F377D5E3997306DB5A61FD0B6E71D3FD69CD53630D652473AAE6D799A2AA472776AAEC53D7355A9FCE396BC8F9317FE17EB6B0B0503DDA434343AF9F395B6C07BB6DDBB6EACAD3B8D2B0DD7E3C011DFDBBE7F4E4A5A7B0FAD157FD20F3B2DD56139059689A976CB1E1286A3DDDE2F2B5F3D262EB2367F7AB6A8BADE146FD5656DD5CFD02D1C2CD2B8C36D4EEE8D2D35DB88175CFDFCCA7374FAB55D7B9EAFF99D10B762A33AD796AACB980E44FFF86D93A5044F5E8D00E967DEA36B586F958BB335A2C9AC8994F6CFE315FA17BD665868787AB07E1C081FB0AEC606B5FC2906A781F54D29F81A1A3EF4AFADC5D77A52B2F7B1737CE4070BDCFBC339AF0AB569FE8CEA4A953C9D968EBEBE9220397AF9D2FB63EF297AF3E5A3B62F5CBAFF346CECB68651772FE176A6BF7EB5758F6A9DB140A9CBFF9B3B8C595B4F23A57BD41D27E6558430159F576FD8D86D75354F5E8C40E967DEA36BBFC999E73679275BD4E5AFE4D8553536F7A7ABA7AA0AEBFFEFA027FC970C38E1DD5D54E4C4C346FB41F4F40A55249C35927BE8D213D6DD75E3B7CF2E4C9B2777123E4CCF07627762B85A3AD02D4D6CBCEA9509BDFCAB5F3BBAD8FEAF299BB5F7BB4E146E692D1C2D18DCC97B1EAB632978FD6D3EE7128FBD4952CE7FFFFB60E4EE6139BD7D0EE01CF5CBEFEA5366FCB39ADB7E6A9B1EAC489342C935F078AAA1E9DD8C1B24FDD663750C4F53A73C9CCBA1129708FBAD1D2D252EDDB12EEDCBDBB900EF6F0638FD70EEFFCFC7CF346FBF4A0CFCECEDE78D34D7EBDB07E51ED88164B729B89FC87F20B47F3EDCCD7B36A21EB2E0397AF9DC7DB1DCDCF6AB867D505EAEFC9BF11C95973E60B5E753DED1E81B24FDDA650C8FCCD59CF400BDD7CCE7373E66FC3A34E6883354F8DD64B47E6EDFA59D97CA3F0EAD1891D2CFBD46D763993BAF5B9DC3CB5F3579873BB6FEDDDBBB77A0C070707D7FFF9AA2F1C3F5E4B20BB76EDCADC62FF1EF41B76EC28F6BD5FDF3876ACFABBA1B2F76C43B5326FF3AB40925580726EE4ACAAC517935FC8BACBCAB5F385358CFA2736AFA4764F70B5FEE9430D0B47375AD97AB4A19CE7AE7974E9E92E5C21F3B7E1CE9C6B7CFED46BA539C8AC0CCE66B342A649E6C48964CEE89C0A5348F5E8C40E967DEA36BBCC3918DD889EDBBC7C7341485AAB09FD6CEBD6ADD52396F6FAEBF9D6E7B4714DDBD7DAAAA2B7C9F4EF415F5A5ADAB2654B517FFD7CEAD5D3E9E14E4F58D9BBB5D16AD33BBF09689EEAAB3601D18DE61790B99E560A50B49E2EB272EDFCCEDA46DD953EFBA1867B727EACDDB3EA62CDF7D76EE73CB761E5D153DADAF7B24FDDA6B0FEF9DBFCACE6FFB6F5623265BEE0FAD74383F55486FC89D3FAEDDAB46DBEA7A8EAD1891D2CFBD46D76CD532FE746F4DC9C651A965FB526F4B3C5C5C5A1A1A1EA01491BFD279F3ABA86F6F5C4CBAFD4D2C2E0E0E0A14387A2CDF5F5415F58584833C37A62592D2DDCB063C7FD0F3C58F60E6DA8CC799B338D731A88160B502BCD44EB2FBB370AD0DAAE9DF597F0557F6CE5223D10B70E91CCF6227F9981AC7E62CD47A0EC5357B202E76FE632AD2F9FF963E6EDFA17DC7C837A6B9B17ED4EA2FCFB6BB378E09D81A1C0EAD1899D2AFBD46D76397370A0E5EB75C33D99CB346C347AA8CFA5FD7DEDE0A4ED7EBB5FE576F8B1C76BEF444AEDDDBB37675BFD7EF4E7E7E7D368951EB2F5BC13294D1DFD96166A1A2A45FEACCEB97FE09DED45EB6DC140DC58E417A09C75769174172E5D7ABEF5513D1A2D3E1455FC555758BB27675BAB2E9C797FF32B69F708D4D653F6A9DB140A99BFD1AA9A571BA93D317F81E6ADACFAAAFAD6DAE645BB9328BF8C64CEDC62AB472776AAEC53B7D9D5A664CE646CB78664CEF1867B1A364ACDDCDC5CEDF70C032B9F9B9476A4ADFC62E1C69B6EAA2FB3F9692111189295F7266DDBB6EDB6DB6E3FF5EAE976DFF5F5B9BBEEAABEAFA9EC9D284D669790B364540B565DB2AD4293F3DC552B5D7759B9767EDB687774E9E92EDCFAE76FF450EB333DF3C7556FD736DAED53B843540695A1130ABC5E2759D9236755667A8E858585919191FAEE3F8D0D695BDBFCAEFB34277CE1EEBBB76FDF5EBF709A3772DE8954E3B85F56A954D2237BDD7523690068F1136DEFD9BF3F5DFE965B3E95C68CB25F7E995A6938EA2FEACD3F462B6CBE1DC97C31F9CB6496A46E2C432B6DC182D1EEE8C673DD0945CDDF1627548B5D45CE430D73BC7917A8521954860DB0E6EB75665559759986E53BB4535D6A6969E98E3BEE181C1CCC3CEC5BB66C891E9A9C9C6CF1CB001CF19F4A0FD9ADB7DE9A26AD1B76EC48F340F39F8FA4F7DC7BEF976FBCE9A674999D3B3FBAB8B858F64B2E59C335BB79CEE7CCEAE68732175EB51BC82C28CD6BCE5CB8F9D5E6EEEE663470B92DF896D1EEE8C6735DB8C2E76FC38D2477DAE65FF2331FAA7F4AE65C8ED6D687540695A1A3D67FBD8EEE6FF7B9D44BFBD8A9A9A981D68C8D8D1D3972A4F5953B018D2A95CADCDC5C7AC46B7F365E93DE93A685D9D9D9E66FCC86520C0E0EBEF9E6D3972E7DD3686BB8F6D0DB54069581BE95F6B169A79AF6B1A3A3A30D7DECF0F0F0C4C4C4BE7DFBD6F015C3E60674B174F2BFF8E2BF5FBA74CC686B680BE86D2A83CA00C53237A08B8D8F8FFFEBC17D97926F18AD8F6F2D7C756464A4EC53071DA432A80C502C8101BAD89E3D7BA6A73F56FA85B6BBC63FCCDC39353555F6A9830E521954062896C0005D6C71717164E47D6F569EBC943C67B43826267E6B6E6EAEEC53071DA432A80C502C8101BADB1D97EDBA943C6BB432FE79F6AF2627C7CB3E69D0712A83CA00051218A0BB552A95B1B10F1E39F24F49F28C913F4E9E7C6464E47D4B4B87CB3E69D0712A83CA00051218A0EB2D2C2C8C8E5EB7B0309724F34634D29E20ED9F0E1DFA52D9A70B3688CAA03240510406E805478E1C493B833D7BFE28499E369AC7DCDC5D2323C3870EFD7DD9270A3694CAA03240210406E811954A657A7A6A6CEC0333337F7EF2E4434972D4585AFACFD9D9BF9C9CDC3E313196DE2EFB14410954069501D64F60809E72E8D0A1A9A9DFBBE69A5F68F1CBE17BDBD0D05593931F4E3B83B24F0B944C65A8A73240BB04060000202430000000218101000008090C0000404860000000420203000010121800008090C00000008404060000202430000000218101000008090C0000404860000000420203000010121800008090C00000008404060000202430000000218101000008090C0000404860000000420203000010121800008090C00000008404060000202430000000218101000008090C0000404860000000420203000010121800008090C00000008404060000202430000000218101000008090C0000404860000000420203000010121800008090C00000008404060000202430000000218101000008090C0000404860000000420203000010121800008090C00000008404060000202430000000218101000008090C0000404860000000420203000010121800008090C00000008404060000202430000000218101000008090C0000404860000000420203000010121800008090C00000008404060000202430000000218101000008090C0000404860000000420203000010121800008090C00000008404060000202430000000218101000008090C0000404860000000420203000010121800008090C00000008404060000202430000000218101000008090C0000404860000000420203000010121800008090C00000008404060000202430000000218101000008090C0000404860000000420203000010121800008090C00000008404060000202430000000218101000008090C0000404860000000420203000010121800008090C00000008404060000202430000000218101000008090C0000404860000000420203000010121800008090C00000008404060000202430000000218101000008090C0000404860000000420203000010121800008090C00000008404060000202430000000218101000008090C0000404860000000420203000010121800008090C00000008404060000202430000000218101000008090C0000404860000000420203000010121800008090C00000008404060000202430000000218101000008090C0000404860000000420203000010121800008090C00000008404060000202430000000218101000008090C0000404860000000420203000010121800008090C00000008404060000202430000000218101000008090C0000404860000000420203000010121800008090C00000008404060000202430000000218101000008FD1F5C9D29D29D0901740000000049454E44AE426082,0),
 (0x383134,1,0x6173737572616E63652E62706D6E,0x383133,0x3C3F786D6C2076657273696F6E3D22312E302220656E636F64696E673D225554462D38223F3E0A3C646566696E6974696F6E7320786D6C6E733D22687474703A2F2F7777772E6F6D672E6F72672F737065632F42504D4E2F32303130303532342F4D4F44454C2220786D6C6E733A7873693D22687474703A2F2F7777772E77332E6F72672F323030312F584D4C536368656D612D696E7374616E63652220786D6C6E733A61637469766974693D22687474703A2F2F61637469766974692E6F72672F62706D6E2220786D6C6E733A62706D6E64693D22687474703A2F2F7777772E6F6D672E6F72672F737065632F42504D4E2F32303130303532342F44492220786D6C6E733A6F6D6764633D22687474703A2F2F7777772E6F6D672E6F72672F737065632F44442F32303130303532342F44432220786D6C6E733A6F6D6764693D22687474703A2F2F7777772E6F6D672E6F72672F737065632F44442F32303130303532342F44492220747970654C616E67756167653D22687474703A2F2F7777772E77332E6F72672F323030312F584D4C536368656D61222065787072657373696F6E4C616E67756167653D22687474703A2F2F7777772E77332E6F72672F313939392F585061746822207461726765744E616D6573706163653D22687474703A2F2F7777772E61637469766974692E6F72672F74657374223E0A20203C70726F636573732069643D2270726F636573733122206E616D653D2270726F6365737331223E0A202020203C73746172744576656E742069643D2273746172746576656E743122206E616D653D225374617274223E3C2F73746172744576656E743E0A202020203C757365725461736B2069643D22757365727461736B3122206E616D653D22E58F97E79086E9A1B9E79BAEE4BFA1E681AF223E3C2F757365725461736B3E0A202020203C757365725461736B2069643D22757365727461736B3222206E616D653D22E5AEA1E689B9E9A1B9E79BAE223E3C2F757365725461736B3E0A202020203C656E644576656E742069643D22656E646576656E743122206E616D653D22456E64223E3C2F656E644576656E743E0A202020203C73657175656E6365466C6F772069643D22666C6F773122206E616D653D22E68F90E4BAA4E9A1B9E79BAEE4BFA1E681AF2220736F757263655265663D2273746172746576656E743122207461726765745265663D22757365727461736B31223E3C2F73657175656E6365466C6F773E0A202020203C73657175656E6365466C6F772069643D22666C6F773222206E616D653D22E68F90E4BAA4E9A286E5AFBCE5AEA1E689B92220736F757263655265663D22757365727461736B3122207461726765745265663D22757365727461736B32223E3C2F73657175656E6365466C6F773E0A202020203C73657175656E6365466C6F772069643D22666C6F773322206E616D653D22E9A1B9E79BAEE7BB93E69D9F2220736F757263655265663D22757365727461736B3222207461726765745265663D22656E646576656E7431223E3C2F73657175656E6365466C6F773E0A20203C2F70726F636573733E0A20203C62706D6E64693A42504D4E4469616772616D2069643D2242504D4E4469616772616D5F70726F6365737331223E0A202020203C62706D6E64693A42504D4E506C616E652062706D6E456C656D656E743D2270726F6365737331222069643D2242504D4E506C616E655F70726F6365737331223E0A2020202020203C62706D6E64693A42504D4E53686170652062706D6E456C656D656E743D2273746172746576656E7431222069643D2242504D4E53686170655F73746172746576656E7431223E0A20202020202020203C6F6D6764633A426F756E6473206865696768743D223335222077696474683D2233352220783D2238302220793D22313230223E3C2F6F6D6764633A426F756E64733E0A2020202020203C2F62706D6E64693A42504D4E53686170653E0A2020202020203C62706D6E64693A42504D4E53686170652062706D6E456C656D656E743D22757365727461736B31222069643D2242504D4E53686170655F757365727461736B31223E0A20202020202020203C6F6D6764633A426F756E6473206865696768743D223535222077696474683D223130352220783D223332302220793D22313130223E3C2F6F6D6764633A426F756E64733E0A2020202020203C2F62706D6E64693A42504D4E53686170653E0A2020202020203C62706D6E64693A42504D4E53686170652062706D6E456C656D656E743D22757365727461736B32222069643D2242504D4E53686170655F757365727461736B32223E0A20202020202020203C6F6D6764633A426F756E6473206865696768743D223535222077696474683D223130352220783D223637302220793D22313130223E3C2F6F6D6764633A426F756E64733E0A2020202020203C2F62706D6E64693A42504D4E53686170653E0A2020202020203C62706D6E64693A42504D4E53686170652062706D6E456C656D656E743D22656E646576656E7431222069643D2242504D4E53686170655F656E646576656E7431223E0A20202020202020203C6F6D6764633A426F756E6473206865696768743D223335222077696474683D2233352220783D22313030302220793D22313230223E3C2F6F6D6764633A426F756E64733E0A2020202020203C2F62706D6E64693A42504D4E53686170653E0A2020202020203C62706D6E64693A42504D4E456467652062706D6E456C656D656E743D22666C6F7731222069643D2242504D4E456467655F666C6F7731223E0A20202020202020203C6F6D6764693A776179706F696E7420783D223131352220793D22313337223E3C2F6F6D6764693A776179706F696E743E0A20202020202020203C6F6D6764693A776179706F696E7420783D223332302220793D22313337223E3C2F6F6D6764693A776179706F696E743E0A20202020202020203C62706D6E64693A42504D4E4C6162656C3E0A202020202020202020203C6F6D6764633A426F756E6473206865696768743D223134222077696474683D223130302220783D222D32372220793D2234223E3C2F6F6D6764633A426F756E64733E0A20202020202020203C2F62706D6E64693A42504D4E4C6162656C3E0A2020202020203C2F62706D6E64693A42504D4E456467653E0A2020202020203C62706D6E64693A42504D4E456467652062706D6E456C656D656E743D22666C6F7732222069643D2242504D4E456467655F666C6F7732223E0A20202020202020203C6F6D6764693A776179706F696E7420783D223432352220793D22313337223E3C2F6F6D6764693A776179706F696E743E0A20202020202020203C6F6D6764693A776179706F696E7420783D223637302220793D22313337223E3C2F6F6D6764693A776179706F696E743E0A20202020202020203C62706D6E64693A42504D4E4C6162656C3E0A202020202020202020203C6F6D6764633A426F756E6473206865696768743D223134222077696474683D223130302220783D222D33372220793D2234223E3C2F6F6D6764633A426F756E64733E0A20202020202020203C2F62706D6E64693A42504D4E4C6162656C3E0A2020202020203C2F62706D6E64693A42504D4E456467653E0A2020202020203C62706D6E64693A42504D4E456467652062706D6E456C656D656E743D22666C6F7733222069643D2242504D4E456467655F666C6F7733223E0A20202020202020203C6F6D6764693A776179706F696E7420783D223737352220793D22313337223E3C2F6F6D6764693A776179706F696E743E0A20202020202020203C6F6D6764693A776179706F696E7420783D22313030302220793D22313337223E3C2F6F6D6764693A776179706F696E743E0A20202020202020203C62706D6E64693A42504D4E4C6162656C3E0A202020202020202020203C6F6D6764633A426F756E6473206865696768743D223134222077696474683D223130302220783D222D31372220793D2234223E3C2F6F6D6764633A426F756E64733E0A20202020202020203C2F62706D6E64693A42504D4E4C6162656C3E0A2020202020203C2F62706D6E64693A42504D4E456467653E0A202020203C2F62706D6E64693A42504D4E506C616E653E0A20203C2F62706D6E64693A42504D4E4469616772616D3E0A3C2F646566696E6974696F6E733E,0),
 (0x383135,1,0x6173737572616E63652E706E67,0x383133,0x89504E470D0A1A0A0000000D494844520000041000000148080200000066E29A9A000018E449444154789CEDDD7F6C9CF57D07708BAE939186F0B46E45FB0757FB034BDD86B5564AFE5ADC496B3C6923965681B73F524B5569A46A144D536B6D02A6952C9A56164D2D4AB792599BE83C5541960A2C1B3F966D8166058281A6752929A681366D486B460247E224CF9EF8D8F5B87B3E8FEFECE7FCF8EE5E2F7D85CE77CF3DCF3DCFC3F7F37CDEF1F96E20010000080C94FD02000080CD4B60000000420203000010121800008090C00000008404060000202430000000218101000008090C0000404860000000420203000010121800008090C00000008404060000202430000000218101000008090C0000404860000000420203000010121800008090C00000008404060000202430000000218101000008090C0000404860000000420203000010121800008090C00000008404060000202430000000218101000008090C0000404860000000420203000010121800008090C00000008404060000202430000000218101000008090C0000404860000000420203000010121800008090C00000008404060000202430000000218101000008090C0000404860000000420203000010121800008090C00000008404060000202430000000218101000008090C0000404860000000420203000010121800008090C00000008404060000202430000000218101000008090C0000404860000000420203000010121800008090C00000008404060000202430000000218101000008090C0000404860000000420203000010121800008090C00000008404060000202430000000218101000008090C0000404860000000420203000010121800008090C00000008404060000202430000000218101000008090C0000404860000000420203000010121800008090C00000008404060000202430000000218101000008090C0000404860000000420203000010121800008090C00000008404060000202430000000218101000008090C0000404860000000420203000010121800008090C0000000840406E829954A657676767272726C6C6C787878A05FA5FB9E1E81898989999999A5A5A5B24F0B944C65A85219606D0406E81D070F1E4C2F87694F70EFBDF73EFCC8232F1C3F7E7E79B93F47BAEFE9113870E0C0CE9D3BD363923607659F1C288DCAA032C03A090CD00B969696A6A6A6B66FDF7EE2E513E797CF1BF5E3D4ABA7D2E6203D38274F9E2CFB44C186521954062884C0005D2FED09464747EFD9FFA5F3CBE78C68DCFFC0FD5BB66C595C5C2CFB74C10651195406288AC0005D6F6A6A6AA52778CBC81F0F3FF2D0B66DBF59F6E9820DA232A80C50148101BADBC18307B76FFFF0F2858AD1CAF8F467FE64F7EECF967DD2A0E3540695010A24304017AB542AC3C3C32FBFB2B87CE14DA39571E6EC4FAEBFFED7171616CA3E75D0412A83CA00C51218A08BCDCCCC4C4D4D2D5F78A3363E34FEBB2D7EBC60FDB3FA6AECDEFD17D3D3D3659F3AE8209541658062090CD0C52626260EDCF72F3FED093EBCFD0749F2D2C5E43BCBC937CF25CF9C4B9E3C7361EF7D8FFEFB2BAF7DFD7CF23F95E4EB95E4F01BC9436F257F7BF8B99B777DA2F42B7429E3A9A347464747CB3E75D0412A83CA00C51218A08B8D8C8C1C3BF6F4F285B3D5313030702649CE5E4A5EBB90FCF87CF24692FCF19FDE3E70C5CF6DFDF0C42BCBC98973C989B792C54AF2C285E42B5F7B66E59F12CFF6E13873F6F4E0E060D9A70E3A48655019A0580243864AA532373777C71D774C4C4C8CFDBFF1F1F1F49ED9D959DF0DC9E6313434F4EAE957962F9CA98EF44AFFC6C5E4DCC5CB0F5DB874F9BF5F7DF0DF7EF9577EF5CFEEFCDC852479FD42F2DA72F2E3E524FD3FF8A1279E5D690BCEF4E748F7BDDC13071DA532A80CF4B39C3E766666666D5F3C626EBC437A7CD3033A3838981EE2F4B01E3870DFC38F3C5A1DF73FF0E06DB7DD3E39399916E2AD5BB7FA7A483683954BFBEBB591FE78F64272FACDE4FCC5B71748F3EDDF7CFE8B9FFDEBCF9FF8FEE502B17C2939BFD22E3CFED4330DCFEDABA12DA0B7A90C2A03FD29ED63D30E76D53F551A1D1DDDB76F5F9A2B5A5FB3B9F1B6F9F9F9347EA547390D06E7972FE48FC38F3DBE73E747D3C37DE8D0A1B25F387D6DE5D2FEBFB571B92DB8989C7A23F9E199643949CE9F3B3772DD750303EF1A1818FCC81FECAC7FE293479F6E786E5F0D6D01BD4D655019E8376947BA75EBD6163FDBA06A7878380D182DAEDFDCB86CCF9E3D69F7FFF0238FAE1A15EAC7934F1DDDB66DDBAE5DBBDA8A6850A0954BFB6BB5517DE3C1E93793EFBF9EFCE8ADE4C963DF7DEF7BDFFBAE9FF9D92BAF7ECFE41FBEA32D78E2A9A30DCFEDABA12DA0B7A90C2A03FD23ED42A7A6A69A7F87F0E94F7FA6FE9D32E9B8EDB6DBB76FDFDEB0E4C4C4442B6FB6EFF7B9911EE5C9C9C9E9E9E9B6A242FDF8C2DD778F8D8DADED0D61B04E2B97F6A5DA487F7CF352F2E3CAE57F473CF556F2C8130BBF76FD07DEF38BBF74F5D0CF7FF11FBFF256929C3997BC71EEF2130F1F79A2E1B97D35B405F436954165A04FA4FD67C32F166EB9E5532F1C3F9ED3B89E7AF574DABB5E73CD35F5BF6A989F9FCFDF505FCF8D342DA44779767676CD69A1F60EA5743D8B8B8B65EF107D279DE7172EFCA436AA57BBB433786D39F9C9F9E4FBAF2F3FFEDCE2F5BFF1C10FFDF6EFFCE85CF2C34AF2A34A72FA5C92360687BFFE44C373FB6A680BE86D2A83CA403F483BCFB4D7AFF5FDE3E3E3F951A12136DC76DBEDB5E70E0E0E1E397224675B7D3D37262727D79F166A6F4F4A3383F726B1C11A2EED631FDAF6ECB7BEF3E4730B47E6171E3BBAF0D8D3CF3FFEECF1FFF8FA37BFF6DC8BFF75F4F9FF3EFAEDC79EFEF691679E7FEE3BDFBBFBEFF6DF78D38DA55F9EB505D0092A83CA40CFABFEAB77ADE3BF73F7EE35B4AFF7DEFBE5342AD47ECF90F37E99FE9D1B7BF6EC59CF3B919AC78103F74D4C4C94BD5BF49795B6E0C7F5E3939FFCC42A7FE5B4E2F73FF2918627F6D5D016D0DB540695819E373939599BB9690BBA9E7FF21E1A1AAAAE676C6C2CDA5C9FCE8DF9F9F9D1D1D102D34275DC7CF327F6EDDB57F6CED14756DA82D346BB435B406F531954067ADBDCDCDC3A7FB7503FEE7FE0C1DADAF6EEDD9BB9C53E9D1B695A481355E181E1C4CBAF5C7BEDB03726B1612EB705175F35DA1DDA027A9BCAA032D0DBD23EB6DADF8F8F8F17D2C1D6FE9EE19A6BAEC9EC63FB716E54BFD5A2F0B4501DB7DCF2A9289C41E156DA825346BB435B406F531954067AD8ECEC6CB5B91F1C1C3CF1F22B85B4AFAF9F395BFBDCA45B6FBDB579A3FD3837C6C6C6DAFDCA85B67EC9901EF1B277917EB1D216FCC86877680BE86D2A83CA400F4BFBD86A677FCB2D9F2AB083BD67FFFEEA6A8786869A37DA7773636969293D101D4A0BD5B165CB96FC8FA682A2ACB4053F34DA1DDA027A9BCAA032D0ABD23EB6F6F70645FD7AA136AEBD76B8BAE643870E356CB7EFE6C6CCCCCCD4D4544703C39DBB774F4F4F97BDA3F48ED9D9D9E85B3E56DA829346BB435B400F501954067A55CEEC4EFBD8DA271A15DEC1DE7CF3DB1FA7D6DCC7F6DDDCD8B56BD7BE7DFB3A1A181E7EE4D19CCFA582B63CFFFCF3D5D97BD555571D3870A0E1516D81B680FEA432A80CF4AAFCD99DF6B1457D385266075B5DF9D6AD5B1BB6DB7773637C7CFCFE071EEC686078E1F8F16BAF1D2E7B47E911954AE58A2BAEA84EE077BFFBDDEF7FFFFBEBFFD561A52DF881D1EED016D0ED540695815E953FBBD33EB6FA5027BAD9B483ADAE7C78B8B18FEDBBB9D1A10F54AD1FAF9F393B383858F68ED23B6A1F5C5075E595577EEC631FAB7EEA59FAE3C58BDF37DA1DDA027A80CAA032D0AB726677ED03553BD4CDD636DAF092FA6E6EA4E7A0F0BF11C93CDCB5BF61878EBA78F115A3DD316086D2EB4A9F65DD3806540636BD5A9678E1F8F14E74B0B5F537F4CF7D1718464646BE71ECD8060486B27794DE71F5D557D72AC5C48AF492B6B0B090BCFDEF882F1BED0E33941EA032A80CF4AA9CD99DF6B1D5FB3BD4CD0E0E0E0A0C9775F44B18AAC3DF3050A0DA07A8A535E2E31FFF78FADFD9D9D9DAA32B6DC189F58C867FBAC87F74CDCBACFA1A326FE72FB9CEBD2EF19CC2FA75BA32B4356D33EF6FBEB16AFD5943F5287CA74A3CA750953FBB6BBF04EB44377BEAD5D3D595377F1543DFCD8DA9A9A97BF6EFEF686038FCD8E35BB66C297B47E9112FBDF4521AF7C7C7C7878787A7A7A7D33A52FFE8CAC5F57BAD8FAC6B73B84CF576EDCEFA1B994F6F5E5B6637B0EA13D7BC9EB68E435927140A516C65585BF5C89C8C39379A2BCC46CE7A95816E913FBBD33EB63A11BE70F7DD8577B0DF3876ACBAF2D1D1D18657D5777363EFDEBDC57E315EF34803C9CE9D1F2D7B47E91D737373333333991FC9BC866B67CE553C6799569A809C6DE5DC3FF0CE0492DF82B4B87E6D01FDA0D8CAD07AE968B1B06C40F5E8C43E6EF869840C39B37BCF9E3DD5EB63DA6A16DEC1DEB97B7775E59393930DDBEDBBB9911EFD34B17534306CDFBEFDE0C18365EFE806A995D7863E2F67C9FCB5355BDBEB59758BBD716158B976BED4EEA83DABF946F3FD594D7CDBCB442F20679986E5236BD8FDEA0ACB3E759B4251F377D5E3997306DB5A61FD0B6E71D3FD69CD53630D652473AAE6D799A2AA472776AAEC53D7355A9FCE396BC8F9317FE17EB6B0B0503DDA434343AF9F395B6C07BB6DDBB6EACAD3B8D2B0DD7E3C011DFDBBE7F4E4A5A7B0FAD157FD20F3B2DD56139059689A976CB1E1286A3DDDE2F2B5F3D262EB2367F7AB6A8BADE146FD5656DD5CFD02D1C2CD2B8C36D4EEE8D2D35DB88175CFDFCCA7374FAB55D7B9EAFF99D10B762A33AD796AACB980E44FFF86D93A5044F5E8D00E967DEA36B586F958BB335A2C9AC8994F6CFE315FA17BD665868787AB07E1C081FB0AEC606B5FC2906A781F54D29F81A1A3EF4AFADC5D77A52B2F7B1737CE4070BDCFBC339AF0AB569FE8CEA4A953C9D968EBEBE9220397AF9D2FB63EF297AF3E5A3B62F5CBAFF346CECB68651772FE176A6BF7EB5758F6A9DB140A9CBFF9B3B8C595B4F23A57BD41D27E6558430159F576FD8D86D75354F5E8C40E967DEA36BBFC999E73679275BD4E5AFE4D8553536F7A7ABA7AA0AEBFFEFA027FC970C38E1DD5D54E4C4C346FB41F4F40A55249C35927BE8D213D6DD75E3B7CF2E4C9B2777123E4CCF07627762B85A3AD02D4D6CBCEA9509BDFCAB5F3BBAD8FEAF299BB5F7BB4E146E692D1C2D18DCC97B1EAB632978FD6D3EE7128FBD4952CE7FFFFB60E4EE6139BD7D0EE01CF5CBEFEA5366FCB39ADB7E6A9B1EAC489342C935F078AAA1E9DD8C1B24FDD663750C4F53A73C9CCBA1129708FBAD1D2D252EDDB12EEDCBDBB900EF6F0638FD70EEFFCFC7CF346FBF4A0CFCECEDE78D34D7EBDB07E51ED88164B729B89FC87F20B47F3EDCCD7B36A21EB2E0397AF9DC7DB1DCDCF6AB867D505EAEFC9BF11C95973E60B5E753DED1E81B24FDDA650C8FCCD59CF400BDD7CCE7373E66FC3A34E6883354F8DD64B47E6EDFA59D97CA3F0EAD1891D2CFBD46D763993BAF5B9DC3CB5F3579873BB6FEDDDBBB77A0C070707D7FFF9AA2F1C3F5E4B20BB76EDCADC62FF1EF41B76EC28F6BD5FDF3876ACFABBA1B2F76C43B5326FF3AB40925580726EE4ACAAC517935FC8BACBCAB5F385358CFA2736AFA4764F70B5FEE9430D0B47375AD97AB4A19CE7AE7974E9E92E5C21F3B7E1CE9C6B7CFED46BA539C8AC0CCE66B342A649E6C48964CEE89C0A5348F5E8C40E967DEA36BBCC3918DD889EDBBC7C7341485AAB09FD6CEBD6ADD52396F6FAEBF9D6E7B4714DDBD7DAAAA2B7C9F4EF415F5A5ADAB2654B517FFD7CEAD5D3E9E14E4F58D9BBB5D16AD33BBF09689EEAAB3601D18DE61790B99E560A50B49E2EB272EDFCCEDA46DD953EFBA1867B727EACDDB3EA62CDF7D76EE73CB761E5D153DADAF7B24FDDA6B0FEF9DBFCACE6FFB6F5623265BEE0FAD74383F55486FC89D3FAEDDAB46DBEA7A8EAD1891D2CFBD46D76CD532FE746F4DC9C651A965FB526F4B3C5C5C5A1A1A1EA01491BFD279F3ABA86F6F5C4CBAFD4D2C2E0E0E0A14387A2CDF5F5415F58584833C37A62592D2DDCB063C7FD0F3C58F60E6DA8CC799B338D731A88160B502BCD44EB2FBB370AD0DAAE9DF597F0557F6CE5223D10B70E91CCF6227F9981AC7E62CD47A0EC5357B202E76FE632AD2F9FF963E6EDFA17DC7C837A6B9B17ED4EA2FCFB6BB378E09D81A1C0EAD1899D2AFBD46D76397370A0E5EB75C33D99CB346C347AA8CFA5FD7DEDE0A4ED7EBB5FE576F8B1C76BEF444AEDDDBB37675BFD7EF4E7E7E7D368951EB2F5BC13294D1DFD96166A1A2A45FEACCEB97FE09DED45EB6DC140DC58E417A09C75769174172E5D7ABEF5513D1A2D3E1455FC555758BB27675BAB2E9C797FF32B69F708D4D653F6A9DB140A99BFD1AA9A571BA93D317F81E6ADACFAAAFAD6DAE645BB9328BF8C64CEDC62AB472776AAEC53B7D9D5A664CE646CB78664CEF1867B1A364ACDDCDC5CEDF70C032B9F9B9476A4ADFC62E1C69B6EAA2FB3F9692111189295F7266DDBB6EDB6DB6E3FF5EAE976DFF5F5B9BBEEAABEAFA9EC9D284D669790B364540B565DB2AD4293F3DC552B5D7759B9767EDB687774E9E92EDCFAE76FF450EB333DF3C7556FD736DAED53B843540695A1130ABC5E2759D9236755667A8E858585919191FAEE3F8D0D695BDBFCAEFB34277CE1EEBBB76FDF5EBF709A3772DE8954E3B85F56A954D2237BDD7523690068F1136DEFD9BF3F5DFE965B3E95C68CB25F7E995A6938EA2FEACD3F462B6CBE1DC97C31F9CB6496A46E2C432B6DC182D1EEE8C673DD0945CDDF1627548B5D45CE430D73BC7917A8521954860DB0E6EB75665559759986E53BB4535D6A6969E98E3BEE181C1CCC3CEC5BB66C891E9A9C9C6CF1CB001CF19F4A0FD9ADB7DE9A26AD1B76EC48F340F39F8FA4F7DC7BEF976FBCE9A674999D3B3FBAB8B858F64B2E59C335BB79CEE7CCEAE68732175EB51BC82C28CD6BCE5CB8F9D5E6EEEE663470B92DF896D1EEE8C6735DB8C2E76FC38D2477DAE65FF2331FAA7F4AE65C8ED6D687540695A1A3D67FBD8EEE6FF7B9D44BFBD8A9A9A981D68C8D8D1D3972A4F5953B018D2A95CADCDC5C7AC46B7F365E93DE93A685D9D9D9E66FCC86520C0E0EBEF9E6D3972E7DD3686BB8F6D0DB54069581BE95F6B169A79AF6B1A3A3A30D7DECF0F0F0C4C4C4BE7DFBD6F015C3E60674B174F2BFF8E2BF5FBA74CC686B680BE86D2A83CA00C53237A08B8D8F8FFFEBC17D97926F18AD8F6F2D7C756464A4EC53071DA432A80C502C8101BAD89E3D7BA6A73F56FA85B6BBC63FCCDC39353555F6A9830E521954062896C0005D6C71717164E47D6F569EBC943C67B43826267E6B6E6EAEEC53071DA432A80C502C8101BADB1D97EDBA943C6BB432FE79F6AF2627C7CB3E69D0712A83CA00051218A0BB552A95B1B10F1E39F24F49F28C913F4E9E7C6464E47D4B4B87CB3E69D0712A83CA00051218A0EB2D2C2C8C8E5EB7B0309724F34634D29E20ED9F0E1DFA52D9A70B3688CAA03240510406E805478E1C493B833D7BFE28499E369AC7DCDC5D2323C3870EFD7DD9270A3694CAA03240210406E811954A657A7A6A6CEC0333337F7EF2E4434972D4585AFACFD9D9BF9C9CDC3E313196DE2EFB14410954069501D64F60809E72E8D0A1A9A9DFBBE69A5F68F1CBE17BDBD0D05593931F4E3B83B24F0B944C65A8A73240BB04060000202430000000218101000008090C0000404860000000420203000010121800008090C00000008404060000202430000000218101000008090C0000404860000000420203000010121800008090C00000008404060000202430000000218101000008090C0000404860000000420203000010121800008090C00000008404060000202430000000218101000008090C0000404860000000420203000010121800008090C00000008404060000202430000000218101000008090C0000404860000000420203000010121800008090C00000008404060000202430000000218101000008090C0000404860000000420203000010121800008090C00000008404060000202430000000218101000008090C0000404860000000420203000010121800008090C00000008404060000202430000000218101000008090C0000404860000000420203000010121800008090C00000008404060000202430000000218101000008090C0000404860000000420203000010121800008090C00000008404060000202430000000218101000008090C0000404860000000420203000010121800008090C00000008404060000202430000000218101000008090C0000404860000000420203000010121800008090C00000008404060000202430000000218101000008090C0000404860000000420203000010121800008090C00000008404060000202430000000218101000008090C0000404860000000420203000010121800008090C00000008404060000202430000000218101000008090C0000404860000000420203000010121800008090C00000008404060000202430000000218101000008090C0000404860000000420203000010121800008090C00000008404060000202430000000218101000008090C0000404860000000420203000010121800008090C00000008404060000202430000000218101000008090C0000404860000000420203000010121800008090C00000008404060000202430000000218101000008090C0000404860000000420203000010121800008090C00000008404060000202430000000218101000008090C0000404860000000420203000010121800008090C00000008404060000202430000000218101000008090C0000404860000000420203000010121800008090C00000008404060000202430000000218101000008FD1F5C9D29D29D0901740000000049454E44AE426082,0);
/*!40000 ALTER TABLE `act_ge_bytearray` ENABLE KEYS */;


--
-- Definition of table `act_ge_property`
--

DROP TABLE IF EXISTS `act_ge_property`;
CREATE TABLE `act_ge_property` (
  `NAME_` varchar(64) COLLATE utf8_bin NOT NULL DEFAULT '',
  `VALUE_` varchar(300) COLLATE utf8_bin DEFAULT NULL,
  `REV_` int(11) DEFAULT NULL,
  PRIMARY KEY (`NAME_`)
) ENGINE=InnoDB DEFAULT CHARSET=utf8 COLLATE=utf8_bin;

--
-- Dumping data for table `act_ge_property`
--

/*!40000 ALTER TABLE `act_ge_property` DISABLE KEYS */;
INSERT INTO `act_ge_property` (`NAME_`,`VALUE_`,`REV_`) VALUES 
 (0x686973746F72794C6576656C,0x32,1),
 (0x6E6578742E64626964,0x33363031,37),
 (0x736368656D612E686973746F7279,0x63726561746528352E313029,1),
 (0x736368656D612E76657273696F6E,0x352E3130,1);
/*!40000 ALTER TABLE `act_ge_property` ENABLE KEYS */;


--
-- Definition of table `act_hi_actinst`
--

DROP TABLE IF EXISTS `act_hi_actinst`;
CREATE TABLE `act_hi_actinst` (
  `ID_` varchar(64) COLLATE utf8_bin NOT NULL,
  `PROC_DEF_ID_` varchar(64) COLLATE utf8_bin NOT NULL,
  `PROC_INST_ID_` varchar(64) COLLATE utf8_bin NOT NULL,
  `EXECUTION_ID_` varchar(64) COLLATE utf8_bin NOT NULL,
  `ACT_ID_` varchar(255) COLLATE utf8_bin NOT NULL,
  `ACT_NAME_` varchar(255) COLLATE utf8_bin DEFAULT NULL,
  `ACT_TYPE_` varchar(255) COLLATE utf8_bin NOT NULL,
  `ASSIGNEE_` varchar(64) COLLATE utf8_bin DEFAULT NULL,
  `START_TIME_` datetime NOT NULL,
  `END_TIME_` datetime DEFAULT NULL,
  `DURATION_` bigint(20) DEFAULT NULL,
  PRIMARY KEY (`ID_`),
  KEY `ACT_IDX_HI_ACT_INST_START` (`START_TIME_`),
  KEY `ACT_IDX_HI_ACT_INST_END` (`END_TIME_`)
) ENGINE=InnoDB DEFAULT CHARSET=utf8 COLLATE=utf8_bin;

--
-- Dumping data for table `act_hi_actinst`
--

/*!40000 ALTER TABLE `act_hi_actinst` DISABLE KEYS */;
INSERT INTO `act_hi_actinst` (`ID_`,`PROC_DEF_ID_`,`PROC_INST_ID_`,`EXECUTION_ID_`,`ACT_ID_`,`ACT_NAME_`,`ACT_TYPE_`,`ASSIGNEE_`,`START_TIME_`,`END_TIME_`,`DURATION_`) VALUES 
 (0x33303032,0x70726F63657373313A353A373034,0x33303031,0x33303031,0x73746172746576656E7431,0x5374617274,0x73746172744576656E74,NULL,'2013-01-07 18:56:28','2013-01-07 18:56:28',15),
 (0x33303033,0x70726F63657373313A353A373034,0x33303031,0x33303031,0x757365727461736B31,0xE5AEA2E688B7E8B083E69FA5,0x757365725461736B,0x3332,'2013-01-07 18:56:28','2013-01-07 18:57:34',66149),
 (0x33303035,0x70726F63657373313A353A373034,0x33303031,0x33303031,0x757365727461736B32,0xE983A8E995BFE5A48DE6A0B8,0x757365725461736B,0x3333,'2013-01-07 18:57:34','2013-01-08 15:17:45',73211294),
 (0x33313133,0x70726F63657373313A353A373034,0x33303031,0x33313131,0x706172616C6C656C6761746577617931,0x506172616C6C656C2047617465776179,0x706172616C6C656C47617465776179,NULL,'2013-01-08 15:17:45','2013-01-08 15:17:45',0),
 (0x33313135,0x70726F63657373313A353A373034,0x33303031,0x33313131,0x757365727461736B33,0x41E8A792E8B083E69FA5,0x757365725461736B,0x3332,'2013-01-08 15:17:45','2013-01-08 15:31:49',844378),
 (0x33313137,0x70726F63657373313A353A373034,0x33303031,0x33313134,0x757365727461736B34,0x42E8A792E8B083E69FA5,0x757365725461736B,0x3333,'2013-01-08 15:17:45','2013-01-08 15:21:38',233575),
 (0x33313139,0x70726F63657373313A353A373034,0x33303031,0x33303031,0x757365727461736B31,0xE5AEA2E688B7E8B083E69FA5,0x757365725461736B,NULL,'2013-01-08 15:17:45',NULL,NULL),
 (0x33313231,0x70726F63657373313A353A373034,0x33303031,0x33313134,0x706172616C6C656C6761746577617932,0xE8B083E69FA5E6B187E680BB,0x706172616C6C656C47617465776179,NULL,'2013-01-08 15:21:38','2013-01-08 15:31:49',611413),
 (0x33313232,0x70726F63657373313A353A373034,0x33303031,0x33313131,0x706172616C6C656C6761746577617932,0xE8B083E69FA5E6B187E680BB,0x706172616C6C656C47617465776179,NULL,'2013-01-08 15:31:49','2013-01-08 15:31:49',262),
 (0x33313233,0x70726F63657373313A353A373034,0x33303031,0x33313131,0x757365727461736B35,0xE9A38EE68EA7E983A8E5AEA1E6A0B8,0x757365725461736B,0x3335,'2013-01-08 15:31:49','2013-01-08 15:37:23',334600),
 (0x33313235,0x70726F63657373313A353A373034,0x33303031,0x33313131,0x757365727461736B36,0xE5AE89E68E92E4B88AE4BC9A,0x757365725461736B,0x3333,'2013-01-08 15:37:23','2013-01-08 15:47:25',602636),
 (0x33313237,0x70726F63657373313A353A373034,0x33303031,0x33313131,0x757365727461736B37,0xE8AF84E5AEA1E4BC9AE8AF84E5AEA1,0x757365725461736B,NULL,'2013-01-08 15:47:25','2013-01-08 16:18:28',1863143),
 (0x33323031,0x70726F63657373313A353A373034,0x33303031,0x33313131,0x757365727461736B38,0xE7ADBEE59088E5908C,0x757365725461736B,0x3336,'2013-01-08 16:18:28','2013-01-08 16:49:14',1846506),
 (0x33353031,0x70726F63657373313A353A373034,0x33303031,0x33313131,0x656E646576656E7431,0x456E64,0x656E644576656E74,NULL,'2013-01-08 16:49:14','2013-01-08 16:49:14',0),
 (0x33353033,0x70726F63657373313A353A373034,0x33353032,0x33353032,0x73746172746576656E7431,0x5374617274,0x73746172744576656E74,NULL,'2013-01-08 18:34:10','2013-01-08 18:34:10',0),
 (0x33353034,0x70726F63657373313A353A373034,0x33353032,0x33353032,0x757365727461736B31,0xE5AEA2E688B7E8B083E69FA5,0x757365725461736B,0x3332,'2013-01-08 18:34:10',NULL,NULL);
/*!40000 ALTER TABLE `act_hi_actinst` ENABLE KEYS */;


--
-- Definition of table `act_hi_attachment`
--

DROP TABLE IF EXISTS `act_hi_attachment`;
CREATE TABLE `act_hi_attachment` (
  `ID_` varchar(64) COLLATE utf8_bin NOT NULL,
  `REV_` int(11) DEFAULT NULL,
  `USER_ID_` varchar(255) COLLATE utf8_bin DEFAULT NULL,
  `NAME_` varchar(255) COLLATE utf8_bin DEFAULT NULL,
  `DESCRIPTION_` varchar(4000) COLLATE utf8_bin DEFAULT NULL,
  `TYPE_` varchar(255) COLLATE utf8_bin DEFAULT NULL,
  `TASK_ID_` varchar(64) COLLATE utf8_bin DEFAULT NULL,
  `PROC_INST_ID_` varchar(64) COLLATE utf8_bin DEFAULT NULL,
  `URL_` varchar(4000) COLLATE utf8_bin DEFAULT NULL,
  `CONTENT_ID_` varchar(64) COLLATE utf8_bin DEFAULT NULL,
  PRIMARY KEY (`ID_`)
) ENGINE=InnoDB DEFAULT CHARSET=utf8 COLLATE=utf8_bin;

--
-- Dumping data for table `act_hi_attachment`
--

/*!40000 ALTER TABLE `act_hi_attachment` DISABLE KEYS */;
/*!40000 ALTER TABLE `act_hi_attachment` ENABLE KEYS */;


--
-- Definition of table `act_hi_comment`
--

DROP TABLE IF EXISTS `act_hi_comment`;
CREATE TABLE `act_hi_comment` (
  `ID_` varchar(64) COLLATE utf8_bin NOT NULL,
  `TYPE_` varchar(255) COLLATE utf8_bin DEFAULT NULL,
  `TIME_` datetime NOT NULL,
  `USER_ID_` varchar(255) COLLATE utf8_bin DEFAULT NULL,
  `TASK_ID_` varchar(64) COLLATE utf8_bin DEFAULT NULL,
  `PROC_INST_ID_` varchar(64) COLLATE utf8_bin DEFAULT NULL,
  `ACTION_` varchar(255) COLLATE utf8_bin DEFAULT NULL,
  `MESSAGE_` varchar(4000) COLLATE utf8_bin DEFAULT NULL,
  `FULL_MSG_` longblob,
  PRIMARY KEY (`ID_`)
) ENGINE=InnoDB DEFAULT CHARSET=utf8 COLLATE=utf8_bin;

--
-- Dumping data for table `act_hi_comment`
--

/*!40000 ALTER TABLE `act_hi_comment` DISABLE KEYS */;
/*!40000 ALTER TABLE `act_hi_comment` ENABLE KEYS */;


--
-- Definition of table `act_hi_detail`
--

DROP TABLE IF EXISTS `act_hi_detail`;
CREATE TABLE `act_hi_detail` (
  `ID_` varchar(64) COLLATE utf8_bin NOT NULL,
  `TYPE_` varchar(255) COLLATE utf8_bin NOT NULL,
  `PROC_INST_ID_` varchar(64) COLLATE utf8_bin NOT NULL,
  `EXECUTION_ID_` varchar(64) COLLATE utf8_bin NOT NULL,
  `TASK_ID_` varchar(64) COLLATE utf8_bin DEFAULT NULL,
  `ACT_INST_ID_` varchar(64) COLLATE utf8_bin DEFAULT NULL,
  `NAME_` varchar(255) COLLATE utf8_bin NOT NULL,
  `VAR_TYPE_` varchar(255) COLLATE utf8_bin DEFAULT NULL,
  `REV_` int(11) DEFAULT NULL,
  `TIME_` datetime NOT NULL,
  `BYTEARRAY_ID_` varchar(64) COLLATE utf8_bin DEFAULT NULL,
  `DOUBLE_` double DEFAULT NULL,
  `LONG_` bigint(20) DEFAULT NULL,
  `TEXT_` varchar(4000) COLLATE utf8_bin DEFAULT NULL,
  `TEXT2_` varchar(4000) COLLATE utf8_bin DEFAULT NULL,
  PRIMARY KEY (`ID_`),
  KEY `ACT_IDX_HI_DETAIL_PROC_INST` (`PROC_INST_ID_`),
  KEY `ACT_IDX_HI_DETAIL_ACT_INST` (`ACT_INST_ID_`),
  KEY `ACT_IDX_HI_DETAIL_TIME` (`TIME_`),
  KEY `ACT_IDX_HI_DETAIL_NAME` (`NAME_`),
  KEY `ACT_IDX_HI_DETAIL_TASK_ID` (`TASK_ID_`)
) ENGINE=InnoDB DEFAULT CHARSET=utf8 COLLATE=utf8_bin;

--
-- Dumping data for table `act_hi_detail`
--

/*!40000 ALTER TABLE `act_hi_detail` DISABLE KEYS */;
/*!40000 ALTER TABLE `act_hi_detail` ENABLE KEYS */;


--
-- Definition of table `act_hi_procinst`
--

DROP TABLE IF EXISTS `act_hi_procinst`;
CREATE TABLE `act_hi_procinst` (
  `ID_` varchar(64) COLLATE utf8_bin NOT NULL,
  `PROC_INST_ID_` varchar(64) COLLATE utf8_bin NOT NULL,
  `BUSINESS_KEY_` varchar(255) COLLATE utf8_bin DEFAULT NULL,
  `PROC_DEF_ID_` varchar(64) COLLATE utf8_bin NOT NULL,
  `START_TIME_` datetime NOT NULL,
  `END_TIME_` datetime DEFAULT NULL,
  `DURATION_` bigint(20) DEFAULT NULL,
  `START_USER_ID_` varchar(255) COLLATE utf8_bin DEFAULT NULL,
  `START_ACT_ID_` varchar(255) COLLATE utf8_bin DEFAULT NULL,
  `END_ACT_ID_` varchar(255) COLLATE utf8_bin DEFAULT NULL,
  `SUPER_PROCESS_INSTANCE_ID_` varchar(64) COLLATE utf8_bin DEFAULT NULL,
  `DELETE_REASON_` varchar(4000) COLLATE utf8_bin DEFAULT NULL,
  PRIMARY KEY (`ID_`),
  UNIQUE KEY `PROC_INST_ID_` (`PROC_INST_ID_`),
  UNIQUE KEY `ACT_UNIQ_HI_BUS_KEY` (`PROC_DEF_ID_`,`BUSINESS_KEY_`),
  KEY `ACT_IDX_HI_PRO_INST_END` (`END_TIME_`),
  KEY `ACT_IDX_HI_PRO_I_BUSKEY` (`BUSINESS_KEY_`)
) ENGINE=InnoDB DEFAULT CHARSET=utf8 COLLATE=utf8_bin;

--
-- Dumping data for table `act_hi_procinst`
--

/*!40000 ALTER TABLE `act_hi_procinst` DISABLE KEYS */;
INSERT INTO `act_hi_procinst` (`ID_`,`PROC_INST_ID_`,`BUSINESS_KEY_`,`PROC_DEF_ID_`,`START_TIME_`,`END_TIME_`,`DURATION_`,`START_USER_ID_`,`START_ACT_ID_`,`END_ACT_ID_`,`SUPER_PROCESS_INSTANCE_ID_`,`DELETE_REASON_`) VALUES 
 (0x33303031,0x33303031,NULL,0x70726F63657373313A353A373034,'2013-01-07 18:56:28',NULL,NULL,NULL,0x73746172746576656E7431,NULL,NULL,NULL),
 (0x33353032,0x33353032,NULL,0x70726F63657373313A353A373034,'2013-01-08 18:34:10',NULL,NULL,NULL,0x73746172746576656E7431,NULL,NULL,NULL);
/*!40000 ALTER TABLE `act_hi_procinst` ENABLE KEYS */;


--
-- Definition of table `act_hi_taskinst`
--

DROP TABLE IF EXISTS `act_hi_taskinst`;
CREATE TABLE `act_hi_taskinst` (
  `ID_` varchar(64) COLLATE utf8_bin NOT NULL,
  `PROC_DEF_ID_` varchar(64) COLLATE utf8_bin DEFAULT NULL,
  `TASK_DEF_KEY_` varchar(255) COLLATE utf8_bin DEFAULT NULL,
  `PROC_INST_ID_` varchar(64) COLLATE utf8_bin DEFAULT NULL,
  `EXECUTION_ID_` varchar(64) COLLATE utf8_bin DEFAULT NULL,
  `NAME_` varchar(255) COLLATE utf8_bin DEFAULT NULL,
  `PARENT_TASK_ID_` varchar(64) COLLATE utf8_bin DEFAULT NULL,
  `DESCRIPTION_` varchar(4000) COLLATE utf8_bin DEFAULT NULL,
  `OWNER_` varchar(64) COLLATE utf8_bin DEFAULT NULL,
  `ASSIGNEE_` varchar(64) COLLATE utf8_bin DEFAULT NULL,
  `START_TIME_` datetime NOT NULL,
  `END_TIME_` datetime DEFAULT NULL,
  `DURATION_` bigint(20) DEFAULT NULL,
  `DELETE_REASON_` varchar(4000) COLLATE utf8_bin DEFAULT NULL,
  `PRIORITY_` int(11) DEFAULT NULL,
  `DUE_DATE_` datetime DEFAULT NULL,
  PRIMARY KEY (`ID_`)
) ENGINE=InnoDB DEFAULT CHARSET=utf8 COLLATE=utf8_bin;

--
-- Dumping data for table `act_hi_taskinst`
--

/*!40000 ALTER TABLE `act_hi_taskinst` DISABLE KEYS */;
INSERT INTO `act_hi_taskinst` (`ID_`,`PROC_DEF_ID_`,`TASK_DEF_KEY_`,`PROC_INST_ID_`,`EXECUTION_ID_`,`NAME_`,`PARENT_TASK_ID_`,`DESCRIPTION_`,`OWNER_`,`ASSIGNEE_`,`START_TIME_`,`END_TIME_`,`DURATION_`,`DELETE_REASON_`,`PRIORITY_`,`DUE_DATE_`) VALUES 
 (0x33303034,0x70726F63657373313A353A373034,0x757365727461736B31,0x33303031,0x33303031,0xE5AEA2E688B7E8B083E69FA5,NULL,NULL,NULL,0x3332,'2013-01-07 18:56:28','2013-01-07 18:57:34',66136,0x636F6D706C65746564,50,NULL),
 (0x33303036,0x70726F63657373313A353A373034,0x757365727461736B32,0x33303031,0x33303031,0xE983A8E995BFE5A48DE6A0B8,NULL,NULL,NULL,0x3333,'2013-01-07 18:57:34','2013-01-08 15:17:45',73211230,0x636F6D706C65746564,50,NULL),
 (0x33313136,0x70726F63657373313A353A373034,0x757365727461736B33,0x33303031,0x33313131,0x41E8A792E8B083E69FA5,NULL,NULL,NULL,0x3332,'2013-01-08 15:17:45','2013-01-08 15:31:49',844354,0x636F6D706C65746564,50,NULL),
 (0x33313138,0x70726F63657373313A353A373034,0x757365727461736B34,0x33303031,0x33313134,0x42E8A792E8B083E69FA5,NULL,NULL,NULL,0x3333,'2013-01-08 15:17:45','2013-01-08 15:21:38',233554,0x636F6D706C65746564,50,NULL),
 (0x33313234,0x70726F63657373313A353A373034,0x757365727461736B35,0x33303031,0x33313131,0xE9A38EE68EA7E983A8E5AEA1E6A0B8,NULL,NULL,NULL,0x3335,'2013-01-08 15:31:49','2013-01-08 15:37:23',334587,0x636F6D706C65746564,50,NULL),
 (0x33313236,0x70726F63657373313A353A373034,0x757365727461736B36,0x33303031,0x33313131,0xE5AE89E68E92E4B88AE4BC9A,NULL,NULL,NULL,0x3333,'2013-01-08 15:37:23','2013-01-08 15:47:25',602618,0x636F6D706C65746564,50,NULL),
 (0x33313238,0x70726F63657373313A353A373034,0x757365727461736B37,0x33303031,0x33313131,0xE8AF84E5AEA1E4BC9AE8AF84E5AEA1,NULL,NULL,NULL,NULL,'2013-01-08 15:47:25','2013-01-08 16:18:28',1863118,0x636F6D706C65746564,50,NULL),
 (0x33313239,NULL,NULL,NULL,NULL,0xE8AF84E5AEA1E4BC9AE8AF84E5AEA1,0x33313236,0x6A6F696E7450726F63657373,NULL,0x3332,'2013-01-08 15:47:25',NULL,NULL,NULL,50,NULL),
 (0x33313330,NULL,NULL,NULL,NULL,0xE8AF84E5AEA1E4BC9AE8AF84E5AEA1,0x33313236,0x6A6F696E7450726F63657373,NULL,0x3335,'2013-01-08 15:47:25','2013-01-08 16:21:41',2056808,0x636F6D706C65746564,50,NULL),
 (0x33323032,0x70726F63657373313A353A373034,0x757365727461736B38,0x33303031,0x33313131,0xE7ADBEE59088E5908C,NULL,NULL,NULL,0x3336,'2013-01-08 16:18:28','2013-01-08 16:49:14',1846475,0x636F6D706C65746564,50,NULL),
 (0x33353035,0x70726F63657373313A353A373034,0x757365727461736B31,0x33353032,0x33353032,0xE5AEA2E688B7E8B083E69FA5,NULL,NULL,NULL,0x3332,'2013-01-08 18:34:10',NULL,NULL,NULL,50,NULL);
/*!40000 ALTER TABLE `act_hi_taskinst` ENABLE KEYS */;


--
-- Definition of table `act_id_group`
--

DROP TABLE IF EXISTS `act_id_group`;
CREATE TABLE `act_id_group` (
  `ID_` varchar(64) COLLATE utf8_bin NOT NULL DEFAULT '',
  `REV_` int(11) DEFAULT NULL,
  `NAME_` varchar(255) COLLATE utf8_bin DEFAULT NULL,
  `TYPE_` varchar(255) COLLATE utf8_bin DEFAULT NULL,
  PRIMARY KEY (`ID_`)
) ENGINE=InnoDB DEFAULT CHARSET=utf8 COLLATE=utf8_bin;

--
-- Dumping data for table `act_id_group`
--

/*!40000 ALTER TABLE `act_id_group` DISABLE KEYS */;
/*!40000 ALTER TABLE `act_id_group` ENABLE KEYS */;


--
-- Definition of table `act_id_info`
--

DROP TABLE IF EXISTS `act_id_info`;
CREATE TABLE `act_id_info` (
  `ID_` varchar(64) COLLATE utf8_bin NOT NULL DEFAULT '',
  `REV_` int(11) DEFAULT NULL,
  `USER_ID_` varchar(64) COLLATE utf8_bin DEFAULT NULL,
  `TYPE_` varchar(64) COLLATE utf8_bin DEFAULT NULL,
  `KEY_` varchar(255) COLLATE utf8_bin DEFAULT NULL,
  `VALUE_` varchar(255) COLLATE utf8_bin DEFAULT NULL,
  `PASSWORD_` longblob,
  `PARENT_ID_` varchar(255) COLLATE utf8_bin DEFAULT NULL,
  PRIMARY KEY (`ID_`)
) ENGINE=InnoDB DEFAULT CHARSET=utf8 COLLATE=utf8_bin;

--
-- Dumping data for table `act_id_info`
--

/*!40000 ALTER TABLE `act_id_info` DISABLE KEYS */;
/*!40000 ALTER TABLE `act_id_info` ENABLE KEYS */;


--
-- Definition of table `act_id_membership`
--

DROP TABLE IF EXISTS `act_id_membership`;
CREATE TABLE `act_id_membership` (
  `USER_ID_` varchar(64) COLLATE utf8_bin NOT NULL DEFAULT '',
  `GROUP_ID_` varchar(64) COLLATE utf8_bin NOT NULL DEFAULT '',
  PRIMARY KEY (`USER_ID_`,`GROUP_ID_`),
  KEY `ACT_FK_MEMB_GROUP` (`GROUP_ID_`),
  CONSTRAINT `ACT_FK_MEMB_GROUP` FOREIGN KEY (`GROUP_ID_`) REFERENCES `act_id_group` (`ID_`),
  CONSTRAINT `ACT_FK_MEMB_USER` FOREIGN KEY (`USER_ID_`) REFERENCES `act_id_user` (`ID_`)
) ENGINE=InnoDB DEFAULT CHARSET=utf8 COLLATE=utf8_bin;

--
-- Dumping data for table `act_id_membership`
--

/*!40000 ALTER TABLE `act_id_membership` DISABLE KEYS */;
/*!40000 ALTER TABLE `act_id_membership` ENABLE KEYS */;


--
-- Definition of table `act_id_user`
--

DROP TABLE IF EXISTS `act_id_user`;
CREATE TABLE `act_id_user` (
  `ID_` varchar(64) COLLATE utf8_bin NOT NULL DEFAULT '',
  `REV_` int(11) DEFAULT NULL,
  `FIRST_` varchar(255) COLLATE utf8_bin DEFAULT NULL,
  `LAST_` varchar(255) COLLATE utf8_bin DEFAULT NULL,
  `EMAIL_` varchar(255) COLLATE utf8_bin DEFAULT NULL,
  `PWD_` varchar(255) COLLATE utf8_bin DEFAULT NULL,
  `PICTURE_ID_` varchar(64) COLLATE utf8_bin DEFAULT NULL,
  PRIMARY KEY (`ID_`)
) ENGINE=InnoDB DEFAULT CHARSET=utf8 COLLATE=utf8_bin;

--
-- Dumping data for table `act_id_user`
--

/*!40000 ALTER TABLE `act_id_user` DISABLE KEYS */;
/*!40000 ALTER TABLE `act_id_user` ENABLE KEYS */;


--
-- Definition of table `act_re_deployment`
--

DROP TABLE IF EXISTS `act_re_deployment`;
CREATE TABLE `act_re_deployment` (
  `ID_` varchar(64) COLLATE utf8_bin NOT NULL DEFAULT '',
  `NAME_` varchar(255) COLLATE utf8_bin DEFAULT NULL,
  `DEPLOY_TIME_` timestamp NOT NULL DEFAULT CURRENT_TIMESTAMP ON UPDATE CURRENT_TIMESTAMP,
  PRIMARY KEY (`ID_`)
) ENGINE=InnoDB DEFAULT CHARSET=utf8 COLLATE=utf8_bin;

--
-- Dumping data for table `act_re_deployment`
--

/*!40000 ALTER TABLE `act_re_deployment` DISABLE KEYS */;
INSERT INTO `act_re_deployment` (`ID_`,`NAME_`,`DEPLOY_TIME_`) VALUES 
 (0x343031,NULL,'2012-12-04 21:54:29'),
 (0x353031,NULL,'2012-12-04 21:59:38'),
 (0x363031,NULL,'2012-12-04 22:02:21'),
 (0x363035,NULL,'2012-12-04 22:05:01'),
 (0x373031,NULL,'2012-12-05 14:10:42'),
 (0x383031,NULL,'2012-12-05 14:43:38'),
 (0x383035,NULL,'2012-12-05 14:46:27'),
 (0x383039,NULL,'2012-12-05 14:49:37'),
 (0x383133,NULL,'2012-12-05 14:56:01');
/*!40000 ALTER TABLE `act_re_deployment` ENABLE KEYS */;


--
-- Definition of table `act_re_procdef`
--

DROP TABLE IF EXISTS `act_re_procdef`;
CREATE TABLE `act_re_procdef` (
  `ID_` varchar(64) COLLATE utf8_bin NOT NULL DEFAULT '',
  `REV_` int(11) DEFAULT NULL,
  `CATEGORY_` varchar(255) COLLATE utf8_bin DEFAULT NULL,
  `NAME_` varchar(255) COLLATE utf8_bin DEFAULT NULL,
  `KEY_` varchar(255) COLLATE utf8_bin DEFAULT NULL,
  `VERSION_` int(11) DEFAULT NULL,
  `DEPLOYMENT_ID_` varchar(64) COLLATE utf8_bin DEFAULT NULL,
  `RESOURCE_NAME_` varchar(4000) COLLATE utf8_bin DEFAULT NULL,
  `DGRM_RESOURCE_NAME_` varchar(4000) COLLATE utf8_bin DEFAULT NULL,
  `HAS_START_FORM_KEY_` tinyint(4) DEFAULT NULL,
  `SUSPENSION_STATE_` int(11) DEFAULT NULL,
  PRIMARY KEY (`ID_`),
  UNIQUE KEY `ACT_UNIQ_PROCDEF` (`KEY_`,`VERSION_`)
) ENGINE=InnoDB DEFAULT CHARSET=utf8 COLLATE=utf8_bin;

--
-- Dumping data for table `act_re_procdef`
--

/*!40000 ALTER TABLE `act_re_procdef` DISABLE KEYS */;
INSERT INTO `act_re_procdef` (`ID_`,`REV_`,`CATEGORY_`,`NAME_`,`KEY_`,`VERSION_`,`DEPLOYMENT_ID_`,`RESOURCE_NAME_`,`DGRM_RESOURCE_NAME_`,`HAS_START_FORM_KEY_`,`SUSPENSION_STATE_`) VALUES 
 (0x70726F63657373313A313A343034,1,0x687474703A2F2F7777772E61637469766974692E6F72672F74657374,0x736D616C6C46696E616E6365,0x70726F6365737331,1,0x343031,0x44656D6F50726F636573732E62706D6E,0x44656D6F50726F636573732E706E67,0,1),
 (0x70726F63657373313A323A353034,1,0x687474703A2F2F7777772E61637469766974692E6F72672F74657374,0x736D616C6C46696E616E6365,0x70726F6365737331,2,0x353031,0x44656D6F50726F636573732E62706D6E,0x44656D6F50726F636573732E706E67,0,1),
 (0x70726F63657373313A333A363034,1,0x687474703A2F2F7777772E61637469766974692E6F72672F74657374,0x736D616C6C46696E616E6365,0x70726F6365737331,3,0x363031,0x44656D6F50726F636573732E62706D6E,0x44656D6F50726F636573732E706E67,0,1),
 (0x70726F63657373313A343A363038,1,0x687474703A2F2F7777772E61637469766974692E6F72672F74657374,0x736D616C6C46696E616E6365,0x70726F6365737331,4,0x363035,0x44656D6F50726F636573732E62706D6E,0x44656D6F50726F636573732E706E67,0,1),
 (0x70726F63657373313A353A373034,1,0x687474703A2F2F7777772E61637469766974692E6F72672F74657374,0x736D616C6C46696E616E6365,0x70726F6365737331,5,0x373031,0x44656D6F50726F636573732E62706D6E,0x44656D6F50726F636573732E706E67,0,1),
 (0x70726F63657373313A363A383034,1,0x687474703A2F2F7777772E61637469766974692E6F72672F74657374,0x70726F6365737331,0x70726F6365737331,6,0x383031,0x6173737572616E63652E62706D6E,0x6173737572616E63652E706E67,0,1),
 (0x70726F63657373313A373A383038,1,0x687474703A2F2F7777772E61637469766974692E6F72672F74657374,0x70726F6365737331,0x70726F6365737331,7,0x383035,0x6173737572616E63652E62706D6E,0x6173737572616E63652E706E67,0,1),
 (0x70726F63657373313A383A383132,1,0x687474703A2F2F7777772E61637469766974692E6F72672F74657374,0x70726F6365737331,0x70726F6365737331,8,0x383039,0x6173737572616E63652E62706D6E,0x6173737572616E63652E706E67,0,1),
 (0x70726F63657373313A393A383136,1,0x687474703A2F2F7777772E61637469766974692E6F72672F74657374,0x70726F6365737331,0x70726F6365737331,9,0x383133,0x6173737572616E63652E62706D6E,0x6173737572616E63652E706E67,0,1);
/*!40000 ALTER TABLE `act_re_procdef` ENABLE KEYS */;


--
-- Definition of table `act_ru_event_subscr`
--

DROP TABLE IF EXISTS `act_ru_event_subscr`;
CREATE TABLE `act_ru_event_subscr` (
  `ID_` varchar(64) COLLATE utf8_bin NOT NULL,
  `REV_` int(11) DEFAULT NULL,
  `EVENT_TYPE_` varchar(255) COLLATE utf8_bin NOT NULL,
  `EVENT_NAME_` varchar(255) COLLATE utf8_bin DEFAULT NULL,
  `EXECUTION_ID_` varchar(64) COLLATE utf8_bin DEFAULT NULL,
  `PROC_INST_ID_` varchar(64) COLLATE utf8_bin DEFAULT NULL,
  `ACTIVITY_ID_` varchar(64) COLLATE utf8_bin DEFAULT NULL,
  `CONFIGURATION_` varchar(255) COLLATE utf8_bin DEFAULT NULL,
  `CREATED_` timestamp NOT NULL DEFAULT CURRENT_TIMESTAMP ON UPDATE CURRENT_TIMESTAMP,
  PRIMARY KEY (`ID_`),
  KEY `ACT_IDX_EVENT_SUBSCR_CONFIG_` (`CONFIGURATION_`),
  KEY `ACT_FK_EVENT_EXEC` (`EXECUTION_ID_`),
  CONSTRAINT `ACT_FK_EVENT_EXEC` FOREIGN KEY (`EXECUTION_ID_`) REFERENCES `act_ru_execution` (`ID_`)
) ENGINE=InnoDB DEFAULT CHARSET=utf8 COLLATE=utf8_bin;

--
-- Dumping data for table `act_ru_event_subscr`
--

/*!40000 ALTER TABLE `act_ru_event_subscr` DISABLE KEYS */;
/*!40000 ALTER TABLE `act_ru_event_subscr` ENABLE KEYS */;


--
-- Definition of table `act_ru_execution`
--

DROP TABLE IF EXISTS `act_ru_execution`;
CREATE TABLE `act_ru_execution` (
  `ID_` varchar(64) COLLATE utf8_bin NOT NULL DEFAULT '',
  `REV_` int(11) DEFAULT NULL,
  `PROC_INST_ID_` varchar(64) COLLATE utf8_bin DEFAULT NULL,
  `BUSINESS_KEY_` varchar(255) COLLATE utf8_bin DEFAULT NULL,
  `PARENT_ID_` varchar(64) COLLATE utf8_bin DEFAULT NULL,
  `PROC_DEF_ID_` varchar(64) COLLATE utf8_bin DEFAULT NULL,
  `SUPER_EXEC_` varchar(64) COLLATE utf8_bin DEFAULT NULL,
  `ACT_ID_` varchar(255) COLLATE utf8_bin DEFAULT NULL,
  `IS_ACTIVE_` tinyint(4) DEFAULT NULL,
  `IS_CONCURRENT_` tinyint(4) DEFAULT NULL,
  `IS_SCOPE_` tinyint(4) DEFAULT NULL,
  `IS_EVENT_SCOPE_` tinyint(4) DEFAULT NULL,
  `SUSPENSION_STATE_` int(11) DEFAULT NULL,
  `CACHED_ENT_STATE_` int(11) DEFAULT NULL,
  PRIMARY KEY (`ID_`),
  UNIQUE KEY `ACT_UNIQ_RU_BUS_KEY` (`PROC_DEF_ID_`,`BUSINESS_KEY_`),
  KEY `ACT_IDX_EXEC_BUSKEY` (`BUSINESS_KEY_`),
  KEY `ACT_FK_EXE_PROCINST` (`PROC_INST_ID_`),
  KEY `ACT_FK_EXE_PARENT` (`PARENT_ID_`),
  KEY `ACT_FK_EXE_SUPER` (`SUPER_EXEC_`),
  CONSTRAINT `ACT_FK_EXE_PARENT` FOREIGN KEY (`PARENT_ID_`) REFERENCES `act_ru_execution` (`ID_`),
  CONSTRAINT `ACT_FK_EXE_PROCINST` FOREIGN KEY (`PROC_INST_ID_`) REFERENCES `act_ru_execution` (`ID_`) ON DELETE CASCADE ON UPDATE CASCADE,
  CONSTRAINT `ACT_FK_EXE_SUPER` FOREIGN KEY (`SUPER_EXEC_`) REFERENCES `act_ru_execution` (`ID_`)
) ENGINE=InnoDB DEFAULT CHARSET=utf8 COLLATE=utf8_bin;

--
-- Dumping data for table `act_ru_execution`
--

/*!40000 ALTER TABLE `act_ru_execution` DISABLE KEYS */;
INSERT INTO `act_ru_execution` (`ID_`,`REV_`,`PROC_INST_ID_`,`BUSINESS_KEY_`,`PARENT_ID_`,`PROC_DEF_ID_`,`SUPER_EXEC_`,`ACT_ID_`,`IS_ACTIVE_`,`IS_CONCURRENT_`,`IS_SCOPE_`,`IS_EVENT_SCOPE_`,`SUSPENSION_STATE_`,`CACHED_ENT_STATE_`) VALUES 
 (0x33303031,6,0x33303031,NULL,NULL,0x70726F63657373313A353A373034,NULL,0x757365727461736B31,1,0,1,0,1,2),
 (0x33353032,1,0x33353032,NULL,NULL,0x70726F63657373313A353A373034,NULL,0x757365727461736B31,1,0,1,0,1,2);
/*!40000 ALTER TABLE `act_ru_execution` ENABLE KEYS */;


--
-- Definition of table `act_ru_identitylink`
--

DROP TABLE IF EXISTS `act_ru_identitylink`;
CREATE TABLE `act_ru_identitylink` (
  `ID_` varchar(64) COLLATE utf8_bin NOT NULL DEFAULT '',
  `REV_` int(11) DEFAULT NULL,
  `GROUP_ID_` varchar(64) COLLATE utf8_bin DEFAULT NULL,
  `TYPE_` varchar(255) COLLATE utf8_bin DEFAULT NULL,
  `USER_ID_` varchar(64) COLLATE utf8_bin DEFAULT NULL,
  `TASK_ID_` varchar(64) COLLATE utf8_bin DEFAULT NULL,
  `PROC_DEF_ID_` varchar(64) COLLATE utf8_bin DEFAULT NULL,
  PRIMARY KEY (`ID_`),
  KEY `ACT_IDX_IDENT_LNK_USER` (`USER_ID_`),
  KEY `ACT_IDX_IDENT_LNK_GROUP` (`GROUP_ID_`),
  KEY `ACT_IDX_ATHRZ_PROCEDEF` (`PROC_DEF_ID_`),
  KEY `ACT_FK_TSKASS_TASK` (`TASK_ID_`),
  CONSTRAINT `ACT_FK_ATHRZ_PROCEDEF` FOREIGN KEY (`PROC_DEF_ID_`) REFERENCES `act_re_procdef` (`ID_`),
  CONSTRAINT `ACT_FK_TSKASS_TASK` FOREIGN KEY (`TASK_ID_`) REFERENCES `act_ru_task` (`ID_`)
) ENGINE=InnoDB DEFAULT CHARSET=utf8 COLLATE=utf8_bin;

--
-- Dumping data for table `act_ru_identitylink`
--

/*!40000 ALTER TABLE `act_ru_identitylink` DISABLE KEYS */;
/*!40000 ALTER TABLE `act_ru_identitylink` ENABLE KEYS */;


--
-- Definition of table `act_ru_job`
--

DROP TABLE IF EXISTS `act_ru_job`;
CREATE TABLE `act_ru_job` (
  `ID_` varchar(64) COLLATE utf8_bin NOT NULL,
  `REV_` int(11) DEFAULT NULL,
  `TYPE_` varchar(255) COLLATE utf8_bin NOT NULL,
  `LOCK_EXP_TIME_` timestamp NOT NULL DEFAULT CURRENT_TIMESTAMP ON UPDATE CURRENT_TIMESTAMP,
  `LOCK_OWNER_` varchar(255) COLLATE utf8_bin DEFAULT NULL,
  `EXCLUSIVE_` tinyint(1) DEFAULT NULL,
  `EXECUTION_ID_` varchar(64) COLLATE utf8_bin DEFAULT NULL,
  `PROCESS_INSTANCE_ID_` varchar(64) COLLATE utf8_bin DEFAULT NULL,
  `RETRIES_` int(11) DEFAULT NULL,
  `EXCEPTION_STACK_ID_` varchar(64) COLLATE utf8_bin DEFAULT NULL,
  `EXCEPTION_MSG_` varchar(4000) COLLATE utf8_bin DEFAULT NULL,
  `DUEDATE_` timestamp NULL DEFAULT NULL,
  `REPEAT_` varchar(255) COLLATE utf8_bin DEFAULT NULL,
  `HANDLER_TYPE_` varchar(255) COLLATE utf8_bin DEFAULT NULL,
  `HANDLER_CFG_` varchar(4000) COLLATE utf8_bin DEFAULT NULL,
  PRIMARY KEY (`ID_`),
  KEY `ACT_FK_JOB_EXCEPTION` (`EXCEPTION_STACK_ID_`),
  CONSTRAINT `ACT_FK_JOB_EXCEPTION` FOREIGN KEY (`EXCEPTION_STACK_ID_`) REFERENCES `act_ge_bytearray` (`ID_`)
) ENGINE=InnoDB DEFAULT CHARSET=utf8 COLLATE=utf8_bin;

--
-- Dumping data for table `act_ru_job`
--

/*!40000 ALTER TABLE `act_ru_job` DISABLE KEYS */;
/*!40000 ALTER TABLE `act_ru_job` ENABLE KEYS */;


--
-- Definition of table `act_ru_task`
--

DROP TABLE IF EXISTS `act_ru_task`;
CREATE TABLE `act_ru_task` (
  `ID_` varchar(64) COLLATE utf8_bin NOT NULL DEFAULT '',
  `REV_` int(11) DEFAULT NULL,
  `EXECUTION_ID_` varchar(64) COLLATE utf8_bin DEFAULT NULL,
  `PROC_INST_ID_` varchar(64) COLLATE utf8_bin DEFAULT NULL,
  `PROC_DEF_ID_` varchar(64) COLLATE utf8_bin DEFAULT NULL,
  `NAME_` varchar(255) COLLATE utf8_bin DEFAULT NULL,
  `PARENT_TASK_ID_` varchar(64) COLLATE utf8_bin DEFAULT NULL,
  `DESCRIPTION_` varchar(4000) COLLATE utf8_bin DEFAULT NULL,
  `TASK_DEF_KEY_` varchar(255) COLLATE utf8_bin DEFAULT NULL,
  `OWNER_` varchar(64) COLLATE utf8_bin DEFAULT NULL,
  `ASSIGNEE_` varchar(64) COLLATE utf8_bin DEFAULT NULL,
  `DELEGATION_` varchar(64) COLLATE utf8_bin DEFAULT NULL,
  `PRIORITY_` int(11) DEFAULT NULL,
  `CREATE_TIME_` timestamp NOT NULL DEFAULT CURRENT_TIMESTAMP ON UPDATE CURRENT_TIMESTAMP,
  `DUE_DATE_` datetime DEFAULT NULL,
  PRIMARY KEY (`ID_`),
  KEY `ACT_IDX_TASK_CREATE` (`CREATE_TIME_`),
  KEY `ACT_FK_TASK_EXE` (`EXECUTION_ID_`),
  KEY `ACT_FK_TASK_PROCINST` (`PROC_INST_ID_`),
  KEY `ACT_FK_TASK_PROCDEF` (`PROC_DEF_ID_`),
  CONSTRAINT `ACT_FK_TASK_EXE` FOREIGN KEY (`EXECUTION_ID_`) REFERENCES `act_ru_execution` (`ID_`),
  CONSTRAINT `ACT_FK_TASK_PROCDEF` FOREIGN KEY (`PROC_DEF_ID_`) REFERENCES `act_re_procdef` (`ID_`),
  CONSTRAINT `ACT_FK_TASK_PROCINST` FOREIGN KEY (`PROC_INST_ID_`) REFERENCES `act_ru_execution` (`ID_`)
) ENGINE=InnoDB DEFAULT CHARSET=utf8 COLLATE=utf8_bin;

--
-- Dumping data for table `act_ru_task`
--

/*!40000 ALTER TABLE `act_ru_task` DISABLE KEYS */;
INSERT INTO `act_ru_task` (`ID_`,`REV_`,`EXECUTION_ID_`,`PROC_INST_ID_`,`PROC_DEF_ID_`,`NAME_`,`PARENT_TASK_ID_`,`DESCRIPTION_`,`TASK_DEF_KEY_`,`OWNER_`,`ASSIGNEE_`,`DELEGATION_`,`PRIORITY_`,`CREATE_TIME_`,`DUE_DATE_`) VALUES 
 (0x33353035,2,0x33353032,0x33353032,0x70726F63657373313A353A373034,0xE5AEA2E688B7E8B083E69FA5,NULL,NULL,0x757365727461736B31,NULL,0x3332,NULL,50,'2013-01-08 18:34:10',NULL);
/*!40000 ALTER TABLE `act_ru_task` ENABLE KEYS */;


--
-- Definition of table `act_ru_variable`
--

DROP TABLE IF EXISTS `act_ru_variable`;
CREATE TABLE `act_ru_variable` (
  `ID_` varchar(64) COLLATE utf8_bin NOT NULL,
  `REV_` int(11) DEFAULT NULL,
  `TYPE_` varchar(255) COLLATE utf8_bin NOT NULL,
  `NAME_` varchar(255) COLLATE utf8_bin NOT NULL,
  `EXECUTION_ID_` varchar(64) COLLATE utf8_bin DEFAULT NULL,
  `PROC_INST_ID_` varchar(64) COLLATE utf8_bin DEFAULT NULL,
  `TASK_ID_` varchar(64) COLLATE utf8_bin DEFAULT NULL,
  `BYTEARRAY_ID_` varchar(64) COLLATE utf8_bin DEFAULT NULL,
  `DOUBLE_` double DEFAULT NULL,
  `LONG_` bigint(20) DEFAULT NULL,
  `TEXT_` varchar(4000) COLLATE utf8_bin DEFAULT NULL,
  `TEXT2_` varchar(4000) COLLATE utf8_bin DEFAULT NULL,
  PRIMARY KEY (`ID_`),
  KEY `ACT_IDX_VARIABLE_TASK_ID` (`TASK_ID_`),
  KEY `ACT_FK_VAR_EXE` (`EXECUTION_ID_`),
  KEY `ACT_FK_VAR_PROCINST` (`PROC_INST_ID_`),
  KEY `ACT_FK_VAR_BYTEARRAY` (`BYTEARRAY_ID_`),
  CONSTRAINT `ACT_FK_VAR_BYTEARRAY` FOREIGN KEY (`BYTEARRAY_ID_`) REFERENCES `act_ge_bytearray` (`ID_`),
  CONSTRAINT `ACT_FK_VAR_EXE` FOREIGN KEY (`EXECUTION_ID_`) REFERENCES `act_ru_execution` (`ID_`),
  CONSTRAINT `ACT_FK_VAR_PROCINST` FOREIGN KEY (`PROC_INST_ID_`) REFERENCES `act_ru_execution` (`ID_`)
) ENGINE=InnoDB DEFAULT CHARSET=utf8 COLLATE=utf8_bin;

--
-- Dumping data for table `act_ru_variable`
--

/*!40000 ALTER TABLE `act_ru_variable` DISABLE KEYS */;
/*!40000 ALTER TABLE `act_ru_variable` ENABLE KEYS */;


--
-- Definition of table `crm_address`
--

DROP TABLE IF EXISTS `crm_address`;
CREATE TABLE `crm_address` (
  `id` bigint(20) NOT NULL AUTO_INCREMENT,
  `createTime` datetime NOT NULL,
  `creator` bigint(20) NOT NULL,
  `deptId` bigint(20) NOT NULL,
  `empId` bigint(20) DEFAULT NULL,
  `isenabled` tinyint(4) NOT NULL,
  `modifier` bigint(20) DEFAULT NULL,
  `modifytime` datetime DEFAULT NULL,
  `orgid` bigint(20) NOT NULL,
  `remark` varchar(200) DEFAULT NULL,
  `address` varchar(50) NOT NULL,
  `contactor` varchar(30) NOT NULL,
  `customerId` bigint(20) NOT NULL,
  `housType` bigint(20) NOT NULL,
  `isDefault` int(11) NOT NULL,
  `manCount` int(11) DEFAULT NULL,
  `phone` varchar(20) DEFAULT NULL,
  `relation` varchar(50) DEFAULT NULL,
  `resideType` bigint(20) NOT NULL,
  `tel` varchar(20) DEFAULT NULL,
  `zipcode` varchar(10) DEFAULT NULL,
  PRIMARY KEY (`id`)
) ENGINE=InnoDB AUTO_INCREMENT=15 DEFAULT CHARSET=utf8;

--
-- Dumping data for table `crm_address`
--

/*!40000 ALTER TABLE `crm_address` DISABLE KEYS */;
INSERT INTO `crm_address` (`id`,`createTime`,`creator`,`deptId`,`empId`,`isenabled`,`modifier`,`modifytime`,`orgid`,`remark`,`address`,`contactor`,`customerId`,`housType`,`isDefault`,`manCount`,`phone`,`relation`,`resideType`,`tel`,`zipcode`) VALUES 
 (12,'2012-01-28 00:12:00',-1,-1,-1,1,NULL,NULL,0,NULL,'','',327,22,0,5,'13380050025','',27,'13380050025','438304'),
 (13,'2012-01-30 00:12:00',-1,-1,-1,1,NULL,NULL,0,NULL,'xx','xxx',327,21,0,NULL,NULL,NULL,27,NULL,NULL),
 (14,'2013-01-02 00:01:00',-1,-1,-1,1,NULL,NULL,0,NULL,'','',331,22,0,NULL,NULL,NULL,26,NULL,NULL);
/*!40000 ALTER TABLE `crm_address` ENABLE KEYS */;


--
-- Definition of table `crm_category`
--

DROP TABLE IF EXISTS `crm_category`;
CREATE TABLE `crm_category` (
  `id` bigint(20) NOT NULL AUTO_INCREMENT,
  `category` int(11) NOT NULL,
  `inCustomerId` bigint(20) NOT NULL,
  `relCustomerId` bigint(20) NOT NULL,
  `custType` int(11) NOT NULL,
  PRIMARY KEY (`id`)
) ENGINE=InnoDB AUTO_INCREMENT=18 DEFAULT CHARSET=utf8;

--
-- Dumping data for table `crm_category`
--

/*!40000 ALTER TABLE `crm_category` DISABLE KEYS */;
INSERT INTO `crm_category` (`id`,`category`,`inCustomerId`,`relCustomerId`,`custType`) VALUES 
 (14,1,327,327,0),
 (15,1,116,327,1),
 (16,1,327,327,0),
 (17,1,121,331,1);
/*!40000 ALTER TABLE `crm_category` ENABLE KEYS */;


--
-- Definition of table `crm_company`
--

DROP TABLE IF EXISTS `crm_company`;
CREATE TABLE `crm_company` (
  `id` bigint(20) NOT NULL AUTO_INCREMENT,
  `createTime` datetime NOT NULL,
  `creator` bigint(20) NOT NULL,
  `deptId` bigint(20) NOT NULL,
  `empId` bigint(20) DEFAULT NULL,
  `isenabled` tinyint(4) NOT NULL,
  `modifier` bigint(20) DEFAULT NULL,
  `modifytime` datetime DEFAULT NULL,
  `orgid` bigint(20) NOT NULL,
  `remark` varchar(200) DEFAULT NULL,
  `ccoTel` varchar(50) DEFAULT NULL,
  `ccoaaddress` varchar(50) DEFAULT NULL,
  `ccokind` bigint(20) NOT NULL,
  `cconame` varchar(50) NOT NULL,
  `currency` bigint(20) DEFAULT NULL,
  `custType` int(11) NOT NULL,
  `customerId` bigint(20) NOT NULL,
  `empCount` int(11) DEFAULT NULL,
  `landNum` varchar(50) DEFAULT NULL,
  `legal` varchar(50) NOT NULL,
  `linkman` varchar(50) DEFAULT NULL,
  `monthly` decimal(19,2) DEFAULT NULL,
  `nationNum` varchar(50) DEFAULT NULL,
  `offNum` varchar(50) NOT NULL,
  `orgNum` varchar(50) DEFAULT NULL,
  `premises` varchar(50) DEFAULT NULL,
  `profit` decimal(19,2) DEFAULT NULL,
  `regDate` datetime DEFAULT NULL,
  `regcaptial` decimal(19,2) DEFAULT NULL,
  PRIMARY KEY (`id`)
) ENGINE=InnoDB DEFAULT CHARSET=utf8;

--
-- Dumping data for table `crm_company`
--

/*!40000 ALTER TABLE `crm_company` DISABLE KEYS */;
/*!40000 ALTER TABLE `crm_company` ENABLE KEYS */;


--
-- Definition of table `crm_consort`
--

DROP TABLE IF EXISTS `crm_consort`;
CREATE TABLE `crm_consort` (
  `id` bigint(20) NOT NULL AUTO_INCREMENT,
  `createTime` datetime NOT NULL,
  `creator` bigint(20) NOT NULL,
  `deptId` bigint(20) NOT NULL,
  `empId` bigint(20) DEFAULT NULL,
  `isenabled` tinyint(4) NOT NULL,
  `modifier` bigint(20) DEFAULT NULL,
  `modifytime` datetime DEFAULT NULL,
  `orgid` bigint(20) NOT NULL,
  `remark` varchar(200) DEFAULT NULL,
  `age` int(11) DEFAULT NULL,
  `birthday` datetime DEFAULT NULL,
  `cardNum` varchar(50) NOT NULL,
  `cardType` bigint(20) NOT NULL,
  `coninterest` varchar(100) DEFAULT NULL,
  `conjobunit` varchar(60) DEFAULT NULL,
  `contactTel` varchar(20) DEFAULT NULL,
  `degree` bigint(20) DEFAULT NULL,
  `email` varchar(30) DEFAULT NULL,
  `hometown` bigint(20) DEFAULT NULL,
  `job` varchar(20) DEFAULT NULL,
  `name` varchar(50) NOT NULL,
  `nation` bigint(20) DEFAULT NULL,
  `phone` varchar(20) DEFAULT NULL,
  `qqmsnNum` varchar(20) DEFAULT NULL,
  `workAddress` varchar(200) DEFAULT NULL,
  `customerId` bigint(20) NOT NULL,
  PRIMARY KEY (`id`)
) ENGINE=InnoDB AUTO_INCREMENT=17 DEFAULT CHARSET=utf8;

--
-- Dumping data for table `crm_consort`
--

/*!40000 ALTER TABLE `crm_consort` DISABLE KEYS */;
INSERT INTO `crm_consort` (`id`,`createTime`,`creator`,`deptId`,`empId`,`isenabled`,`modifier`,`modifytime`,`orgid`,`remark`,`age`,`birthday`,`cardNum`,`cardType`,`coninterest`,`conjobunit`,`contactTel`,`degree`,`email`,`hometown`,`job`,`name`,`nation`,`phone`,`qqmsnNum`,`workAddress`,`customerId`) VALUES 
 (15,'2012-01-28 00:12:00',-1,-1,-1,1,NULL,NULL,0,NULL,21,'2012-01-28 00:12:00','4211811991121318',7,'','','18613010770',19,'615567404',15,'','',16,'18613010770','61556744','',327),
 (16,'2013-01-02 00:01:00',-1,-1,-1,1,NULL,NULL,0,NULL,22,'2013-01-02 00:01:00','421181198503021314',7,NULL,NULL,'13350080025',19,NULL,15,NULL,'',16,'13350080025',NULL,NULL,331);
/*!40000 ALTER TABLE `crm_consort` ENABLE KEYS */;


--
-- Definition of table `crm_contactor`
--

DROP TABLE IF EXISTS `crm_contactor`;
CREATE TABLE `crm_contactor` (
  `id` bigint(20) NOT NULL AUTO_INCREMENT,
  `createTime` datetime NOT NULL,
  `creator` bigint(20) NOT NULL,
  `deptId` bigint(20) NOT NULL,
  `empId` bigint(20) DEFAULT NULL,
  `isenabled` tinyint(4) NOT NULL,
  `modifier` bigint(20) DEFAULT NULL,
  `modifytime` datetime DEFAULT NULL,
  `orgid` bigint(20) NOT NULL,
  `remark` varchar(200) DEFAULT NULL,
  `address` varchar(200) DEFAULT NULL,
  `age` int(11) DEFAULT NULL,
  `birthday` datetime DEFAULT NULL,
  `customerId` bigint(20) NOT NULL,
  `job` varchar(30) DEFAULT NULL,
  `name` varchar(30) NOT NULL,
  `orgName` varchar(50) DEFAULT NULL,
  `orgTel` varchar(20) DEFAULT NULL,
  `phone` varchar(20) DEFAULT NULL,
  `relation` varchar(30) NOT NULL,
  `tel` varchar(20) DEFAULT NULL,
  PRIMARY KEY (`id`)
) ENGINE=InnoDB AUTO_INCREMENT=7 DEFAULT CHARSET=utf8;

--
-- Dumping data for table `crm_contactor`
--

/*!40000 ALTER TABLE `crm_contactor` DISABLE KEYS */;
INSERT INTO `crm_contactor` (`id`,`createTime`,`creator`,`deptId`,`empId`,`isenabled`,`modifier`,`modifytime`,`orgid`,`remark`,`address`,`age`,`birthday`,`customerId`,`job`,`name`,`orgName`,`orgTel`,`phone`,`relation`,`tel`) VALUES 
 (5,'2012-01-28 00:12:00',-1,-1,NULL,1,-1,'2012-01-28 00:12:00',0,NULL,NULL,NULL,'2012-01-28 00:01:00',327,NULL,'',NULL,NULL,NULL,'',NULL),
 (6,'2013-01-02 00:01:00',-1,-1,-1,1,NULL,NULL,0,NULL,NULL,27,'2013-01-02 00:01:00',331,NULL,'',NULL,NULL,NULL,'',NULL);
/*!40000 ALTER TABLE `crm_contactor` ENABLE KEYS */;


--
-- Definition of table `crm_creditinfo`
--

DROP TABLE IF EXISTS `crm_creditinfo`;
CREATE TABLE `crm_creditinfo` (
  `id` bigint(20) NOT NULL AUTO_INCREMENT,
  `createTime` datetime NOT NULL,
  `creator` bigint(20) NOT NULL,
  `deptId` bigint(20) NOT NULL,
  `empId` bigint(20) DEFAULT NULL,
  `isenabled` tinyint(4) NOT NULL,
  `modifier` bigint(20) DEFAULT NULL,
  `modifytime` datetime DEFAULT NULL,
  `orgid` bigint(20) NOT NULL,
  `remark` varchar(200) DEFAULT NULL,
  `balance` decimal(19,2) DEFAULT NULL,
  `count` int(11) DEFAULT NULL,
  `creitType` bigint(20) NOT NULL,
  `customerId` bigint(20) NOT NULL,
  `monthAmount` decimal(19,2) DEFAULT NULL,
  `totalAmount` decimal(19,2) DEFAULT NULL,
  PRIMARY KEY (`id`)
) ENGINE=InnoDB AUTO_INCREMENT=9 DEFAULT CHARSET=utf8;

--
-- Dumping data for table `crm_creditinfo`
--

/*!40000 ALTER TABLE `crm_creditinfo` DISABLE KEYS */;
INSERT INTO `crm_creditinfo` (`id`,`createTime`,`creator`,`deptId`,`empId`,`isenabled`,`modifier`,`modifytime`,`orgid`,`remark`,`balance`,`count`,`creitType`,`customerId`,`monthAmount`,`totalAmount`) VALUES 
 (7,'2012-01-28 00:12:00',-1,-1,-1,1,NULL,NULL,0,'','1000.00',10,40,327,'1000.00','100000.00'),
 (8,'2013-01-02 00:01:00',-1,-1,-1,1,NULL,NULL,0,NULL,NULL,3,39,331,NULL,'1000000.00');
/*!40000 ALTER TABLE `crm_creditinfo` ENABLE KEYS */;


--
-- Definition of table `crm_custbase`
--

DROP TABLE IF EXISTS `crm_custbase`;
CREATE TABLE `crm_custbase` (
  `id` bigint(20) NOT NULL AUTO_INCREMENT,
  `createTime` datetime NOT NULL,
  `creator` bigint(20) NOT NULL,
  `deptId` bigint(20) NOT NULL,
  `empId` bigint(20) DEFAULT NULL,
  `isenabled` tinyint(4) NOT NULL,
  `modifier` bigint(20) DEFAULT NULL,
  `modifytime` datetime DEFAULT NULL,
  `orgid` bigint(20) NOT NULL,
  `remark` varchar(200) DEFAULT NULL,
  `cardNum` varchar(50) NOT NULL,
  `cardType` bigint(20) DEFAULT NULL,
  `code` varchar(20) NOT NULL,
  `custLevel` int(11) NOT NULL,
  `custType` int(11) DEFAULT NULL,
  `name` varchar(100) DEFAULT NULL,
  `sysId` bigint(20) NOT NULL,
  PRIMARY KEY (`id`)
) ENGINE=InnoDB AUTO_INCREMENT=226 DEFAULT CHARSET=utf8;

--
-- Dumping data for table `crm_custbase`
--

/*!40000 ALTER TABLE `crm_custbase` DISABLE KEYS */;
INSERT INTO `crm_custbase` (`id`,`createTime`,`creator`,`deptId`,`empId`,`isenabled`,`modifier`,`modifytime`,`orgid`,`remark`,`cardNum`,`cardType`,`code`,`custLevel`,`custType`,`name`,`sysId`) VALUES 
 (196,'2012-01-28 00:12:00',-1,-1,NULL,1,1,'2013-01-10 00:01:00',0,NULL,'421181199011131318',7,'C2012122802084400',1,0,'',3),
 (197,'2012-01-29 00:12:00',1,-1,-1,1,NULL,NULL,-1,NULL,'X100909',NULL,'C100011011',1,1,'',3),
 (198,'2012-01-29 00:12:00',1,-1,-1,1,NULL,NULL,-1,NULL,'X100909',NULL,'C100011011',1,1,'',3),
 (199,'2012-01-30 00:12:00',-1,-1,-1,1,NULL,NULL,0,NULL,'421181199011131318',8,'C2012122802084400',1,0,'',3),
 (200,'2012-01-31 00:12:00',-1,-1,-1,1,NULL,NULL,0,NULL,'x2222',8,'C20121231024533398',1,0,'xx',3),
 (201,'2012-01-31 00:12:00',-1,-1,-1,1,NULL,NULL,0,NULL,'333',7,'xxx',1,0,'ccc',3),
 (202,'2013-01-02 00:01:00',-1,-1,NULL,1,-1,'2013-01-03 00:01:00',0,NULL,'421181198503021314',7,'C20130102001044402',1,0,'',3),
 (203,'2013-01-03 00:01:00',1,-1,NULL,1,1,'2013-01-03 00:01:00',-1,NULL,'789456845',7,'C20130103045824404',1,0,'',3),
 (204,'2013-01-03 00:01:00',1,-1,NULL,1,1,'2013-01-03 00:01:00',-1,NULL,'444444',7,'C20130103051627406',1,0,'',3),
 (206,'2013-01-03 00:01:00',32,1,-1,1,NULL,NULL,1,NULL,'421181199011131318',7,'C20130103085145408',1,0,'',3),
 (208,'2013-01-03 00:01:00',32,1,-1,1,NULL,NULL,1,NULL,'421181199013151212',7,'C20130103090416412',1,0,'',3),
 (209,'2013-01-03 00:01:00',32,1,-1,1,NULL,NULL,1,NULL,'xxxx',8,'C20130103090535416',1,0,'xxx',3),
 (210,'2013-01-03 00:01:00',32,1,-1,1,NULL,NULL,1,NULL,'xxxx',8,'C20130103090535416',1,0,'xxx',3),
 (211,'2013-01-03 00:01:00',32,1,-1,1,NULL,NULL,1,NULL,'xxxx',8,'C20130103090535416',1,0,'xxx',3),
 (212,'2013-01-03 00:01:00',32,1,-1,1,NULL,NULL,1,NULL,'xxxx',8,'C20130103090535416',1,0,'xxx',3),
 (213,'2013-01-03 00:01:00',32,1,-1,1,NULL,NULL,1,NULL,'xxxx',8,'C20130103090535416',1,0,'xxx',3),
 (221,'2013-01-05 00:01:00',-1,-1,NULL,1,-1,'2013-01-05 00:01:00',0,NULL,'456789',0,'C20130105010849426',1,1,'',3),
 (222,'2013-01-05 00:01:00',-1,-1,-1,1,NULL,NULL,0,NULL,'wwww',9,'C20130105013344442',1,0,'www',3),
 (223,'2013-01-05 00:01:00',1,-1,-1,1,NULL,NULL,-1,NULL,'xxxx',8,'C20130105014123444',1,0,'xxxxxx',3),
 (224,'2013-01-08 00:01:00',36,4,-1,1,NULL,NULL,1,NULL,'330783000004500',0,'C20130108052805446',1,1,'',3),
 (225,'2013-01-10 00:01:00',1,-1,-1,1,NULL,NULL,-1,NULL,'2223',8,'C20130110025759448',1,0,'',3);
/*!40000 ALTER TABLE `crm_custbase` ENABLE KEYS */;


--
-- Definition of table `crm_custblack`
--

DROP TABLE IF EXISTS `crm_custblack`;
CREATE TABLE `crm_custblack` (
  `id` bigint(20) NOT NULL AUTO_INCREMENT,
  `createTime` datetime NOT NULL,
  `creator` bigint(20) NOT NULL,
  `deptId` bigint(20) NOT NULL,
  `empId` bigint(20) DEFAULT NULL,
  `isenabled` tinyint(4) NOT NULL,
  `modifier` bigint(20) DEFAULT NULL,
  `modifytime` datetime DEFAULT NULL,
  `orgid` bigint(20) NOT NULL,
  `remark` varchar(200) DEFAULT NULL,
  `custType` int(11) NOT NULL,
  `customerId` bigint(20) NOT NULL,
  `reason` varchar(255) NOT NULL,
  `baseId` bigint(20) NOT NULL,
  PRIMARY KEY (`id`)
) ENGINE=InnoDB DEFAULT CHARSET=utf8;

--
-- Dumping data for table `crm_custblack`
--

/*!40000 ALTER TABLE `crm_custblack` DISABLE KEYS */;
/*!40000 ALTER TABLE `crm_custblack` ENABLE KEYS */;


--
-- Definition of table `crm_custcompany`
--

DROP TABLE IF EXISTS `crm_custcompany`;
CREATE TABLE `crm_custcompany` (
  `id` bigint(20) NOT NULL AUTO_INCREMENT,
  `createTime` datetime NOT NULL,
  `creator` bigint(20) NOT NULL,
  `deptId` bigint(20) NOT NULL,
  `empId` bigint(20) DEFAULT NULL,
  `isenabled` tinyint(4) NOT NULL,
  `modifier` bigint(20) DEFAULT NULL,
  `modifytime` datetime DEFAULT NULL,
  `orgid` bigint(20) NOT NULL,
  `remark` varchar(200) DEFAULT NULL,
  `ccoTel` varchar(50) DEFAULT NULL,
  `ccoaaddress` varchar(50) DEFAULT NULL,
  `ccokind` bigint(20) NOT NULL,
  `cconame` varchar(50) NOT NULL,
  `currency` bigint(20) DEFAULT NULL,
  `custType` int(11) NOT NULL,
  `customerId` bigint(20) NOT NULL,
  `empCount` int(11) DEFAULT NULL,
  `landNum` varchar(50) DEFAULT NULL,
  `legal` varchar(50) NOT NULL,
  `linkman` varchar(50) DEFAULT NULL,
  `monthly` decimal(19,2) DEFAULT NULL,
  `nationNum` varchar(50) DEFAULT NULL,
  `offNum` varchar(50) NOT NULL,
  `orgNum` varchar(50) DEFAULT NULL,
  `premises` varchar(50) DEFAULT NULL,
  `profit` decimal(19,2) DEFAULT NULL,
  `regDate` datetime DEFAULT NULL,
  `regcaptial` decimal(19,2) DEFAULT NULL,
  PRIMARY KEY (`id`)
) ENGINE=InnoDB AUTO_INCREMENT=10 DEFAULT CHARSET=utf8;

--
-- Dumping data for table `crm_custcompany`
--

/*!40000 ALTER TABLE `crm_custcompany` DISABLE KEYS */;
INSERT INTO `crm_custcompany` (`id`,`createTime`,`creator`,`deptId`,`empId`,`isenabled`,`modifier`,`modifytime`,`orgid`,`remark`,`ccoTel`,`ccoaaddress`,`ccokind`,`cconame`,`currency`,`custType`,`customerId`,`empCount`,`landNum`,`legal`,`linkman`,`monthly`,`nationNum`,`offNum`,`orgNum`,`premises`,`profit`,`regDate`,`regcaptial`) VALUES 
 (8,'2012-01-28 00:12:00',-1,-1,NULL,1,-1,'2012-01-31 00:12:00',0,NULL,NULL,NULL,34,'',76,0,327,10,NULL,'','xxx','100000.00',NULL,'05453869-0','05453869-0',NULL,'1000000.00','2012-01-28 00:01:00','1000000.00'),
 (9,'2013-01-02 00:01:00',-1,-1,-1,1,NULL,NULL,0,NULL,NULL,NULL,32,'',NULL,1,331,NULL,NULL,'',NULL,NULL,NULL,'124566','12545669-888',NULL,NULL,'2013-01-02 00:01:00',NULL);
/*!40000 ALTER TABLE `crm_custcompany` ENABLE KEYS */;


--
-- Definition of table `crm_customerinfo`
--

DROP TABLE IF EXISTS `crm_customerinfo`;
CREATE TABLE `crm_customerinfo` (
  `id` bigint(20) NOT NULL AUTO_INCREMENT,
  `createTime` datetime NOT NULL,
  `creator` bigint(20) NOT NULL,
  `deptId` bigint(20) NOT NULL,
  `empId` bigint(20) DEFAULT NULL,
  `isenabled` tinyint(4) NOT NULL,
  `modifier` bigint(20) DEFAULT NULL,
  `modifytime` datetime DEFAULT NULL,
  `orgid` bigint(20) NOT NULL,
  `remark` varchar(200) DEFAULT NULL,
  `accNature` int(11) DEFAULT NULL,
  `age` int(11) DEFAULT NULL,
  `baseId` bigint(20) NOT NULL,
  `birthday` datetime DEFAULT NULL,
  `cardNum` varchar(50) DEFAULT NULL,
  `cardType` bigint(20) DEFAULT NULL,
  `cendDate` datetime DEFAULT NULL,
  `contactTel` varchar(20) DEFAULT NULL,
  `contactor` varchar(30) DEFAULT NULL,
  `degree` bigint(20) DEFAULT NULL,
  `email` varchar(30) DEFAULT NULL,
  `fax` varchar(20) DEFAULT NULL,
  `hometown` bigint(20) DEFAULT NULL,
  `inAddress` varchar(100) DEFAULT NULL,
  `inArea` varchar(20) DEFAULT NULL,
  `job` varchar(20) DEFAULT NULL,
  `maristal` bigint(20) DEFAULT NULL,
  `mnemonic` varchar(20) DEFAULT NULL,
  `name` varchar(50) NOT NULL,
  `nation` bigint(20) DEFAULT NULL,
  `phone` varchar(20) DEFAULT NULL,
  `qqmsnNum` varchar(20) DEFAULT NULL,
  `registerTime` datetime DEFAULT NULL,
  `regman` bigint(20) DEFAULT NULL,
  `serialNum` varchar(20) DEFAULT NULL,
  `sex` int(11) NOT NULL,
  `state` int(11) NOT NULL,
  `workAddress` varchar(100) DEFAULT NULL,
  `workOrg` varchar(50) DEFAULT NULL,
  `zipcode` varchar(10) DEFAULT NULL,
  `accAddress` varchar(20) DEFAULT NULL,
  PRIMARY KEY (`id`)
) ENGINE=InnoDB AUTO_INCREMENT=341 DEFAULT CHARSET=utf8;

--
-- Dumping data for table `crm_customerinfo`
--

/*!40000 ALTER TABLE `crm_customerinfo` DISABLE KEYS */;
INSERT INTO `crm_customerinfo` (`id`,`createTime`,`creator`,`deptId`,`empId`,`isenabled`,`modifier`,`modifytime`,`orgid`,`remark`,`accNature`,`age`,`baseId`,`birthday`,`cardNum`,`cardType`,`cendDate`,`contactTel`,`contactor`,`degree`,`email`,`fax`,`hometown`,`inAddress`,`inArea`,`job`,`maristal`,`mnemonic`,`name`,`nation`,`phone`,`qqmsnNum`,`registerTime`,`regman`,`serialNum`,`sex`,`state`,`workAddress`,`workOrg`,`zipcode`,`accAddress`) VALUES 
 (327,'2012-12-28 14:10:11',-1,-1,NULL,1,1,'2013-01-10 14:59:18',0,NULL,0,22,196,'2012-01-28 00:01:00','421181199011131318',7,'2012-01-06 00:01:00','18613010770','',19,'615567404@qq.com','123456',15,'',NULL,'',10,NULL,'',16,'18613010770','615567404','2012-01-28 00:12:00',1,'123',0,0,'x','','438304',''),
 (331,'2013-01-02 12:10:58',-1,-1,NULL,1,-1,'2013-01-03 15:08:16',0,NULL,0,26,202,'2013-01-02 00:01:00','421181198503021314',7,'2018-01-01 00:01:00','1335008025','',19,NULL,NULL,15,'',NULL,'java',11,NULL,'',16,'1335008025',NULL,NULL,NULL,'456',0,0,NULL,NULL,NULL,NULL),
 (336,'2013-01-03 21:00:37',32,1,NULL,1,NULL,NULL,1,NULL,NULL,NULL,207,NULL,NULL,8,NULL,NULL,NULL,NULL,NULL,NULL,NULL,NULL,NULL,NULL,NULL,NULL,'xxx',NULL,NULL,NULL,'2013-01-03 21:00:37',32,'S20130103085841412',0,0,NULL,NULL,NULL,NULL),
 (337,'2013-01-03 21:14:00',32,1,NULL,1,NULL,NULL,1,NULL,NULL,NULL,213,NULL,'xxxx',8,NULL,NULL,NULL,NULL,NULL,NULL,NULL,NULL,NULL,NULL,NULL,NULL,'xxx',NULL,NULL,NULL,'2013-01-03 21:14:00',32,'S20130103090535416',0,0,NULL,NULL,NULL,NULL),
 (338,'2013-01-05 13:33:49',-1,-1,NULL,1,-1,'2013-01-05 00:01:00',0,NULL,0,22,222,'2013-01-05 00:01:00','wwww',9,'2013-01-05 00:01:00',NULL,NULL,17,NULL,NULL,15,'',NULL,NULL,11,NULL,'www',16,'133584565',NULL,NULL,NULL,NULL,0,0,NULL,NULL,NULL,NULL),
 (339,'2013-01-05 13:41:30',1,99999999,NULL,1,NULL,NULL,99999999,NULL,NULL,NULL,223,NULL,'xxxx',8,NULL,NULL,NULL,NULL,NULL,NULL,NULL,NULL,NULL,NULL,NULL,NULL,'xxxxxx',NULL,NULL,NULL,'2013-01-05 13:41:30',1,'S20130105014123444',0,0,NULL,NULL,NULL,NULL),
 (340,'2013-01-10 14:58:11',1,99999999,NULL,1,NULL,NULL,99999999,NULL,NULL,NULL,225,NULL,'2223',8,NULL,NULL,NULL,NULL,NULL,NULL,NULL,NULL,NULL,NULL,NULL,NULL,'',NULL,NULL,NULL,'2013-01-10 14:58:11',1,'S20130110025759448',0,0,NULL,NULL,NULL,NULL);
/*!40000 ALTER TABLE `crm_customerinfo` ENABLE KEYS */;


--
-- Definition of table `crm_eassure`
--

DROP TABLE IF EXISTS `crm_eassure`;
CREATE TABLE `crm_eassure` (
  `id` bigint(20) NOT NULL AUTO_INCREMENT,
  `createTime` datetime NOT NULL,
  `creator` bigint(20) NOT NULL,
  `deptId` bigint(20) NOT NULL,
  `empId` bigint(20) DEFAULT NULL,
  `isenabled` tinyint(4) NOT NULL,
  `modifier` bigint(20) DEFAULT NULL,
  `modifytime` datetime DEFAULT NULL,
  `orgid` bigint(20) NOT NULL,
  `remark` varchar(200) DEFAULT NULL,
  `amount` decimal(19,2) NOT NULL,
  `asbalance` decimal(19,2) DEFAULT NULL,
  `asendDate` datetime DEFAULT NULL,
  `asstartDate` datetime DEFAULT NULL,
  `ecustomerId` bigint(20) NOT NULL,
  `inverse` double DEFAULT NULL,
  `object` varchar(50) NOT NULL,
  `term` varchar(50) DEFAULT NULL,
  `thing` varchar(225) DEFAULT NULL,
  PRIMARY KEY (`id`)
) ENGINE=InnoDB AUTO_INCREMENT=24 DEFAULT CHARSET=utf8;

--
-- Dumping data for table `crm_eassure`
--

/*!40000 ALTER TABLE `crm_eassure` DISABLE KEYS */;
INSERT INTO `crm_eassure` (`id`,`createTime`,`creator`,`deptId`,`empId`,`isenabled`,`modifier`,`modifytime`,`orgid`,`remark`,`amount`,`asbalance`,`asendDate`,`asstartDate`,`ecustomerId`,`inverse`,`object`,`term`,`thing`) VALUES 
 (1,'2012-01-25 00:12:00',-1,-1,-1,-1,NULL,NULL,0,'12','12.00','22.00','2012-01-25 00:12:00','2012-01-25 00:12:00',48,12,'12','12','12'),
 (2,'2012-01-25 00:12:00',-1,-1,-1,1,NULL,NULL,0,NULL,'1233.00','34.00','2012-01-25 00:12:00','2012-01-25 00:12:00',49,34,'34','34',NULL),
 (3,'2012-01-25 00:12:00',-1,-1,-1,1,NULL,NULL,0,NULL,'2222.00','22333.00','2012-01-26 00:12:00','2013-01-17 00:01:00',53,2222,'444','2223',NULL),
 (4,'2012-01-25 00:12:00',-1,-1,-1,-1,NULL,NULL,0,NULL,'33.00',NULL,'2012-01-12 00:12:00','2012-01-29 00:11:00',56,NULL,'ww','222',NULL),
 (5,'2012-01-25 00:12:00',-1,-1,-1,-1,NULL,NULL,0,'12','12.00','22.00','2012-01-25 00:12:00','2012-01-25 00:12:00',48,12,'12','12',NULL),
 (6,'2012-01-25 00:12:00',-1,-1,-1,1,NULL,NULL,0,NULL,'1233.00','123.00','2012-01-25 00:12:00','2012-01-25 00:12:00',59,22,'sss','12',NULL),
 (7,'2012-01-25 00:12:00',-1,-1,-1,-1,NULL,NULL,0,NULL,'33.00','66.00','2012-01-25 00:12:00','2012-01-25 00:12:00',60,55,'44','55',NULL),
 (8,'2012-01-25 00:12:00',-1,-1,-1,1,NULL,NULL,0,NULL,'666.00','7777.00','2012-01-25 00:12:00','2012-01-25 00:12:00',61,888,'222','333',NULL),
 (9,'2012-01-25 00:12:00',-1,-1,NULL,1,-1,'2012-01-26 00:12:00',0,NULL,'2566633.00','55553.00','2012-01-25 00:01:00','2012-01-27 00:01:00',108,23,'rrrr','12',NULL),
 (10,'2012-01-25 00:12:00',-1,-1,-1,1,NULL,NULL,0,NULL,'99.00','999.00','2012-01-25 00:12:00','2012-01-26 00:12:00',63,33,'22','55',NULL),
 (11,'2012-01-26 00:12:00',-1,-1,-1,1,NULL,NULL,0,NULL,'123.00',NULL,'2012-01-26 00:12:00','2012-01-26 00:12:00',105,23,'ssdf','12',NULL),
 (12,'2012-01-26 00:12:00',-1,-1,-1,1,NULL,NULL,0,NULL,'3334.00','34.00','2012-01-26 00:12:00','2012-01-26 00:12:00',106,NULL,'3224','23',NULL),
 (13,'2012-01-26 00:12:00',-1,-1,-1,1,NULL,NULL,0,NULL,'234.00','34.00','2012-01-27 00:12:00','2012-01-26 00:12:00',107,34,'23','24',NULL),
 (14,'2012-01-26 00:12:00',-1,-1,-1,1,NULL,NULL,0,NULL,'234.00','34.00','2012-01-27 00:12:00','2012-01-26 00:12:00',107,34,'23','24',NULL),
 (15,'2012-01-26 00:12:00',-1,-1,-1,1,NULL,NULL,0,NULL,'234.00','34.00','2012-01-27 00:12:00','2012-01-26 00:12:00',107,34,'23','24',NULL),
 (16,'2012-01-26 00:12:00',-1,-1,-1,1,NULL,NULL,0,NULL,'234.00','34.00','2012-01-27 00:12:00','2012-01-26 00:12:00',107,34,'23','24',NULL),
 (17,'2012-01-26 00:12:00',-1,-1,-1,1,NULL,NULL,0,NULL,'234.00','34.00','2012-01-27 00:12:00','2012-01-26 00:12:00',107,34,'23','24',NULL),
 (18,'2012-01-26 00:12:00',-1,-1,-1,1,NULL,NULL,0,NULL,'5555.00','1.00','2012-01-26 00:12:00','2012-01-26 00:12:00',108,2,'55','22',NULL),
 (19,'2012-01-26 00:12:00',-1,-1,-1,1,NULL,NULL,0,NULL,'123232.00','12.00','2012-01-26 00:12:00','2012-01-26 00:12:00',109,22,'12','22',NULL),
 (20,'2012-01-26 00:12:00',-1,-1,-1,1,NULL,NULL,0,NULL,'123232.00','12.00','2012-01-26 00:12:00','2012-01-26 00:12:00',109,22,'12','22',NULL),
 (21,'2012-01-26 00:12:00',-1,-1,-1,1,NULL,NULL,0,NULL,'11111.00','11111.00','2013-01-02 00:01:00','2012-01-26 00:12:00',110,11,'111112','1111',NULL),
 (22,'2012-01-26 00:12:00',-1,-1,-1,1,NULL,NULL,0,NULL,'2233.00','122.00','2012-01-26 00:12:00','2013-01-29 00:01:00',111,2,'12122','1223',NULL),
 (23,'2013-01-04 00:01:00',1,-1,-1,1,NULL,NULL,-1,NULL,'110000000.00',NULL,'2013-01-04 00:01:00','2013-01-04 00:01:00',116,NULL,'','',NULL);
/*!40000 ALTER TABLE `crm_eassure` ENABLE KEYS */;


--
-- Definition of table `crm_ebank`
--

DROP TABLE IF EXISTS `crm_ebank`;
CREATE TABLE `crm_ebank` (
  `id` bigint(20) NOT NULL AUTO_INCREMENT,
  `createTime` datetime NOT NULL,
  `creator` bigint(20) NOT NULL,
  `deptId` bigint(20) NOT NULL,
  `empId` bigint(20) DEFAULT NULL,
  `isenabled` tinyint(4) NOT NULL,
  `modifier` bigint(20) DEFAULT NULL,
  `modifytime` datetime DEFAULT NULL,
  `orgid` bigint(20) NOT NULL,
  `remark` varchar(200) DEFAULT NULL,
  `account` varchar(25) NOT NULL,
  `accountType` int(11) NOT NULL,
  `balance` decimal(19,2) DEFAULT NULL,
  `bankOrg` varchar(50) DEFAULT NULL,
  `ecustomerId` bigint(20) NOT NULL,
  `orderDate` datetime DEFAULT NULL,
  `setAmount` decimal(19,2) DEFAULT NULL,
  PRIMARY KEY (`id`)
) ENGINE=InnoDB AUTO_INCREMENT=5 DEFAULT CHARSET=utf8;

--
-- Dumping data for table `crm_ebank`
--

/*!40000 ALTER TABLE `crm_ebank` DISABLE KEYS */;
INSERT INTO `crm_ebank` (`id`,`createTime`,`creator`,`deptId`,`empId`,`isenabled`,`modifier`,`modifytime`,`orgid`,`remark`,`account`,`accountType`,`balance`,`bankOrg`,`ecustomerId`,`orderDate`,`setAmount`) VALUES 
 (1,'2012-01-26 00:12:00',-1,-1,NULL,1,-1,'2012-01-26 00:12:00',0,'','123466899444',1,'3333.00','',84,'2012-01-12 00:01:00','22222.00'),
 (2,'2012-01-26 00:12:00',-1,-1,NULL,1,-1,'2012-01-26 00:12:00',0,'','334454',2,'5555.00','',84,'2012-01-06 00:01:00','33333.00'),
 (3,'2012-01-27 00:12:00',-1,-1,-1,1,NULL,NULL,0,'','334444',1,'4444455.00','',114,'2012-01-27 00:12:00','44444.00'),
 (4,'2013-01-04 00:01:00',1,-1,-1,1,NULL,NULL,-1,NULL,'456788',1,NULL,'',116,NULL,NULL);
/*!40000 ALTER TABLE `crm_ebank` ENABLE KEYS */;


--
-- Definition of table `crm_ebankborr`
--

DROP TABLE IF EXISTS `crm_ebankborr`;
CREATE TABLE `crm_ebankborr` (
  `id` bigint(20) NOT NULL AUTO_INCREMENT,
  `createTime` datetime NOT NULL,
  `creator` bigint(20) NOT NULL,
  `deptId` bigint(20) NOT NULL,
  `empId` bigint(20) DEFAULT NULL,
  `isenabled` tinyint(4) NOT NULL,
  `modifier` bigint(20) DEFAULT NULL,
  `modifytime` datetime DEFAULT NULL,
  `orgid` bigint(20) NOT NULL,
  `remark` varchar(200) DEFAULT NULL,
  `amount` decimal(19,2) NOT NULL,
  `asstype` varchar(80) DEFAULT NULL,
  `creditBreed` varchar(80) DEFAULT NULL,
  `ecustomerId` bigint(20) NOT NULL,
  `limits` varchar(10) NOT NULL,
  `name` varchar(50) NOT NULL,
  `result` varchar(100) DEFAULT NULL,
  PRIMARY KEY (`id`)
) ENGINE=InnoDB AUTO_INCREMENT=5 DEFAULT CHARSET=utf8;

--
-- Dumping data for table `crm_ebankborr`
--

/*!40000 ALTER TABLE `crm_ebankborr` DISABLE KEYS */;
INSERT INTO `crm_ebankborr` (`id`,`createTime`,`creator`,`deptId`,`empId`,`isenabled`,`modifier`,`modifytime`,`orgid`,`remark`,`amount`,`asstype`,`creditBreed`,`ecustomerId`,`limits`,`name`,`result`) VALUES 
 (1,'2012-01-26 00:12:00',-1,-1,NULL,1,-1,'2012-01-26 00:12:00',0,NULL,'100000.00',NULL,NULL,82,'1','',NULL),
 (2,'2012-01-26 00:12:00',-1,-1,NULL,1,-1,'2012-01-26 00:12:00',0,NULL,'100000.00',NULL,NULL,82,'1','',NULL),
 (3,'2012-01-26 00:12:00',-1,-1,NULL,1,-1,'2012-01-26 00:12:00',0,NULL,'11110.00',NULL,NULL,82,'33','',NULL),
 (4,'2013-01-04 00:01:00',1,-1,-1,1,NULL,NULL,-1,NULL,'100000.00',NULL,NULL,116,'1','',NULL);
/*!40000 ALTER TABLE `crm_ebankborr` ENABLE KEYS */;


--
-- Definition of table `crm_eclass`
--

DROP TABLE IF EXISTS `crm_eclass`;
CREATE TABLE `crm_eclass` (
  `id` bigint(20) NOT NULL AUTO_INCREMENT,
  `createTime` datetime NOT NULL,
  `creator` bigint(20) NOT NULL,
  `deptId` bigint(20) NOT NULL,
  `empId` bigint(20) DEFAULT NULL,
  `isenabled` tinyint(4) NOT NULL,
  `modifier` bigint(20) DEFAULT NULL,
  `modifytime` datetime DEFAULT NULL,
  `orgid` bigint(20) NOT NULL,
  `remark` varchar(200) DEFAULT NULL,
  `Tel` varchar(20) DEFAULT NULL,
  `birthday` datetime NOT NULL,
  `cardNumer` varchar(20) NOT NULL,
  `cardType` bigint(20) NOT NULL,
  `degree` bigint(20) DEFAULT NULL,
  `ecustomerId` bigint(20) NOT NULL,
  `fugleName` varchar(30) NOT NULL,
  `hometown` bigint(20) DEFAULT NULL,
  `incomeTime` datetime DEFAULT NULL,
  `isMember` int(11) DEFAULT NULL,
  `job` varchar(20) DEFAULT NULL,
  `nation` bigint(20) DEFAULT NULL,
  `phone` varchar(20) DEFAULT NULL,
  `sex` int(11) NOT NULL,
  PRIMARY KEY (`id`)
) ENGINE=InnoDB AUTO_INCREMENT=4 DEFAULT CHARSET=utf8;

--
-- Dumping data for table `crm_eclass`
--

/*!40000 ALTER TABLE `crm_eclass` DISABLE KEYS */;
INSERT INTO `crm_eclass` (`id`,`createTime`,`creator`,`deptId`,`empId`,`isenabled`,`modifier`,`modifytime`,`orgid`,`remark`,`Tel`,`birthday`,`cardNumer`,`cardType`,`degree`,`ecustomerId`,`fugleName`,`hometown`,`incomeTime`,`isMember`,`job`,`nation`,`phone`,`sex`) VALUES 
 (1,'2012-01-26 00:12:00',-1,-1,-1,1,NULL,NULL,0,'444','222','2012-01-26 00:12:00','333',8,17,96,'ww',15,'2012-01-12 00:12:00',0,'ww',16,'44',0),
 (2,'2012-01-26 00:12:00',-1,-1,-1,-1,NULL,NULL,0,NULL,NULL,'2012-01-04 00:12:00','44',8,NULL,97,'rr',NULL,NULL,0,NULL,NULL,NULL,0),
 (3,'2013-01-04 00:01:00',1,-1,-1,1,NULL,NULL,-1,NULL,NULL,'2013-01-04 00:01:00','421181198412121541',7,NULL,116,'',NULL,NULL,1,NULL,NULL,NULL,1);
/*!40000 ALTER TABLE `crm_eclass` ENABLE KEYS */;


--
-- Definition of table `crm_ecustomer`
--

DROP TABLE IF EXISTS `crm_ecustomer`;
CREATE TABLE `crm_ecustomer` (
  `id` bigint(20) NOT NULL AUTO_INCREMENT,
  `createTime` datetime NOT NULL,
  `creator` bigint(20) NOT NULL,
  `deptId` bigint(20) NOT NULL,
  `empId` bigint(20) DEFAULT NULL,
  `isenabled` tinyint(4) NOT NULL,
  `modifier` bigint(20) DEFAULT NULL,
  `modifytime` datetime DEFAULT NULL,
  `orgid` bigint(20) NOT NULL,
  `remark` varchar(200) DEFAULT NULL,
  `address` varchar(200) DEFAULT NULL,
  `areaNumber` varchar(30) DEFAULT NULL,
  `baseId` bigint(20) NOT NULL,
  `comeTime` datetime DEFAULT NULL,
  `contactor` varchar(30) DEFAULT NULL,
  `contacttel` varchar(20) DEFAULT NULL,
  `currency` bigint(20) DEFAULT NULL,
  `email` varchar(30) DEFAULT NULL,
  `empCount` int(11) DEFAULT NULL,
  `fax` varchar(20) DEFAULT NULL,
  `finaIdCard` varchar(20) DEFAULT NULL,
  `finaManager` varchar(30) DEFAULT NULL,
  `finaTel` varchar(20) DEFAULT NULL,
  `incapital` decimal(19,2) DEFAULT NULL,
  `insCount` int(11) DEFAULT NULL,
  `kind` bigint(20) DEFAULT NULL,
  `legalIdCard` varchar(20) DEFAULT NULL,
  `legalMan` varchar(30) DEFAULT NULL,
  `legalTel` varchar(20) DEFAULT NULL,
  `licence` varchar(30) DEFAULT NULL,
  `licencedate` datetime DEFAULT NULL,
  `loanBank` varchar(100) DEFAULT NULL,
  `loanLog` varchar(10) DEFAULT NULL,
  `loanNumber` varchar(30) DEFAULT NULL,
  `managerIdCard` varchar(20) DEFAULT NULL,
  `managerName` varchar(30) DEFAULT NULL,
  `managerTel` varchar(20) DEFAULT NULL,
  `manamount` int(11) DEFAULT NULL,
  `mnemonic` varchar(20) DEFAULT NULL,
  `name` varchar(100) NOT NULL,
  `orgcode` varchar(20) NOT NULL,
  `patentNumber` varchar(30) DEFAULT NULL,
  `phone` varchar(30) DEFAULT NULL,
  `regaddress` varchar(100) DEFAULT NULL,
  `regcapital` decimal(19,2) DEFAULT NULL,
  `registerTime` datetime DEFAULT NULL,
  `regman` bigint(20) DEFAULT NULL,
  `rent` decimal(19,2) DEFAULT NULL,
  `serialNum` varchar(20) DEFAULT NULL,
  `shortName` varchar(50) DEFAULT NULL,
  `state` int(11) NOT NULL,
  `taxNumber` varchar(30) DEFAULT NULL,
  `tradNumber` varchar(50) NOT NULL,
  `trade` bigint(20) DEFAULT NULL,
  `url` varchar(100) DEFAULT NULL,
  `zipCode` varchar(10) DEFAULT NULL,
  PRIMARY KEY (`id`)
) ENGINE=InnoDB AUTO_INCREMENT=122 DEFAULT CHARSET=utf8;

--
-- Dumping data for table `crm_ecustomer`
--

/*!40000 ALTER TABLE `crm_ecustomer` DISABLE KEYS */;
INSERT INTO `crm_ecustomer` (`id`,`createTime`,`creator`,`deptId`,`empId`,`isenabled`,`modifier`,`modifytime`,`orgid`,`remark`,`address`,`areaNumber`,`baseId`,`comeTime`,`contactor`,`contacttel`,`currency`,`email`,`empCount`,`fax`,`finaIdCard`,`finaManager`,`finaTel`,`incapital`,`insCount`,`kind`,`legalIdCard`,`legalMan`,`legalTel`,`licence`,`licencedate`,`loanBank`,`loanLog`,`loanNumber`,`managerIdCard`,`managerName`,`managerTel`,`manamount`,`mnemonic`,`name`,`orgcode`,`patentNumber`,`phone`,`regaddress`,`regcapital`,`registerTime`,`regman`,`rent`,`serialNum`,`shortName`,`state`,`taxNumber`,`tradNumber`,`trade`,`url`,`zipCode`) VALUES 
 (120,'2013-01-05 13:08:55',-1,-1,NULL,1,-1,'2013-01-05 00:01:00',0,NULL,NULL,NULL,221,NULL,'',NULL,NULL,NULL,NULL,NULL,NULL,NULL,NULL,NULL,NULL,34,NULL,NULL,NULL,NULL,NULL,NULL,NULL,NULL,NULL,NULL,NULL,NULL,NULL,'','456789',NULL,NULL,NULL,NULL,NULL,NULL,'5000.00','S20130105010849426','',0,NULL,'456789',NULL,NULL,NULL),
 (121,'2013-01-08 17:28:14',36,4,NULL,1,36,'2013-01-08 00:01:00',1,NULL,NULL,NULL,224,NULL,'','02012345678',NULL,NULL,NULL,NULL,NULL,NULL,NULL,NULL,NULL,34,NULL,NULL,NULL,NULL,NULL,NULL,NULL,NULL,NULL,NULL,NULL,NULL,NULL,'','330783000004500',NULL,'18064179084','','30000000.00',NULL,NULL,'0.00','S20130108052805446','',0,NULL,'330783000004500',43,NULL,NULL);
/*!40000 ALTER TABLE `crm_ecustomer` ENABLE KEYS */;


--
-- Definition of table `crm_eeqstruct`
--

DROP TABLE IF EXISTS `crm_eeqstruct`;
CREATE TABLE `crm_eeqstruct` (
  `id` bigint(20) NOT NULL AUTO_INCREMENT,
  `createTime` datetime NOT NULL,
  `creator` bigint(20) NOT NULL,
  `deptId` bigint(20) NOT NULL,
  `empId` bigint(20) DEFAULT NULL,
  `isenabled` tinyint(4) NOT NULL,
  `modifier` bigint(20) DEFAULT NULL,
  `modifytime` datetime DEFAULT NULL,
  `orgid` bigint(20) NOT NULL,
  `remark` varchar(200) DEFAULT NULL,
  `ecustomerId` bigint(20) NOT NULL,
  `inAmount` decimal(19,2) DEFAULT NULL,
  `name` varchar(30) NOT NULL,
  `outType` varchar(50) NOT NULL,
  `percent` decimal(19,2) DEFAULT NULL,
  `storderDate` datetime NOT NULL,
  `percents` double DEFAULT NULL,
  PRIMARY KEY (`id`)
) ENGINE=InnoDB AUTO_INCREMENT=16 DEFAULT CHARSET=utf8;

--
-- Dumping data for table `crm_eeqstruct`
--

/*!40000 ALTER TABLE `crm_eeqstruct` DISABLE KEYS */;
INSERT INTO `crm_eeqstruct` (`id`,`createTime`,`creator`,`deptId`,`empId`,`isenabled`,`modifier`,`modifytime`,`orgid`,`remark`,`ecustomerId`,`inAmount`,`name`,`outType`,`percent`,`storderDate`,`percents`) VALUES 
 (1,'2012-01-25 00:12:00',-1,-1,-1,1,NULL,NULL,0,NULL,41,'10.00','','48','25.00','2012-01-11 00:12:00',NULL),
 (2,'2012-01-25 00:12:00',-1,-1,-1,1,NULL,NULL,0,NULL,51,'22.00','33','48','33.00','2012-01-04 00:12:00',NULL),
 (3,'2012-01-25 00:12:00',-1,-1,-1,1,NULL,NULL,0,NULL,51,'22.00','33','47','33.00','2012-01-04 00:12:00',NULL),
 (4,'2012-01-25 00:12:00',-1,-1,-1,1,NULL,NULL,0,'xxx',57,'33.00','ww','49','33.00','2012-01-26 00:12:00',NULL),
 (5,'2012-01-25 00:12:00',-1,-1,-1,1,NULL,NULL,0,'xxx',65,'44.00','ee','47','55.00','2012-01-25 00:12:00',NULL),
 (6,'2012-01-26 00:12:00',-1,-1,-1,1,NULL,NULL,0,NULL,67,'44.00','ww','48','55.00','2012-01-18 00:12:00',NULL),
 (7,'2012-01-26 00:12:00',-1,-1,-1,1,NULL,NULL,0,'xxx',69,'66.00','ee','48','77.00','2012-01-13 00:12:00',NULL),
 (8,'2012-01-26 00:12:00',-1,-1,-1,1,NULL,NULL,0,'xxx',69,'66.00','ee','48','77.00','2012-01-13 00:12:00',NULL),
 (9,'2012-01-26 00:12:00',-1,-1,-1,1,NULL,NULL,0,'xxx',69,'66.00','ee','48','77.00','2012-01-13 00:12:00',NULL),
 (10,'2012-01-26 00:12:00',-1,-1,NULL,1,-1,'2012-01-27 00:12:00',0,'xxx',115,'66.00','xxx','48','77.00','2012-01-13 00:01:00',NULL),
 (11,'2012-01-26 00:12:00',-1,-1,-1,-1,NULL,NULL,0,'xxx',69,'66.00','ee','48','77.00','2012-01-13 00:12:00',NULL),
 (12,'2012-01-26 00:12:00',-1,-1,-1,1,NULL,NULL,0,'xx',70,'55.00','44','48','76.00','2012-01-11 00:12:00',NULL),
 (13,'2012-01-26 00:12:00',-1,-1,-1,1,NULL,NULL,0,'xx',70,'55.00','44','48','76.00','2012-01-11 00:12:00',NULL),
 (14,'2012-01-26 00:12:00',-1,-1,-1,1,NULL,NULL,0,NULL,72,'55.00','ee','47','3.20','2012-01-19 00:12:00',NULL),
 (15,'2013-01-04 00:01:00',1,-1,-1,1,NULL,NULL,-1,NULL,116,'1000000.00','','47',NULL,'2013-01-04 00:01:00',NULL);
/*!40000 ALTER TABLE `crm_eeqstruct` ENABLE KEYS */;


--
-- Definition of table `crm_efinance`
--

DROP TABLE IF EXISTS `crm_efinance`;
CREATE TABLE `crm_efinance` (
  `id` bigint(20) NOT NULL AUTO_INCREMENT,
  `createTime` datetime NOT NULL,
  `creator` bigint(20) NOT NULL,
  `deptId` bigint(20) NOT NULL,
  `empId` bigint(20) DEFAULT NULL,
  `isenabled` tinyint(4) NOT NULL,
  `modifier` bigint(20) DEFAULT NULL,
  `modifytime` datetime DEFAULT NULL,
  `orgid` bigint(20) NOT NULL,
  `remark` varchar(200) DEFAULT NULL,
  `ecustomerId` bigint(20) DEFAULT NULL,
  `endDate` datetime NOT NULL,
  `hasBalance` tinyint(4) NOT NULL,
  `hasCash` tinyint(4) NOT NULL,
  `hasProfit` tinyint(4) NOT NULL,
  `reportType` int(11) NOT NULL,
  PRIMARY KEY (`id`)
) ENGINE=InnoDB DEFAULT CHARSET=utf8;

--
-- Dumping data for table `crm_efinance`
--

/*!40000 ALTER TABLE `crm_efinance` DISABLE KEYS */;
/*!40000 ALTER TABLE `crm_efinance` ENABLE KEYS */;


--
-- Definition of table `crm_eownerborr`
--

DROP TABLE IF EXISTS `crm_eownerborr`;
CREATE TABLE `crm_eownerborr` (
  `id` bigint(20) NOT NULL AUTO_INCREMENT,
  `createTime` datetime NOT NULL,
  `creator` bigint(20) NOT NULL,
  `deptId` bigint(20) NOT NULL,
  `empId` bigint(20) DEFAULT NULL,
  `isenabled` tinyint(4) NOT NULL,
  `modifier` bigint(20) DEFAULT NULL,
  `modifytime` datetime DEFAULT NULL,
  `orgid` bigint(20) NOT NULL,
  `remark` varchar(200) DEFAULT NULL,
  `amount` decimal(19,2) NOT NULL,
  `asstype` varchar(80) DEFAULT NULL,
  `creditBreed` varchar(80) DEFAULT NULL,
  `ecustomerId` bigint(20) NOT NULL,
  `limits` varchar(10) NOT NULL,
  `name` varchar(50) NOT NULL,
  `onwer` varchar(50) NOT NULL,
  `onwerType` bigint(20) NOT NULL,
  `result` varchar(100) DEFAULT NULL,
  PRIMARY KEY (`id`)
) ENGINE=InnoDB AUTO_INCREMENT=14 DEFAULT CHARSET=utf8;

--
-- Dumping data for table `crm_eownerborr`
--

/*!40000 ALTER TABLE `crm_eownerborr` DISABLE KEYS */;
INSERT INTO `crm_eownerborr` (`id`,`createTime`,`creator`,`deptId`,`empId`,`isenabled`,`modifier`,`modifytime`,`orgid`,`remark`,`amount`,`asstype`,`creditBreed`,`ecustomerId`,`limits`,`name`,`onwer`,`onwerType`,`result`) VALUES 
 (1,'2012-01-26 00:12:00',-1,-1,-1,1,NULL,NULL,0,NULL,'33.00',NULL,NULL,88,'444','ttt','rr',45,NULL),
 (2,'2012-01-26 00:12:00',-1,-1,-1,1,NULL,NULL,0,'xxx','33.00','xx','xx',88,'444','ttt','rr',46,'xx'),
 (3,'2012-01-26 00:12:00',-1,-1,-1,-1,NULL,NULL,0,'ww','65675.00','ww','ww',89,'777','uu','88',45,'ww'),
 (4,'2012-01-26 00:12:00',-1,-1,NULL,1,-1,'2012-01-26 00:12:00',0,'ww','65675.00','ww','ww',90,'777','uu','88',45,'ww'),
 (5,'2012-01-26 00:12:00',-1,-1,-1,1,NULL,NULL,0,'ww','65675.00','ww','ww',89,'777','uu','88',45,'ww'),
 (6,'2012-01-26 00:12:00',-1,-1,-1,1,NULL,NULL,0,'','1000.00','','',91,'','','',44,''),
 (7,'2012-01-26 00:12:00',-1,-1,-1,1,NULL,NULL,0,NULL,'4444.00',NULL,'ww',92,'555','rr','ee',44,NULL),
 (8,'2012-01-26 00:12:00',-1,-1,-1,1,NULL,NULL,0,NULL,'55.00',NULL,NULL,93,'55','55','33',44,NULL),
 (9,'2012-01-26 00:12:00',-1,-1,-1,1,NULL,NULL,0,NULL,'444.00',NULL,NULL,94,'666','rr','ee',44,NULL),
 (10,'2012-01-26 00:12:00',-1,-1,-1,1,NULL,NULL,0,NULL,'444.00',NULL,NULL,95,'666','rr','ee',44,NULL),
 (11,'2012-01-26 00:12:00',-1,-1,-1,1,NULL,NULL,0,NULL,'444.00',NULL,NULL,95,'666','rr','ee',44,NULL),
 (12,'2012-01-26 00:12:00',-1,-1,-1,1,NULL,NULL,0,NULL,'444.00',NULL,NULL,95,'666','rr','ee',46,NULL),
 (13,'2013-01-04 00:01:00',1,-1,-1,1,NULL,NULL,-1,NULL,'10000.00',NULL,NULL,116,'1','','xxx',44,NULL);
/*!40000 ALTER TABLE `crm_eownerborr` ENABLE KEYS */;


--
-- Definition of table `crm_estate`
--

DROP TABLE IF EXISTS `crm_estate`;
CREATE TABLE `crm_estate` (
  `id` bigint(20) NOT NULL AUTO_INCREMENT,
  `createTime` datetime NOT NULL,
  `creator` bigint(20) NOT NULL,
  `deptId` bigint(20) NOT NULL,
  `empId` bigint(20) DEFAULT NULL,
  `isenabled` tinyint(4) NOT NULL,
  `modifier` bigint(20) DEFAULT NULL,
  `modifytime` datetime DEFAULT NULL,
  `orgid` bigint(20) NOT NULL,
  `remark` varchar(200) DEFAULT NULL,
  `address` varchar(200) NOT NULL,
  `area` double DEFAULT NULL,
  `buyDate` datetime NOT NULL,
  `buyType` int(11) NOT NULL,
  `contributions` decimal(19,2) DEFAULT NULL,
  `customerId` bigint(20) NOT NULL,
  `houseYear` int(11) DEFAULT NULL,
  `installments` int(11) DEFAULT NULL,
  `loanAmount` decimal(19,2) DEFAULT NULL,
  `loanYear` varchar(10) DEFAULT NULL,
  `mortBank` varchar(100) DEFAULT NULL,
  `price` decimal(19,2) DEFAULT NULL,
  `runtime` varchar(10) DEFAULT NULL,
  `supCount` int(11) DEFAULT NULL,
  `totalInstall` int(11) DEFAULT NULL,
  `whoLived` varchar(50) DEFAULT NULL,
  `zAmount` decimal(19,2) DEFAULT NULL,
  PRIMARY KEY (`id`)
) ENGINE=InnoDB AUTO_INCREMENT=19 DEFAULT CHARSET=utf8;

--
-- Dumping data for table `crm_estate`
--

/*!40000 ALTER TABLE `crm_estate` DISABLE KEYS */;
INSERT INTO `crm_estate` (`id`,`createTime`,`creator`,`deptId`,`empId`,`isenabled`,`modifier`,`modifytime`,`orgid`,`remark`,`address`,`area`,`buyDate`,`buyType`,`contributions`,`customerId`,`houseYear`,`installments`,`loanAmount`,`loanYear`,`mortBank`,`price`,`runtime`,`supCount`,`totalInstall`,`whoLived`,`zAmount`) VALUES 
 (17,'2012-01-28 00:12:00',-1,-1,-1,1,NULL,NULL,0,NULL,'',150,'2012-01-28 00:12:00',1,'5000.00',327,2012,20,'500000.00','10','','100.00','10',5,42,NULL,'50000.00'),
 (18,'2013-01-02 00:01:00',-1,-1,-1,1,NULL,NULL,0,NULL,'',150,'2013-01-02 00:01:00',0,NULL,331,2000,NULL,NULL,NULL,NULL,NULL,NULL,NULL,NULL,NULL,NULL);
/*!40000 ALTER TABLE `crm_estate` ENABLE KEYS */;


--
-- Definition of table `crm_work`
--

DROP TABLE IF EXISTS `crm_work`;
CREATE TABLE `crm_work` (
  `id` bigint(20) NOT NULL AUTO_INCREMENT,
  `createTime` datetime NOT NULL,
  `creator` bigint(20) NOT NULL,
  `deptId` bigint(20) NOT NULL,
  `empId` bigint(20) DEFAULT NULL,
  `isenabled` tinyint(4) NOT NULL,
  `modifier` bigint(20) DEFAULT NULL,
  `modifytime` datetime DEFAULT NULL,
  `orgid` bigint(20) NOT NULL,
  `remark` varchar(200) DEFAULT NULL,
  `address` varchar(200) DEFAULT NULL,
  `customerId` bigint(20) NOT NULL,
  `dept` varchar(100) NOT NULL,
  `fax` varchar(20) DEFAULT NULL,
  `income` decimal(19,2) NOT NULL,
  `industry` varchar(50) DEFAULT NULL,
  `job` varchar(50) NOT NULL,
  `nature` bigint(20) DEFAULT NULL,
  `orgName` varchar(100) NOT NULL,
  `payDay` int(11) DEFAULT NULL,
  `payment` varchar(50) DEFAULT NULL,
  `syears` int(11) NOT NULL,
  `tel` varchar(20) DEFAULT NULL,
  `url` varchar(100) DEFAULT NULL,
  `zipcode` varchar(10) DEFAULT NULL,
  PRIMARY KEY (`id`)
) ENGINE=InnoDB AUTO_INCREMENT=10 DEFAULT CHARSET=utf8;

--
-- Dumping data for table `crm_work`
--

/*!40000 ALTER TABLE `crm_work` DISABLE KEYS */;
INSERT INTO `crm_work` (`id`,`createTime`,`creator`,`deptId`,`empId`,`isenabled`,`modifier`,`modifytime`,`orgid`,`remark`,`address`,`customerId`,`dept`,`fax`,`income`,`industry`,`job`,`nature`,`orgName`,`payDay`,`payment`,`syears`,`tel`,`url`,`zipcode`) VALUES 
 (8,'2012-01-28 00:12:00',-1,-1,-1,1,NULL,NULL,0,NULL,'',327,'',NULL,'2500.00','IT','',34,'',10,'',1,NULL,NULL,'438304'),
 (9,'2013-01-02 00:01:00',-1,-1,-1,1,NULL,NULL,0,NULL,NULL,331,'',NULL,'6000.00',NULL,'',NULL,'',NULL,NULL,1,NULL,NULL,NULL);
/*!40000 ALTER TABLE `crm_work` ENABLE KEYS */;


--
-- Definition of table `fc_apply`
--

DROP TABLE IF EXISTS `fc_apply`;
CREATE TABLE `fc_apply` (
  `id` bigint(20) NOT NULL AUTO_INCREMENT,
  `createTime` datetime NOT NULL,
  `creator` bigint(20) NOT NULL,
  `deptId` bigint(20) NOT NULL,
  `empId` bigint(20) DEFAULT NULL,
  `isenabled` tinyint(4) NOT NULL,
  `modifier` bigint(20) DEFAULT NULL,
  `modifytime` datetime DEFAULT NULL,
  `orgid` bigint(20) NOT NULL,
  `remark` varchar(200) DEFAULT NULL,
  `appAmount` decimal(19,2) NOT NULL,
  `appdate` datetime DEFAULT NULL,
  `arate` double DEFAULT NULL,
  `breed` bigint(20) NOT NULL,
  `code` varchar(20) NOT NULL,
  `custType` int(11) NOT NULL,
  `customerId` bigint(20) NOT NULL,
  `dayLoan` varchar(50) NOT NULL,
  `frate` double DEFAULT NULL,
  `inType` bigint(20) NOT NULL,
  `isadvance` int(11) DEFAULT NULL,
  `limitType` bigint(20) NOT NULL,
  `loanMain` bigint(20) NOT NULL,
  `loanType` varchar(30) NOT NULL,
  `manager` bigint(20) DEFAULT NULL,
  `mgrtype` int(11) DEFAULT NULL,
  `monthLoan` int(11) NOT NULL,
  `mrate` double DEFAULT NULL,
  `payType` bigint(20) NOT NULL,
  `payremark` varchar(255) DEFAULT NULL,
  `prate` double DEFAULT NULL,
  `procId` varchar(20) DEFAULT NULL,
  `rate` double NOT NULL,
  `rateType` int(11) NOT NULL,
  `reason` varchar(255) DEFAULT NULL,
  `referrals` varchar(50) DEFAULT NULL,
  `sourceType` bigint(20) DEFAULT NULL,
  `urate` double DEFAULT NULL,
  `yearLoan` int(11) NOT NULL,
  `state` int(11) NOT NULL,
  `phAmount` double NOT NULL,
  PRIMARY KEY (`id`)
) ENGINE=InnoDB AUTO_INCREMENT=12 DEFAULT CHARSET=utf8;

--
-- Dumping data for table `fc_apply`
--

/*!40000 ALTER TABLE `fc_apply` DISABLE KEYS */;
INSERT INTO `fc_apply` (`id`,`createTime`,`creator`,`deptId`,`empId`,`isenabled`,`modifier`,`modifytime`,`orgid`,`remark`,`appAmount`,`appdate`,`arate`,`breed`,`code`,`custType`,`customerId`,`dayLoan`,`frate`,`inType`,`isadvance`,`limitType`,`loanMain`,`loanType`,`manager`,`mgrtype`,`monthLoan`,`mrate`,`payType`,`payremark`,`prate`,`procId`,`rate`,`rateType`,`reason`,`referrals`,`sourceType`,`urate`,`yearLoan`,`state`,`phAmount`) VALUES 
 (9,'2012-01-29 00:12:00',1,-1,NULL,1,1,'2013-01-05 00:01:00',-1,NULL,'300000.00','2012-01-29 00:01:00',0,70,'[object Object]',0,327,'10',0,56,1,68,50,'61',1,1,10,3,1,NULL,10,'3001',6,0,NULL,NULL,71,2,10,15,10),
 (10,'2012-01-29 00:12:00',1,-1,NULL,-1,1,'2012-01-30 00:12:00',-1,NULL,'8500000.00','2012-01-29 00:01:00',0,70,'A2012122909074418',1,116,'0',0,56,0,70,50,'61',1,1,6,5,3,NULL,0,NULL,6,1,NULL,NULL,71,0,1,0,0),
 (11,'2013-01-08 00:01:00',-1,-1,-1,1,NULL,NULL,0,NULL,'90000000.00','2013-01-08 00:01:00',0,70,'A2013010806102420',1,121,'0',0,56,0,70,52,'61',36,1,6,2,2,NULL,0,'3502',8,1,NULL,NULL,NULL,0,3,1,0);
/*!40000 ALTER TABLE `fc_apply` ENABLE KEYS */;


--
-- Definition of table `fc_auditamount`
--

DROP TABLE IF EXISTS `fc_auditamount`;
CREATE TABLE `fc_auditamount` (
  `id` bigint(20) NOT NULL AUTO_INCREMENT,
  `createTime` datetime NOT NULL,
  `creator` bigint(20) NOT NULL,
  `deptId` bigint(20) NOT NULL,
  `empId` bigint(20) DEFAULT NULL,
  `isenabled` tinyint(4) NOT NULL,
  `modifier` bigint(20) DEFAULT NULL,
  `modifytime` datetime DEFAULT NULL,
  `orgid` bigint(20) NOT NULL,
  `remark` varchar(200) DEFAULT NULL,
  `appAmount` decimal(19,2) DEFAULT NULL,
  `arecordId` bigint(20) NOT NULL,
  `dayLoan` int(11) DEFAULT NULL,
  `monthLoan` int(11) DEFAULT NULL,
  `rate` double DEFAULT NULL,
  `rateType` int(11) DEFAULT NULL,
  `yearLoan` int(11) DEFAULT NULL,
  PRIMARY KEY (`id`)
) ENGINE=InnoDB AUTO_INCREMENT=4 DEFAULT CHARSET=utf8;

--
-- Dumping data for table `fc_auditamount`
--

/*!40000 ALTER TABLE `fc_auditamount` DISABLE KEYS */;
INSERT INTO `fc_auditamount` (`id`,`createTime`,`creator`,`deptId`,`empId`,`isenabled`,`modifier`,`modifytime`,`orgid`,`remark`,`appAmount`,`arecordId`,`dayLoan`,`monthLoan`,`rate`,`rateType`,`yearLoan`) VALUES 
 (1,'2013-01-06 21:16:59',32,1,NULL,1,NULL,NULL,1,NULL,'2500000.00',3,NULL,10,7,1,NULL),
 (2,'2013-01-07 18:57:34',32,1,NULL,1,NULL,NULL,1,NULL,'250000.00',29,NULL,10,6.5,1,NULL),
 (3,'2013-01-08 16:18:18',32,1,NULL,1,NULL,NULL,1,NULL,'250000.00',35,NULL,10,6.5,1,NULL);
/*!40000 ALTER TABLE `fc_auditamount` ENABLE KEYS */;


--
-- Definition of table `fc_guacontract`
--

DROP TABLE IF EXISTS `fc_guacontract`;
CREATE TABLE `fc_guacontract` (
  `id` bigint(20) NOT NULL AUTO_INCREMENT,
  `createTime` datetime NOT NULL,
  `creator` bigint(20) NOT NULL,
  `deptId` bigint(20) NOT NULL,
  `empId` bigint(20) DEFAULT NULL,
  `isenabled` tinyint(4) NOT NULL,
  `modifier` bigint(20) DEFAULT NULL,
  `modifytime` datetime DEFAULT NULL,
  `orgid` bigint(20) NOT NULL,
  `remark` varchar(200) DEFAULT NULL,
  `appAmount` decimal(19,2) NOT NULL,
  `assMan` varchar(255) NOT NULL,
  `borrCode` varchar(30) NOT NULL,
  `clause` varchar(255) NOT NULL,
  `code` varchar(20) NOT NULL,
  `endDate` datetime NOT NULL,
  `formId` bigint(20) NOT NULL,
  `guarantorIds` varchar(255) DEFAULT NULL,
  `loanConId` bigint(20) NOT NULL,
  `rate` double DEFAULT NULL,
  `sdate` datetime NOT NULL,
  `startDate` datetime NOT NULL,
  PRIMARY KEY (`id`)
) ENGINE=InnoDB DEFAULT CHARSET=utf8;

--
-- Dumping data for table `fc_guacontract`
--

/*!40000 ALTER TABLE `fc_guacontract` DISABLE KEYS */;
/*!40000 ALTER TABLE `fc_guacontract` ENABLE KEYS */;


--
-- Definition of table `fc_loancontract`
--

DROP TABLE IF EXISTS `fc_loancontract`;
CREATE TABLE `fc_loancontract` (
  `id` bigint(20) NOT NULL AUTO_INCREMENT,
  `createTime` datetime NOT NULL,
  `creator` bigint(20) NOT NULL,
  `deptId` bigint(20) NOT NULL,
  `empId` bigint(20) DEFAULT NULL,
  `isenabled` tinyint(4) NOT NULL,
  `modifier` bigint(20) DEFAULT NULL,
  `modifytime` datetime DEFAULT NULL,
  `orgid` bigint(20) NOT NULL,
  `remark` varchar(200) DEFAULT NULL,
  `accName` varchar(50) NOT NULL,
  `appAmount` decimal(19,2) NOT NULL,
  `arate` double NOT NULL,
  `borAccount` varchar(50) NOT NULL,
  `borBank` varchar(50) NOT NULL,
  `clause` varchar(255) DEFAULT NULL,
  `code` varchar(20) NOT NULL,
  `dayLoan` int(11) NOT NULL,
  `doDate` datetime DEFAULT NULL,
  `endDate` datetime NOT NULL,
  `formId` bigint(20) NOT NULL,
  `frate` double NOT NULL,
  `isadvance` int(11) NOT NULL,
  `mgrtype` int(11) NOT NULL,
  `monthLoan` int(11) NOT NULL,
  `mrate` double NOT NULL,
  `payAccount` varchar(50) NOT NULL,
  `payBank` varchar(50) NOT NULL,
  `payDate` datetime NOT NULL,
  `payDay` int(11) NOT NULL,
  `payType` bigint(20) NOT NULL,
  `prate` double NOT NULL,
  `rate` double NOT NULL,
  `rateType` int(11) NOT NULL,
  `urate` double NOT NULL,
  `yearLoan` int(11) NOT NULL,
  `phAmount` double NOT NULL,
  PRIMARY KEY (`id`)
) ENGINE=InnoDB AUTO_INCREMENT=25 DEFAULT CHARSET=utf8;

--
-- Dumping data for table `fc_loancontract`
--

/*!40000 ALTER TABLE `fc_loancontract` DISABLE KEYS */;
INSERT INTO `fc_loancontract` (`id`,`createTime`,`creator`,`deptId`,`empId`,`isenabled`,`modifier`,`modifytime`,`orgid`,`remark`,`accName`,`appAmount`,`arate`,`borAccount`,`borBank`,`clause`,`code`,`dayLoan`,`doDate`,`endDate`,`formId`,`frate`,`isadvance`,`mgrtype`,`monthLoan`,`mrate`,`payAccount`,`payBank`,`payDate`,`payDay`,`payType`,`prate`,`rate`,`rateType`,`urate`,`yearLoan`,`phAmount`) VALUES 
 (23,'2013-01-13 00:01:00',1,-1,-1,-1,NULL,NULL,-1,NULL,'zz','300000.00',0,'zz','zz','zz','L2013011302563200',10,'2013-01-24 00:01:00','2013-01-13 00:01:00',9,0,1,1,10,3,'zz','zz','2013-01-13 00:01:00',22,1,10,6,0,2,10,10);
/*!40000 ALTER TABLE `fc_loancontract` ENABLE KEYS */;


--
-- Definition of table `fc_mortcontract`
--

DROP TABLE IF EXISTS `fc_mortcontract`;
CREATE TABLE `fc_mortcontract` (
  `id` bigint(20) NOT NULL AUTO_INCREMENT,
  `createTime` datetime NOT NULL,
  `creator` bigint(20) NOT NULL,
  `deptId` bigint(20) NOT NULL,
  `empId` bigint(20) DEFAULT NULL,
  `isenabled` tinyint(4) NOT NULL,
  `modifier` bigint(20) DEFAULT NULL,
  `modifytime` datetime DEFAULT NULL,
  `orgid` bigint(20) NOT NULL,
  `remark` varchar(200) DEFAULT NULL,
  `appAmount` decimal(19,2) NOT NULL,
  `assMan` varchar(50) NOT NULL,
  `borrCode` varchar(30) NOT NULL,
  `clause` varchar(255) DEFAULT NULL,
  `code` varchar(20) NOT NULL,
  `endDate` datetime NOT NULL,
  `formId` bigint(20) NOT NULL,
  `loanConId` bigint(20) NOT NULL,
  `ownerNums` varchar(30) DEFAULT NULL,
  `pleIds` varchar(150) NOT NULL,
  `rate` double DEFAULT NULL,
  `sdate` datetime NOT NULL,
  `startDate` datetime NOT NULL,
  `conAmount` varchar(255) NOT NULL,
  `pleman` varchar(255) NOT NULL,
  PRIMARY KEY (`id`)
) ENGINE=InnoDB DEFAULT CHARSET=utf8;

--
-- Dumping data for table `fc_mortcontract`
--

/*!40000 ALTER TABLE `fc_mortcontract` DISABLE KEYS */;
/*!40000 ALTER TABLE `fc_mortcontract` ENABLE KEYS */;


--
-- Definition of table `fc_mortgage`
--

DROP TABLE IF EXISTS `fc_mortgage`;
CREATE TABLE `fc_mortgage` (
  `id` bigint(20) NOT NULL AUTO_INCREMENT,
  `createTime` datetime NOT NULL,
  `creator` bigint(20) NOT NULL,
  `deptId` bigint(20) NOT NULL,
  `empId` bigint(20) DEFAULT NULL,
  `isenabled` tinyint(4) NOT NULL,
  `modifier` bigint(20) DEFAULT NULL,
  `modifytime` datetime DEFAULT NULL,
  `orgid` bigint(20) NOT NULL,
  `remark` varchar(200) DEFAULT NULL,
  `address` varchar(150) DEFAULT NULL,
  `carrMan` varchar(30) DEFAULT NULL,
  `carrTime` datetime DEFAULT NULL,
  `charMan` varchar(30) DEFAULT NULL,
  `charTime` datetime DEFAULT NULL,
  `conTel` varchar(20) DEFAULT NULL,
  `formId` bigint(20) NOT NULL,
  `gtype` bigint(20) NOT NULL,
  `mman` varchar(30) DEFAULT NULL,
  `morTime` datetime DEFAULT NULL,
  `mpVal` decimal(19,2) NOT NULL,
  `name` varchar(60) NOT NULL,
  `oldVal` decimal(19,2) NOT NULL,
  `quantity` int(11) NOT NULL,
  `state` int(11) DEFAULT NULL,
  `unint` varchar(20) DEFAULT NULL,
  PRIMARY KEY (`id`)
) ENGINE=InnoDB AUTO_INCREMENT=4 DEFAULT CHARSET=utf8;

--
-- Dumping data for table `fc_mortgage`
--

/*!40000 ALTER TABLE `fc_mortgage` DISABLE KEYS */;
INSERT INTO `fc_mortgage` (`id`,`createTime`,`creator`,`deptId`,`empId`,`isenabled`,`modifier`,`modifytime`,`orgid`,`remark`,`address`,`carrMan`,`carrTime`,`charMan`,`charTime`,`conTel`,`formId`,`gtype`,`mman`,`morTime`,`mpVal`,`name`,`oldVal`,`quantity`,`state`,`unint`) VALUES 
 (1,'2013-01-07 00:01:00',1,-1,NULL,1,1,'2013-01-14 00:01:00',-1,'xxx','xx',NULL,NULL,NULL,NULL,'222',-1,79,'xxx','2013-01-23 00:01:00','44.00','xx','33.00',2,NULL,''),
 (2,'2013-01-07 00:01:00',1,-1,NULL,1,1,'2013-01-14 00:01:00',-1,'xxx','xxwww',NULL,NULL,NULL,NULL,NULL,-1,80,'','2013-01-07 00:01:00','1000000.00','','1000000.00',2,NULL,''),
 (3,'2013-01-07 00:01:00',1,-1,-1,1,NULL,NULL,-1,NULL,NULL,NULL,NULL,NULL,NULL,NULL,-1,81,'',NULL,'0.00','','0.00',1,NULL,'');
/*!40000 ALTER TABLE `fc_mortgage` ENABLE KEYS */;


--
-- Definition of table `fc_order`
--

DROP TABLE IF EXISTS `fc_order`;
CREATE TABLE `fc_order` (
  `id` bigint(20) NOT NULL AUTO_INCREMENT,
  `createTime` datetime NOT NULL,
  `creator` bigint(20) NOT NULL,
  `deptId` bigint(20) NOT NULL,
  `empId` bigint(20) DEFAULT NULL,
  `isenabled` tinyint(4) NOT NULL,
  `modifier` bigint(20) DEFAULT NULL,
  `modifytime` datetime DEFAULT NULL,
  `orgid` bigint(20) NOT NULL,
  `remark` varchar(200) DEFAULT NULL,
  `code` varchar(20) NOT NULL,
  `level` int(11) NOT NULL,
  `name` varchar(30) NOT NULL,
  `orders` int(11) NOT NULL,
  PRIMARY KEY (`id`)
) ENGINE=InnoDB AUTO_INCREMENT=6 DEFAULT CHARSET=utf8;

--
-- Dumping data for table `fc_order`
--

/*!40000 ALTER TABLE `fc_order` DISABLE KEYS */;
INSERT INTO `fc_order` (`id`,`createTime`,`creator`,`deptId`,`empId`,`isenabled`,`modifier`,`modifytime`,`orgid`,`remark`,`code`,`level`,`name`,`orders`) VALUES 
 (1,'2012-01-22 00:12:00',-1,-1,-1,-1,NULL,NULL,0,NULL,'O2012122208532700',1,'122',1),
 (2,'2012-01-22 00:12:00',-1,-1,-1,1,NULL,NULL,0,NULL,'O2012122208592102',1,'www',1),
 (3,'2012-01-22 00:12:00',-1,-1,NULL,1,-1,'2012-01-23 00:12:00',0,NULL,'O2012122209073904',2,'eweww',1),
 (4,'2012-01-22 00:12:00',-1,-1,NULL,-1,-1,'2012-01-23 00:12:00',0,NULL,'O2012122209082506',1,'ww',1),
 (5,'2012-01-22 00:12:00',-1,-1,-1,-1,NULL,NULL,0,NULL,'O2012122209163708',1,'222',1);
/*!40000 ALTER TABLE `fc_order` ENABLE KEYS */;


--
-- Definition of table `fc_rate`
--

DROP TABLE IF EXISTS `fc_rate`;
CREATE TABLE `fc_rate` (
  `id` bigint(20) NOT NULL AUTO_INCREMENT,
  `createTime` datetime NOT NULL,
  `creator` bigint(20) NOT NULL,
  `deptId` bigint(20) NOT NULL,
  `empId` bigint(20) DEFAULT NULL,
  `isenabled` tinyint(4) NOT NULL,
  `modifier` bigint(20) DEFAULT NULL,
  `modifytime` datetime DEFAULT NULL,
  `orgid` bigint(20) NOT NULL,
  `remark` varchar(200) DEFAULT NULL,
  `bdate` datetime DEFAULT NULL,
  `code` varchar(20) NOT NULL,
  `formulaId` bigint(20) DEFAULT NULL,
  `isFormula` int(11) NOT NULL,
  `limits` int(11) NOT NULL,
  `name` varchar(30) NOT NULL,
  `types` int(11) NOT NULL,
  `val` double NOT NULL,
  PRIMARY KEY (`id`)
) ENGINE=InnoDB AUTO_INCREMENT=4 DEFAULT CHARSET=utf8;

--
-- Dumping data for table `fc_rate`
--

/*!40000 ALTER TABLE `fc_rate` DISABLE KEYS */;
INSERT INTO `fc_rate` (`id`,`createTime`,`creator`,`deptId`,`empId`,`isenabled`,`modifier`,`modifytime`,`orgid`,`remark`,`bdate`,`code`,`formulaId`,`isFormula`,`limits`,`name`,`types`,`val`) VALUES 
 (1,'2012-01-22 00:12:00',-1,-1,-1,-1,NULL,NULL,0,NULL,'2012-01-23 00:12:00','R2012122207500000',NULL,0,2,'',1,0.12),
 (2,'2012-01-22 00:12:00',-1,-1,-1,-1,NULL,NULL,0,NULL,'2012-01-04 00:12:00','R2012122209122202',NULL,1,1,'wwee',1,2),
 (3,'2012-01-22 00:12:00',-1,-1,-1,1,NULL,NULL,0,NULL,'2012-01-13 00:12:00','R2012122209172304',NULL,1,2,'fd',2,23);
/*!40000 ALTER TABLE `fc_rate` ENABLE KEYS */;


--
-- Definition of table `fc_risklevel`
--

DROP TABLE IF EXISTS `fc_risklevel`;
CREATE TABLE `fc_risklevel` (
  `id` bigint(20) NOT NULL AUTO_INCREMENT,
  `createTime` datetime NOT NULL,
  `creator` bigint(20) NOT NULL,
  `deptId` bigint(20) NOT NULL,
  `empId` bigint(20) DEFAULT NULL,
  `isenabled` tinyint(4) NOT NULL,
  `modifier` bigint(20) DEFAULT NULL,
  `modifytime` datetime DEFAULT NULL,
  `orgid` bigint(20) NOT NULL,
  `remark` varchar(200) DEFAULT NULL,
  `atype` int(11) NOT NULL,
  `code` varchar(20) NOT NULL,
  `isIncome` int(11) NOT NULL,
  `isPay` int(11) NOT NULL,
  `maxdays` int(11) NOT NULL,
  `mindays` int(11) NOT NULL,
  `name` varchar(30) NOT NULL,
  PRIMARY KEY (`id`)
) ENGINE=InnoDB AUTO_INCREMENT=11 DEFAULT CHARSET=utf8;

--
-- Dumping data for table `fc_risklevel`
--

/*!40000 ALTER TABLE `fc_risklevel` DISABLE KEYS */;
INSERT INTO `fc_risklevel` (`id`,`createTime`,`creator`,`deptId`,`empId`,`isenabled`,`modifier`,`modifytime`,`orgid`,`remark`,`atype`,`code`,`isIncome`,`isPay`,`maxdays`,`mindays`,`name`) VALUES 
 (1,'2012-01-23 00:12:00',-1,-1,-1,-1,NULL,NULL,0,NULL,1,'R2012122307113800',0,0,50,23,'1'),
 (2,'2012-01-23 00:12:00',-1,-1,-1,1,NULL,NULL,0,NULL,2,'R2012122307212502',0,0,30,10,'2'),
 (3,'2012-01-23 00:12:00',-1,-1,-1,-1,NULL,NULL,0,NULL,1,'R2012122307310904',0,0,220,110,'q'),
 (4,'2012-01-23 00:12:00',-1,-1,-1,-1,NULL,NULL,0,NULL,2,'R2012122307340906',0,0,330,150,'3'),
 (5,'2012-01-23 00:12:00',-1,-1,-1,0,NULL,NULL,0,NULL,2,'R2012122307340906',0,0,20,50,'3'),
 (6,'2012-01-23 00:12:00',-1,-1,-1,1,NULL,NULL,0,NULL,2,'R2012122307340906',0,0,20,50,'3'),
 (7,'2012-01-23 00:12:00',-1,-1,-1,0,NULL,NULL,0,NULL,2,'R2012122307340906',0,0,820,50,'3'),
 (8,'2012-01-23 00:12:00',-1,-1,-1,1,NULL,NULL,0,NULL,2,'R2012122307340906',0,0,550,50,'3'),
 (9,'2012-01-23 00:12:00',-1,-1,NULL,1,-1,'2012-01-23 00:12:00',0,NULL,2,'R2012122307340906',0,0,330,5110,'3'),
 (10,'2012-01-23 00:12:00',-1,-1,NULL,1,-1,'2012-01-23 00:12:00',0,NULL,2,'R2012122307340906',1,0,55,50,'3');
/*!40000 ALTER TABLE `fc_risklevel` ENABLE KEYS */;


--
-- Definition of table `ts_accordion`
--

DROP TABLE IF EXISTS `ts_accordion`;
CREATE TABLE `ts_accordion` (
  `id` bigint(20) NOT NULL AUTO_INCREMENT,
  `createTime` datetime NOT NULL,
  `creator` bigint(20) NOT NULL,
  `deptId` bigint(20) NOT NULL,
  `empId` bigint(20) DEFAULT NULL,
  `isenabled` tinyint(4) NOT NULL,
  `modifier` bigint(20) DEFAULT NULL,
  `modifytime` datetime DEFAULT NULL,
  `orgid` bigint(20) NOT NULL,
  `remark` varchar(200) DEFAULT NULL,
  `code` varchar(20) NOT NULL,
  `iconCls` varchar(50) DEFAULT NULL,
  `name` varchar(50) NOT NULL,
  `orderNo` int(11) NOT NULL,
  `type` int(11) DEFAULT NULL,
  `url` varchar(200) DEFAULT NULL,
  `sysid` bigint(20) NOT NULL,
  PRIMARY KEY (`id`)
) ENGINE=InnoDB AUTO_INCREMENT=28 DEFAULT CHARSET=utf8;

--
-- Dumping data for table `ts_accordion`
--

/*!40000 ALTER TABLE `ts_accordion` DISABLE KEYS */;
INSERT INTO `ts_accordion` (`id`,`createTime`,`creator`,`deptId`,`empId`,`isenabled`,`modifier`,`modifytime`,`orgid`,`remark`,`code`,`iconCls`,`name`,`orderNo`,`type`,`url`,`sysid`) VALUES 
 (12,'2012-01-25 00:03:00',1,1,NULL,-1,NULL,NULL,9999,NULL,'A2012032500',NULL,'',1,0,'./sysMenu_list.action',0),
 (13,'2012-01-02 00:04:00',1,1,NULL,-1,NULL,NULL,9999,NULL,'A2012040224',NULL,'xxyy',1,0,'./sysMenu_list.action',0),
 (14,'2012-01-02 00:04:00',1,1,NULL,0,1,'2012-01-05 00:04:00',9999,NULL,'A2012040224','admin-office','',2,0,'./sysMenu_list.action',0),
 (15,'2012-01-05 00:04:00',1,1,NULL,0,1,'2012-01-05 00:04:00',9999,NULL,'A2012040528','man-office','',1,0,'./sysMenu_list.action',0),
 (16,'2012-01-05 00:04:00',1,1,NULL,0,NULL,NULL,9999,NULL,'A2012040530','admin-office','',3,0,'./sysMenu_list.action',0),
 (17,'2012-01-05 00:04:00',1,1,NULL,0,NULL,NULL,9999,NULL,'A2012040532','resource-office','',4,0,'./sysMenu_list.action',0),
 (18,'2012-01-05 00:04:00',1,1,NULL,1,NULL,NULL,9999,NULL,'A2012040534','crm-office','',5,0,'./sysMenu_list.action',0),
 (19,'2012-01-01 00:11:00',-1,-1,NULL,1,-1,'2012-01-28 00:11:00',0,NULL,'A2012110100235936','tools-office','',1,0,'./sysMenu_sysmenus.action',1),
 (20,'2012-01-01 00:11:00',-1,-1,NULL,1,NULL,NULL,0,NULL,'A2012110101381838',NULL,'',1,0,NULL,2),
 (21,'2012-01-06 00:12:00',-1,-1,NULL,1,-1,'2012-01-28 00:12:00',0,NULL,'FORM_20121206',NULL,'',20,0,'./sysMenu_list.action?action=0',3),
 (22,'2012-01-10 00:12:00',-1,-1,NULL,1,-1,'2012-01-28 00:12:00',0,NULL,'A2012121011443642','man-office','',1,0,'./sysMenu_list.action?action=0',3),
 (23,'2012-01-10 00:12:00',-1,-1,NULL,1,-1,'2012-01-28 00:12:00',0,NULL,'A2012121011481644','admin-office','',2,0,'./sysMenu_list.action?action=0',3),
 (24,'2012-01-10 00:12:00',-1,-1,NULL,1,-1,'2012-01-28 00:12:00',0,NULL,'A2012121011493846','resource-office','',3,0,'./sysMenu_list.action?action=0',3),
 (25,'2012-01-10 00:12:00',-1,-1,NULL,1,-1,'2013-01-13 00:01:00',0,NULL,'A2012121011540448','crm-office','',4,0,'./sysMenu_list.action?action=0',3),
 (26,'2012-01-10 00:12:00',-1,-1,NULL,1,-1,'2012-01-28 00:12:00',0,NULL,'A2012121011561450','inv-office','',19,0,'./sysMenu_list.action?action=0',3),
 (27,'2012-01-14 00:12:00',-1,-1,-1,1,NULL,NULL,0,NULL,'A2012121409190352',NULL,'xxx',1,0,NULL,4);
/*!40000 ALTER TABLE `ts_accordion` ENABLE KEYS */;


--
-- Definition of table `ts_account`
--

DROP TABLE IF EXISTS `ts_account`;
CREATE TABLE `ts_account` (
  `id` bigint(20) NOT NULL AUTO_INCREMENT,
  `createTime` datetime NOT NULL,
  `creator` bigint(20) NOT NULL,
  `deptId` bigint(20) NOT NULL,
  `empId` bigint(20) DEFAULT NULL,
  `isenabled` tinyint(4) NOT NULL,
  `modifier` bigint(20) DEFAULT NULL,
  `modifytime` datetime DEFAULT NULL,
  `orgid` bigint(20) NOT NULL,
  `remark` varchar(200) DEFAULT NULL,
  `account` varchar(30) NOT NULL,
  `atype` int(11) NOT NULL,
  `bankName` varchar(150) NOT NULL,
  `code` varchar(20) NOT NULL,
  `isIncome` int(11) NOT NULL,
  `isPay` int(11) NOT NULL,
  PRIMARY KEY (`id`)
) ENGINE=InnoDB AUTO_INCREMENT=6 DEFAULT CHARSET=utf8;

--
-- Dumping data for table `ts_account`
--

/*!40000 ALTER TABLE `ts_account` DISABLE KEYS */;
INSERT INTO `ts_account` (`id`,`createTime`,`creator`,`deptId`,`empId`,`isenabled`,`modifier`,`modifytime`,`orgid`,`remark`,`account`,`atype`,`bankName`,`code`,`isIncome`,`isPay`) VALUES 
 (1,'2012-01-08 00:12:00',-1,-1,NULL,-1,NULL,NULL,0,NULL,'125411',0,'3','A2012120808360200',1,0),
 (2,'2012-01-08 00:12:00',-1,-1,NULL,0,NULL,NULL,0,NULL,'45552',2,'2','A2012120808370902',1,0),
 (3,'2012-01-08 00:12:00',-1,-1,NULL,1,NULL,NULL,0,NULL,'4455',1,'2','A2012120808403104',1,0),
 (4,'2012-01-08 00:12:00',-1,-1,NULL,1,-1,'2012-01-08 00:12:00',0,NULL,'4877995151212',2,'1','A2012120808534206',1,0),
 (5,'2012-01-08 00:12:00',-1,-1,NULL,1,-1,'2012-01-08 00:12:00',0,NULL,'15544',1,'2','A2012120809164008',1,0);
/*!40000 ALTER TABLE `ts_account` ENABLE KEYS */;


--
-- Definition of table `ts_attachment`
--

DROP TABLE IF EXISTS `ts_attachment`;
CREATE TABLE `ts_attachment` (
  `id` bigint(20) NOT NULL AUTO_INCREMENT,
  `createTime` datetime NOT NULL,
  `creator` bigint(20) NOT NULL,
  `deptId` bigint(20) NOT NULL,
  `empId` bigint(20) DEFAULT NULL,
  `isenabled` tinyint(4) NOT NULL,
  `modifier` bigint(20) DEFAULT NULL,
  `modifytime` datetime DEFAULT NULL,
  `orgid` bigint(20) NOT NULL,
  `remark` varchar(200) DEFAULT NULL,
  `atype` int(11) NOT NULL,
  `fileName` varchar(255) NOT NULL,
  `filePath` varchar(255) NOT NULL,
  `fileSize` bigint(20) DEFAULT NULL,
  `formId` varchar(50) NOT NULL,
  `formType` int(11) NOT NULL,
  `sysId` bigint(20) NOT NULL,
  PRIMARY KEY (`id`)
) ENGINE=InnoDB AUTO_INCREMENT=6 DEFAULT CHARSET=utf8;

--
-- Dumping data for table `ts_attachment`
--

/*!40000 ALTER TABLE `ts_attachment` DISABLE KEYS */;
INSERT INTO `ts_attachment` (`id`,`createTime`,`creator`,`deptId`,`empId`,`isenabled`,`modifier`,`modifytime`,`orgid`,`remark`,`atype`,`fileName`,`filePath`,`fileSize`,`formId`,`formType`,`sysId`) VALUES 
 (1,'2012-12-05 14:11:30',-1,-1,NULL,1,NULL,NULL,0,NULL,3,'finance.zip','WEB-INF/attachment/process_dir/2012/12/20121205140918.zip',18,'70',1,3),
 (2,'2012-12-05 14:43:39',-1,-1,NULL,1,NULL,NULL,0,NULL,3,'simple.zip','WEB-INF/attachment/process_dir/2012/12/20121205144327.zip',5,'73',1,1),
 (3,'2012-12-05 14:46:27',-1,-1,NULL,1,NULL,NULL,0,NULL,3,'simple.zip','WEB-INF/attachment/process_dir/2012/12/20121205144627.zip',5,'74',1,1),
 (4,'2012-12-05 14:49:37',-1,-1,NULL,1,NULL,NULL,0,NULL,3,'simple.zip','WEB-INF/attachment/process_dir/2012/12/20121205144937.zip',5,'74',1,1),
 (5,'2012-12-05 14:56:02',-1,-1,NULL,1,NULL,NULL,0,NULL,3,'simple.zip','WEB-INF/attachment/process_dir/2012/12/20121205145601.zip',5,'72',1,1);
/*!40000 ALTER TABLE `ts_attachment` ENABLE KEYS */;


--
-- Definition of table `ts_auditrecords`
--

DROP TABLE IF EXISTS `ts_auditrecords`;
CREATE TABLE `ts_auditrecords` (
  `id` bigint(20) NOT NULL AUTO_INCREMENT,
  `createTime` datetime NOT NULL,
  `creator` bigint(20) NOT NULL,
  `deptId` bigint(20) NOT NULL,
  `empId` bigint(20) DEFAULT NULL,
  `isenabled` tinyint(4) NOT NULL,
  `modifier` bigint(20) DEFAULT NULL,
  `modifytime` datetime DEFAULT NULL,
  `orgid` bigint(20) NOT NULL,
  `remark` varchar(200) DEFAULT NULL,
  `approval` longtext,
  `bussNodeId` bigint(20) NOT NULL,
  `notifys` varchar(10) DEFAULT NULL,
  `procId` varchar(20) NOT NULL,
  `result` varchar(60) NOT NULL,
  `tiid` varchar(20) DEFAULT NULL,
  PRIMARY KEY (`id`)
) ENGINE=InnoDB AUTO_INCREMENT=39 DEFAULT CHARSET=utf8;

--
-- Dumping data for table `ts_auditrecords`
--

/*!40000 ALTER TABLE `ts_auditrecords` DISABLE KEYS */;
INSERT INTO `ts_auditrecords` (`id`,`createTime`,`creator`,`deptId`,`empId`,`isenabled`,`modifier`,`modifytime`,`orgid`,`remark`,`approval`,`bussNodeId`,`notifys`,`procId`,`result`,`tiid`) VALUES 
 (1,'2013-01-06 21:02:52',1,99999999,NULL,1,NULL,NULL,99999999,NULL,'OK',13,'2,3','1905','',NULL),
 (3,'2013-01-06 21:16:59',32,1,NULL,1,NULL,NULL,1,NULL,'ok',14,'2,3','1905','','1908'),
 (4,'2013-01-06 21:26:17',33,1,NULL,1,NULL,NULL,1,NULL,'',15,'2,3','1905','','2102'),
 (5,'2013-01-06 21:27:33',1,99999999,NULL,1,NULL,NULL,99999999,NULL,'',14,'2,3','1905','','2202'),
 (6,'2013-01-07 12:14:45',34,1,NULL,1,NULL,NULL,1,NULL,'AB',15,'2,3','1905','A,B','2204'),
 (7,'2013-01-07 12:36:28',1,99999999,NULL,1,NULL,NULL,99999999,NULL,'OK',13,'2,3','2311','',NULL),
 (8,'2013-01-07 15:07:17',1,99999999,NULL,1,NULL,NULL,99999999,NULL,'',13,'2','2315','',NULL),
 (9,'2013-01-07 15:08:52',1,99999999,NULL,1,NULL,NULL,99999999,NULL,'ok',13,NULL,'2319','',NULL),
 (10,'2013-01-07 15:12:43',32,1,NULL,1,NULL,NULL,1,NULL,'OK',14,'2,3','2319','','2322'),
 (11,'2013-01-07 15:28:16',34,1,NULL,1,NULL,NULL,1,NULL,' A,B',15,'2,3','2319','A,B','2402'),
 (12,'2013-01-07 15:41:26',1,99999999,NULL,1,NULL,NULL,99999999,NULL,'ok',13,'2,3','2502','',NULL),
 (13,'2013-01-07 15:42:55',32,1,NULL,1,NULL,NULL,1,NULL,'',14,'2,3','2502','','2505'),
 (14,'2013-01-07 15:46:40',34,1,NULL,1,NULL,NULL,1,NULL,'OK',15,'2,3','2502','A,B','2507'),
 (15,'2013-01-07 16:03:17',1,99999999,NULL,1,NULL,NULL,99999999,NULL,'ok',13,NULL,'2509','',NULL),
 (16,'2013-01-07 16:06:27',1,99999999,NULL,1,NULL,NULL,99999999,NULL,'ok',13,NULL,'2513','',NULL),
 (17,'2013-01-07 16:08:22',1,99999999,NULL,1,NULL,NULL,99999999,NULL,'OK',13,NULL,'2517','',NULL),
 (18,'2013-01-07 16:16:38',32,1,NULL,1,NULL,NULL,1,NULL,'ok',14,'2,3','2517','','2520'),
 (19,'2013-01-07 16:19:11',33,1,NULL,1,NULL,NULL,1,NULL,'OK',15,'2,3','2517','A,B','2602'),
 (20,'2013-01-07 16:35:37',32,1,NULL,1,NULL,NULL,1,NULL,'ok',16,'2,3','2517','A','2608'),
 (21,'2013-01-07 16:43:50',1,99999999,NULL,1,NULL,NULL,99999999,NULL,'ok',13,NULL,'2702','',NULL),
 (22,'2013-01-07 16:44:35',32,1,NULL,1,NULL,NULL,1,NULL,'ok',14,'2,3','2702','','2705'),
 (23,'2013-01-07 16:45:36',34,1,NULL,1,NULL,NULL,1,NULL,'ok',15,'2,3','2702','A,B','2707'),
 (24,'2013-01-07 17:07:17',33,1,NULL,1,NULL,NULL,1,NULL,'ok',18,'2,3','2702','B','2715'),
 (25,'2013-01-07 17:09:13',32,1,NULL,1,NULL,NULL,1,NULL,'ok',16,NULL,'2702','A','2713'),
 (26,'2013-01-07 17:11:10',35,1,NULL,1,NULL,NULL,1,NULL,'ok',20,NULL,'2702','','2804'),
 (27,'2013-01-07 17:22:43',33,1,NULL,1,NULL,NULL,1,NULL,'ok',21,'2,3','2702','','2806'),
 (28,'2013-01-07 18:56:23',1,99999999,NULL,1,NULL,NULL,99999999,NULL,'',13,NULL,'3001','',NULL),
 (29,'2013-01-07 18:57:34',32,1,NULL,1,NULL,NULL,1,NULL,'',14,'2,3','3001','','3004'),
 (30,'2013-01-08 15:17:45',33,1,NULL,1,NULL,NULL,1,NULL,'AB',15,'2,3','3001','A,B','3006'),
 (31,'2013-01-08 15:21:38',33,1,NULL,1,NULL,NULL,1,NULL,'',18,'2,3','3001','B','3118'),
 (32,'2013-01-08 15:31:49',32,1,NULL,1,NULL,NULL,1,NULL,'',16,'2,3','3001','A','3116'),
 (33,'2013-01-08 15:37:23',35,1,NULL,1,NULL,NULL,1,NULL,'',20,'2,3','3001','','3124'),
 (34,'2013-01-08 15:47:25',33,1,NULL,1,NULL,NULL,1,NULL,'',21,'3','3001','','3126'),
 (35,'2013-01-08 16:18:18',32,1,NULL,1,NULL,NULL,1,NULL,'..',22,NULL,'3001','','3128'),
 (36,'2013-01-08 16:21:34',35,1,NULL,1,NULL,NULL,1,NULL,'',22,NULL,'3001','','3130'),
 (37,'2013-01-08 16:49:11',36,4,NULL,1,NULL,NULL,1,NULL,'',23,NULL,'3001','','3202'),
 (38,'2013-01-08 18:34:10',36,4,NULL,1,NULL,NULL,1,NULL,'',13,NULL,'3502','',NULL);
/*!40000 ALTER TABLE `ts_auditrecords` ENABLE KEYS */;


--
-- Definition of table `ts_busscode`
--

DROP TABLE IF EXISTS `ts_busscode`;
CREATE TABLE `ts_busscode` (
  `id` bigint(20) NOT NULL AUTO_INCREMENT,
  `createTime` datetime NOT NULL,
  `creator` bigint(20) NOT NULL,
  `deptId` bigint(20) NOT NULL,
  `empId` bigint(20) DEFAULT NULL,
  `isenabled` tinyint(4) NOT NULL,
  `modifier` bigint(20) DEFAULT NULL,
  `modifytime` datetime DEFAULT NULL,
  `orgid` bigint(20) NOT NULL,
  `remark` varchar(200) DEFAULT NULL,
  `express` varchar(255) NOT NULL,
  `funnames` varchar(200) DEFAULT NULL,
  `name` varchar(50) NOT NULL,
  `recode` varchar(50) NOT NULL,
  `sysid` bigint(20) NOT NULL,
  PRIMARY KEY (`id`)
) ENGINE=InnoDB AUTO_INCREMENT=6 DEFAULT CHARSET=utf8;

--
-- Dumping data for table `ts_busscode`
--

/*!40000 ALTER TABLE `ts_busscode` DISABLE KEYS */;
INSERT INTO `ts_busscode` (`id`,`createTime`,`creator`,`deptId`,`empId`,`isenabled`,`modifier`,`modifytime`,`orgid`,`remark`,`express`,`funnames`,`name`,`recode`,`sysid`) VALUES 
 (1,'2012-01-21 00:11:00',-1,-1,NULL,1,NULL,NULL,0,NULL,'www',NULL,'','',1),
 (2,'2012-01-21 00:11:00',-1,-1,NULL,1,NULL,NULL,0,NULL,'ee',NULL,'','',3),
 (3,'2012-01-21 00:11:00',-1,-1,NULL,1,NULL,NULL,0,NULL,'',NULL,'','',2),
 (4,'2012-01-21 00:11:00',-1,-1,NULL,1,NULL,NULL,0,NULL,'google',NULL,'google','google',1),
 (5,'2012-01-21 00:11:00',-1,-1,NULL,1,-1,'2012-01-28 00:11:00',0,NULL,'',NULL,'','',1);
/*!40000 ALTER TABLE `ts_busscode` ENABLE KEYS */;


--
-- Definition of table `ts_bussnode`
--

DROP TABLE IF EXISTS `ts_bussnode`;
CREATE TABLE `ts_bussnode` (
  `id` bigint(20) NOT NULL AUTO_INCREMENT,
  `createTime` datetime NOT NULL,
  `creator` bigint(20) NOT NULL,
  `deptId` bigint(20) NOT NULL,
  `empId` bigint(20) DEFAULT NULL,
  `isenabled` tinyint(4) NOT NULL,
  `modifier` bigint(20) DEFAULT NULL,
  `modifytime` datetime DEFAULT NULL,
  `orgid` bigint(20) NOT NULL,
  `remark` varchar(200) DEFAULT NULL,
  `formId` bigint(20) NOT NULL,
  `inType` int(11) NOT NULL,
  `isCfg` int(11) NOT NULL,
  `name` varchar(50) NOT NULL,
  `nodeId` varchar(50) NOT NULL,
  `nodeType` varchar(50) NOT NULL,
  `pdid` varchar(50) NOT NULL,
  PRIMARY KEY (`id`)
) ENGINE=InnoDB AUTO_INCREMENT=25 DEFAULT CHARSET=utf8;

--
-- Dumping data for table `ts_bussnode`
--

/*!40000 ALTER TABLE `ts_bussnode` DISABLE KEYS */;
INSERT INTO `ts_bussnode` (`id`,`createTime`,`creator`,`deptId`,`empId`,`isenabled`,`modifier`,`modifytime`,`orgid`,`remark`,`formId`,`inType`,`isCfg`,`name`,`nodeId`,`nodeType`,`pdid`) VALUES 
 (13,'2012-12-05 14:10:56',-1,-1,NULL,1,NULL,NULL,0,NULL,70,1,1,'Start','startevent1','startEvent','process1:5:704'),
 (14,'2012-12-05 14:11:00',-1,-1,NULL,1,NULL,NULL,0,NULL,70,1,1,'','usertask1','userTask','process1:5:704'),
 (15,'2012-12-05 14:11:02',-1,-1,NULL,1,NULL,NULL,0,NULL,70,1,1,'','usertask2','userTask','process1:5:704'),
 (16,'2012-12-05 14:11:03',-1,-1,NULL,1,NULL,NULL,0,NULL,70,1,1,'A','usertask3','userTask','process1:5:704'),
 (17,'2012-12-05 14:11:07',-1,-1,NULL,1,NULL,NULL,0,NULL,70,1,1,'FORK','parallelgateway1','parallelGateway','process1:5:704'),
 (18,'2012-12-05 14:11:07',-1,-1,NULL,1,NULL,NULL,0,NULL,70,1,1,'B','usertask4','userTask','process1:5:704'),
 (19,'2012-12-05 14:11:07',-1,-1,NULL,1,NULL,NULL,0,NULL,70,1,1,'JOIN','parallelgateway2','parallelGateway','process1:5:704'),
 (20,'2012-12-05 14:11:07',-1,-1,NULL,1,NULL,NULL,0,NULL,70,1,1,'','usertask5','userTask','process1:5:704'),
 (21,'2012-12-05 14:11:07',-1,-1,NULL,1,NULL,NULL,0,NULL,70,1,1,'','usertask6','userTask','process1:5:704'),
 (22,'2012-12-05 14:11:07',-1,-1,NULL,1,NULL,NULL,0,NULL,70,1,1,'','usertask7','userTask','process1:5:704'),
 (23,'2012-12-05 14:11:07',-1,-1,NULL,1,NULL,NULL,0,NULL,70,1,1,'','usertask8','userTask','process1:5:704'),
 (24,'2012-12-05 14:11:07',-1,-1,NULL,1,NULL,NULL,0,NULL,70,1,1,'End','endevent1','endEvent','process1:5:704');
/*!40000 ALTER TABLE `ts_bussnode` ENABLE KEYS */;


--
-- Definition of table `ts_bussprocc`
--

DROP TABLE IF EXISTS `ts_bussprocc`;
CREATE TABLE `ts_bussprocc` (
  `id` bigint(20) NOT NULL AUTO_INCREMENT,
  `createTime` datetime NOT NULL,
  `creator` bigint(20) NOT NULL,
  `deptId` bigint(20) NOT NULL,
  `empId` bigint(20) DEFAULT NULL,
  `isenabled` tinyint(4) NOT NULL,
  `modifier` bigint(20) DEFAULT NULL,
  `modifytime` datetime DEFAULT NULL,
  `orgid` bigint(20) NOT NULL,
  `remark` varchar(200) DEFAULT NULL,
  `bdate` datetime DEFAULT NULL,
  `bussType` int(11) NOT NULL,
  `code` varchar(20) NOT NULL,
  `companyIds` varchar(80) DEFAULT NULL,
  `companyName` varchar(200) DEFAULT NULL,
  `isdefault` int(11) NOT NULL,
  `name` varchar(50) NOT NULL,
  `pdid` bigint(20) NOT NULL,
  `proccType` int(11) NOT NULL,
  `sysId` bigint(20) NOT NULL,
  `useorg` int(11) DEFAULT NULL,
  PRIMARY KEY (`id`)
) ENGINE=InnoDB DEFAULT CHARSET=utf8;

--
-- Dumping data for table `ts_bussprocc`
--

/*!40000 ALTER TABLE `ts_bussprocc` DISABLE KEYS */;
/*!40000 ALTER TABLE `ts_bussprocc` ENABLE KEYS */;


--
-- Definition of table `ts_busstrans`
--

DROP TABLE IF EXISTS `ts_busstrans`;
CREATE TABLE `ts_busstrans` (
  `id` bigint(20) NOT NULL AUTO_INCREMENT,
  `createTime` datetime NOT NULL,
  `creator` bigint(20) NOT NULL,
  `deptId` bigint(20) NOT NULL,
  `empId` bigint(20) DEFAULT NULL,
  `isenabled` tinyint(4) NOT NULL,
  `modifier` bigint(20) DEFAULT NULL,
  `modifytime` datetime DEFAULT NULL,
  `orgid` bigint(20) NOT NULL,
  `remark` varchar(200) DEFAULT NULL,
  `bnodeId` bigint(20) NOT NULL,
  `enodeId` bigint(20) NOT NULL,
  `exparams` varchar(200) DEFAULT NULL,
  `express` varchar(200) DEFAULT NULL,
  `name` varchar(50) NOT NULL,
  PRIMARY KEY (`id`)
) ENGINE=InnoDB AUTO_INCREMENT=43 DEFAULT CHARSET=utf8;

--
-- Dumping data for table `ts_busstrans`
--

/*!40000 ALTER TABLE `ts_busstrans` DISABLE KEYS */;
INSERT INTO `ts_busstrans` (`id`,`createTime`,`creator`,`deptId`,`empId`,`isenabled`,`modifier`,`modifytime`,`orgid`,`remark`,`bnodeId`,`enodeId`,`exparams`,`express`,`name`) VALUES 
 (1,'2012-12-04 22:05:22',-1,-1,NULL,1,NULL,NULL,0,NULL,1,2,NULL,NULL,''),
 (2,'2012-12-04 22:05:22',-1,-1,NULL,1,NULL,NULL,0,NULL,2,3,NULL,NULL,''),
 (3,'2012-12-04 22:05:22',-1,-1,NULL,1,NULL,NULL,0,NULL,3,5,NULL,NULL,'A,B'),
 (4,'2012-12-04 22:05:22',-1,-1,NULL,1,NULL,NULL,0,NULL,3,2,NULL,NULL,''),
 (5,'2012-12-04 22:05:22',-1,-1,NULL,1,NULL,NULL,0,NULL,4,7,NULL,NULL,'A'),
 (6,'2012-12-04 22:05:22',-1,-1,NULL,1,NULL,NULL,0,NULL,5,4,NULL,NULL,'A'),
 (7,'2012-12-04 22:05:22',-1,-1,NULL,1,NULL,NULL,0,NULL,5,6,NULL,NULL,'B'),
 (8,'2012-12-04 22:05:22',-1,-1,NULL,1,NULL,NULL,0,NULL,6,7,NULL,NULL,'B'),
 (9,'2012-12-04 22:05:22',-1,-1,NULL,1,NULL,NULL,0,NULL,7,8,NULL,NULL,''),
 (10,'2012-12-04 22:05:22',-1,-1,NULL,1,NULL,NULL,0,NULL,8,9,NULL,NULL,''),
 (11,'2012-12-04 22:05:22',-1,-1,NULL,1,NULL,NULL,0,NULL,9,10,NULL,NULL,''),
 (12,'2012-12-04 22:05:22',-1,-1,NULL,1,NULL,NULL,0,NULL,10,11,NULL,NULL,''),
 (13,'2012-12-04 22:05:22',-1,-1,NULL,1,NULL,NULL,0,NULL,10,2,NULL,NULL,''),
 (14,'2012-12-04 22:05:22',-1,-1,NULL,1,NULL,NULL,0,NULL,10,12,NULL,NULL,''),
 (15,'2012-12-04 22:05:22',-1,-1,NULL,1,NULL,NULL,0,NULL,11,12,NULL,NULL,''),
 (16,'2012-12-05 14:10:59',-1,-1,NULL,1,NULL,NULL,0,NULL,13,14,NULL,NULL,''),
 (17,'2012-12-05 14:11:00',-1,-1,NULL,1,NULL,NULL,0,NULL,14,15,NULL,NULL,''),
 (18,'2012-12-05 14:11:02',-1,-1,NULL,1,NULL,NULL,0,NULL,15,17,NULL,NULL,'A,B'),
 (19,'2012-12-05 14:11:03',-1,-1,NULL,1,NULL,NULL,0,NULL,15,14,NULL,NULL,''),
 (20,'2012-12-05 14:11:07',-1,-1,NULL,1,NULL,NULL,0,NULL,16,19,NULL,NULL,'A'),
 (21,'2012-12-05 14:11:07',-1,-1,NULL,1,NULL,NULL,0,NULL,17,16,NULL,NULL,'A'),
 (22,'2012-12-05 14:11:07',-1,-1,NULL,1,NULL,NULL,0,NULL,17,18,NULL,NULL,'B'),
 (23,'2012-12-05 14:11:07',-1,-1,NULL,1,NULL,NULL,0,NULL,18,19,NULL,NULL,'B'),
 (24,'2012-12-05 14:11:07',-1,-1,NULL,1,NULL,NULL,0,NULL,19,20,NULL,NULL,''),
 (25,'2012-12-05 14:11:07',-1,-1,NULL,1,NULL,NULL,0,NULL,20,21,NULL,NULL,''),
 (26,'2012-12-05 14:11:07',-1,-1,NULL,1,NULL,NULL,0,NULL,21,22,NULL,NULL,''),
 (27,'2012-12-05 14:11:07',-1,-1,NULL,1,NULL,NULL,0,NULL,22,23,NULL,NULL,''),
 (28,'2012-12-05 14:11:07',-1,-1,NULL,1,NULL,NULL,0,NULL,22,14,NULL,NULL,''),
 (29,'2012-12-05 14:11:07',-1,-1,NULL,1,NULL,NULL,0,NULL,22,24,NULL,NULL,''),
 (30,'2012-12-05 14:11:07',-1,-1,NULL,1,NULL,NULL,0,NULL,23,24,NULL,NULL,''),
 (31,'2012-12-05 14:43:38',-1,-1,NULL,1,NULL,NULL,0,NULL,25,26,NULL,NULL,''),
 (32,'2012-12-05 14:43:38',-1,-1,NULL,1,NULL,NULL,0,NULL,26,27,NULL,NULL,''),
 (33,'2012-12-05 14:43:38',-1,-1,NULL,1,NULL,NULL,0,NULL,27,28,NULL,NULL,''),
 (34,'2012-12-05 14:46:27',-1,-1,NULL,1,NULL,NULL,0,NULL,29,30,NULL,NULL,''),
 (35,'2012-12-05 14:46:27',-1,-1,NULL,1,NULL,NULL,0,NULL,30,31,NULL,NULL,''),
 (36,'2012-12-05 14:46:27',-1,-1,NULL,1,NULL,NULL,0,NULL,31,32,NULL,NULL,''),
 (37,'2012-12-05 14:49:37',-1,-1,NULL,1,NULL,NULL,0,NULL,33,34,NULL,NULL,''),
 (38,'2012-12-05 14:49:37',-1,-1,NULL,1,NULL,NULL,0,NULL,34,35,NULL,NULL,''),
 (39,'2012-12-05 14:49:37',-1,-1,NULL,1,NULL,NULL,0,NULL,35,36,NULL,NULL,''),
 (40,'2012-12-05 14:56:02',-1,-1,NULL,1,NULL,NULL,0,NULL,37,38,NULL,NULL,''),
 (41,'2012-12-05 14:56:02',-1,-1,NULL,1,NULL,NULL,0,NULL,38,39,NULL,NULL,''),
 (42,'2012-12-05 14:56:02',-1,-1,NULL,1,NULL,NULL,0,NULL,39,40,NULL,NULL,'');
/*!40000 ALTER TABLE `ts_busstrans` ENABLE KEYS */;


--
-- Definition of table `ts_city`
--

DROP TABLE IF EXISTS `ts_city`;
CREATE TABLE `ts_city` (
  `id` bigint(20) NOT NULL AUTO_INCREMENT,
  `createTime` datetime NOT NULL,
  `creator` bigint(20) NOT NULL,
  `deptId` bigint(20) NOT NULL,
  `empId` bigint(20) DEFAULT NULL,
  `isenabled` tinyint(4) NOT NULL,
  `modifier` bigint(20) DEFAULT NULL,
  `modifytime` datetime DEFAULT NULL,
  `orgid` bigint(20) NOT NULL,
  `remark` varchar(200) DEFAULT NULL,
  `code` varchar(20) NOT NULL,
  `ename` varchar(50) DEFAULT NULL,
  `fname` varchar(50) DEFAULT NULL,
  `isdefault` int(11) NOT NULL,
  `jname` varchar(50) DEFAULT NULL,
  `koname` varchar(50) DEFAULT NULL,
  `name` varchar(50) NOT NULL,
  `provinceId` bigint(20) NOT NULL,
  `twname` varchar(50) DEFAULT NULL,
  PRIMARY KEY (`id`)
) ENGINE=InnoDB AUTO_INCREMENT=4 DEFAULT CHARSET=utf8;

--
-- Dumping data for table `ts_city`
--

/*!40000 ALTER TABLE `ts_city` DISABLE KEYS */;
INSERT INTO `ts_city` (`id`,`createTime`,`creator`,`deptId`,`empId`,`isenabled`,`modifier`,`modifytime`,`orgid`,`remark`,`code`,`ename`,`fname`,`isdefault`,`jname`,`koname`,`name`,`provinceId`,`twname`) VALUES 
 (1,'2012-01-13 00:12:00',-1,-1,-1,1,NULL,NULL,0,NULL,'C2012121302435900','Guangzhou',NULL,0,NULL,NULL,'',1,NULL),
 (2,'2012-01-13 00:12:00',-1,-1,-1,1,NULL,NULL,0,NULL,'C2012121302451702','WuHan',NULL,0,NULL,NULL,'',2,NULL),
 (3,'2012-01-13 00:12:00',-1,-1,-1,1,NULL,NULL,0,NULL,'C2012121302590604','MaCheng',NULL,1,NULL,NULL,'',2,NULL);
/*!40000 ALTER TABLE `ts_city` ENABLE KEYS */;


--
-- Definition of table `ts_company`
--

DROP TABLE IF EXISTS `ts_company`;
CREATE TABLE `ts_company` (
  `id` bigint(20) NOT NULL AUTO_INCREMENT,
  `createTime` datetime NOT NULL,
  `creator` bigint(20) NOT NULL,
  `deptId` bigint(20) NOT NULL,
  `empId` bigint(20) DEFAULT NULL,
  `isenabled` tinyint(4) NOT NULL,
  `modifier` bigint(20) DEFAULT NULL,
  `modifytime` datetime DEFAULT NULL,
  `orgid` bigint(20) NOT NULL,
  `remark` varchar(200) DEFAULT NULL,
  `address` varchar(50) DEFAULT NULL,
  `count` int(11) DEFAULT NULL,
  `name` varchar(50) DEFAULT NULL,
  `affiliation` int(11) NOT NULL,
  `builddate` datetime DEFAULT NULL,
  `code` varchar(20) NOT NULL,
  `contactor` varchar(20) DEFAULT NULL,
  `email` varchar(50) DEFAULT NULL,
  `legal` varchar(50) DEFAULT NULL,
  `mnemonic` varchar(100) DEFAULT NULL,
  `offnum` varchar(50) DEFAULT NULL,
  `orgcode` varchar(20) DEFAULT NULL,
  `poid` bigint(20) DEFAULT NULL,
  `potype` int(11) DEFAULT NULL,
  `tel` varchar(20) DEFAULT NULL,
  `url` varchar(200) DEFAULT NULL,
  `zipcode` varchar(20) DEFAULT NULL,
  PRIMARY KEY (`id`)
) ENGINE=InnoDB AUTO_INCREMENT=2 DEFAULT CHARSET=utf8;

--
-- Dumping data for table `ts_company`
--

/*!40000 ALTER TABLE `ts_company` DISABLE KEYS */;
INSERT INTO `ts_company` (`id`,`createTime`,`creator`,`deptId`,`empId`,`isenabled`,`modifier`,`modifytime`,`orgid`,`remark`,`address`,`count`,`name`,`affiliation`,`builddate`,`code`,`contactor`,`email`,`legal`,`mnemonic`,`offnum`,`orgcode`,`poid`,`potype`,`tel`,`url`,`zipcode`) VALUES 
 (1,'2012-01-11 00:11:00',-1,-1,NULL,1,NULL,NULL,0,NULL,NULL,NULL,'',0,NULL,'C2012111100413800',NULL,NULL,NULL,NULL,NULL,NULL,0,0,NULL,NULL,NULL);
/*!40000 ALTER TABLE `ts_company` ENABLE KEYS */;


--
-- Definition of table `ts_country`
--

DROP TABLE IF EXISTS `ts_country`;
CREATE TABLE `ts_country` (
  `id` bigint(20) NOT NULL AUTO_INCREMENT,
  `createTime` datetime NOT NULL,
  `creator` bigint(20) NOT NULL,
  `deptId` bigint(20) NOT NULL,
  `empId` bigint(20) DEFAULT NULL,
  `isenabled` tinyint(4) NOT NULL,
  `modifier` bigint(20) DEFAULT NULL,
  `modifytime` datetime DEFAULT NULL,
  `orgid` bigint(20) NOT NULL,
  `remark` varchar(200) DEFAULT NULL,
  `code` varchar(20) NOT NULL,
  `ename` varchar(50) DEFAULT NULL,
  `fname` varchar(50) DEFAULT NULL,
  `isdefault` int(11) NOT NULL,
  `jname` varchar(50) DEFAULT NULL,
  `koname` varchar(50) DEFAULT NULL,
  `name` varchar(50) NOT NULL,
  `restypeId` bigint(20) NOT NULL,
  `twname` varchar(50) DEFAULT NULL,
  PRIMARY KEY (`id`)
) ENGINE=InnoDB AUTO_INCREMENT=3 DEFAULT CHARSET=utf8;

--
-- Dumping data for table `ts_country`
--

/*!40000 ALTER TABLE `ts_country` DISABLE KEYS */;
INSERT INTO `ts_country` (`id`,`createTime`,`creator`,`deptId`,`empId`,`isenabled`,`modifier`,`modifytime`,`orgid`,`remark`,`code`,`ename`,`fname`,`isdefault`,`jname`,`koname`,`name`,`restypeId`,`twname`) VALUES 
 (1,'2012-01-13 00:12:00',-1,-1,-1,1,NULL,NULL,0,NULL,'C2012121302414400','CHINA',NULL,1,NULL,NULL,'',18,NULL),
 (2,'2012-01-13 00:12:00',-1,-1,-1,1,NULL,NULL,0,NULL,'C2012121302465402','United States',NULL,0,NULL,NULL,'',18,NULL);
/*!40000 ALTER TABLE `ts_country` ENABLE KEYS */;


--
-- Definition of table `ts_dataaccess`
--

DROP TABLE IF EXISTS `ts_dataaccess`;
CREATE TABLE `ts_dataaccess` (
  `id` bigint(20) NOT NULL AUTO_INCREMENT,
  `accessIds` varchar(255) DEFAULT NULL,
  `accessNames` varchar(255) DEFAULT NULL,
  `level` int(11) NOT NULL,
  `menuId` bigint(20) NOT NULL,
  `userId` bigint(20) NOT NULL,
  PRIMARY KEY (`id`)
) ENGINE=InnoDB DEFAULT CHARSET=utf8;

--
-- Dumping data for table `ts_dataaccess`
--

/*!40000 ALTER TABLE `ts_dataaccess` DISABLE KEYS */;
/*!40000 ALTER TABLE `ts_dataaccess` ENABLE KEYS */;


--
-- Definition of table `ts_department`
--

DROP TABLE IF EXISTS `ts_department`;
CREATE TABLE `ts_department` (
  `id` bigint(20) NOT NULL AUTO_INCREMENT,
  `createTime` datetime NOT NULL,
  `creator` bigint(20) NOT NULL,
  `deptId` bigint(20) NOT NULL,
  `empId` bigint(20) DEFAULT NULL,
  `isenabled` tinyint(4) NOT NULL,
  `modifier` bigint(20) DEFAULT NULL,
  `modifytime` datetime DEFAULT NULL,
  `orgid` bigint(20) NOT NULL,
  `remark` varchar(200) DEFAULT NULL,
  `address` varchar(200) DEFAULT NULL,
  `builddate` datetime DEFAULT NULL,
  `code` varchar(20) NOT NULL,
  `contactor` varchar(20) DEFAULT NULL,
  `email` varchar(50) DEFAULT NULL,
  `mnemonic` varchar(100) DEFAULT NULL,
  `mperson` varchar(50) DEFAULT NULL,
  `name` varchar(100) NOT NULL,
  `poid` bigint(20) DEFAULT NULL,
  `potype` int(11) DEFAULT NULL,
  `tel` varchar(20) DEFAULT NULL,
  `url` varchar(150) DEFAULT NULL,
  `zipcode` varchar(20) DEFAULT NULL,
  PRIMARY KEY (`id`)
) ENGINE=InnoDB AUTO_INCREMENT=5 DEFAULT CHARSET=utf8;

--
-- Dumping data for table `ts_department`
--

/*!40000 ALTER TABLE `ts_department` DISABLE KEYS */;
INSERT INTO `ts_department` (`id`,`createTime`,`creator`,`deptId`,`empId`,`isenabled`,`modifier`,`modifytime`,`orgid`,`remark`,`address`,`builddate`,`code`,`contactor`,`email`,`mnemonic`,`mperson`,`name`,`poid`,`potype`,`tel`,`url`,`zipcode`) VALUES 
 (1,'2012-01-11 00:11:00',-1,-1,NULL,1,NULL,NULL,0,NULL,NULL,NULL,'D2012111101393800',NULL,NULL,NULL,NULL,'',1,1,NULL,NULL,NULL),
 (2,'2012-01-12 00:11:00',-1,-1,NULL,1,NULL,NULL,0,NULL,NULL,NULL,'D2012111209494802',NULL,NULL,NULL,NULL,'',1,1,NULL,NULL,NULL),
 (3,'2012-01-09 00:12:00',-1,-1,NULL,1,NULL,NULL,0,NULL,NULL,NULL,'D2012120907572104',NULL,NULL,NULL,NULL,'',2,1,NULL,NULL,NULL),
 (4,'2013-01-08 00:01:00',1,-1,-1,1,NULL,NULL,-1,NULL,NULL,NULL,'D2013010804014106',NULL,NULL,NULL,NULL,'',1,1,NULL,NULL,NULL);
/*!40000 ALTER TABLE `ts_department` ENABLE KEYS */;


--
-- Definition of table `ts_dept`
--

DROP TABLE IF EXISTS `ts_dept`;
CREATE TABLE `ts_dept` (
  `id` bigint(20) NOT NULL AUTO_INCREMENT,
  `createTime` datetime NOT NULL,
  `creator` bigint(20) NOT NULL,
  `deptId` bigint(20) NOT NULL,
  `empId` bigint(20) DEFAULT NULL,
  `isenabled` tinyint(4) NOT NULL,
  `modifier` bigint(20) DEFAULT NULL,
  `modifytime` datetime DEFAULT NULL,
  `orgid` bigint(20) NOT NULL,
  `remark` varchar(200) DEFAULT NULL,
  `address` varchar(50) DEFAULT NULL,
  `company` varchar(50) DEFAULT NULL,
  `count` int(11) DEFAULT NULL,
  PRIMARY KEY (`id`)
) ENGINE=InnoDB DEFAULT CHARSET=utf8;

--
-- Dumping data for table `ts_dept`
--

/*!40000 ALTER TABLE `ts_dept` DISABLE KEYS */;
/*!40000 ALTER TABLE `ts_dept` ENABLE KEYS */;


--
-- Definition of table `ts_estate`
--

DROP TABLE IF EXISTS `ts_estate`;
CREATE TABLE `ts_estate` (
  `id` bigint(20) NOT NULL AUTO_INCREMENT,
  `createTime` datetime NOT NULL,
  `creator` bigint(20) NOT NULL,
  `deptId` bigint(20) NOT NULL,
  `empId` bigint(20) DEFAULT NULL,
  `isenabled` tinyint(4) NOT NULL,
  `modifier` bigint(20) DEFAULT NULL,
  `modifytime` datetime DEFAULT NULL,
  `orgid` bigint(20) NOT NULL,
  `remark` varchar(200) DEFAULT NULL,
  `address` varchar(200) NOT NULL,
  `area` double DEFAULT NULL,
  `buyDate` datetime NOT NULL,
  `buyType` int(11) NOT NULL,
  `contributions` decimal(19,2) DEFAULT NULL,
  `customerId` bigint(20) NOT NULL,
  `houseYear` int(11) DEFAULT NULL,
  `installments` int(11) DEFAULT NULL,
  `loanAmount` decimal(19,2) DEFAULT NULL,
  `loanYear` varchar(10) DEFAULT NULL,
  `mortBank` varchar(100) DEFAULT NULL,
  `price` decimal(19,2) DEFAULT NULL,
  `runtime` varchar(10) DEFAULT NULL,
  `supCount` int(11) DEFAULT NULL,
  `totalInstall` int(11) DEFAULT NULL,
  `whoLived` varchar(50) DEFAULT NULL,
  `zAmount` decimal(19,2) DEFAULT NULL,
  PRIMARY KEY (`id`)
) ENGINE=InnoDB DEFAULT CHARSET=utf8;

--
-- Dumping data for table `ts_estate`
--

/*!40000 ALTER TABLE `ts_estate` DISABLE KEYS */;
/*!40000 ALTER TABLE `ts_estate` ENABLE KEYS */;


--
-- Definition of table `ts_fieldcustom`
--

DROP TABLE IF EXISTS `ts_fieldcustom`;
CREATE TABLE `ts_fieldcustom` (
  `id` bigint(20) NOT NULL AUTO_INCREMENT,
  `createTime` datetime NOT NULL,
  `creator` bigint(20) NOT NULL,
  `deptId` bigint(20) NOT NULL,
  `empId` bigint(20) DEFAULT NULL,
  `isenabled` tinyint(4) NOT NULL,
  `modifier` bigint(20) DEFAULT NULL,
  `modifytime` datetime DEFAULT NULL,
  `orgid` bigint(20) NOT NULL,
  `remark` varchar(200) DEFAULT NULL,
  `col` int(11) DEFAULT NULL,
  `controlType` int(11) NOT NULL,
  `datasource` varchar(200) DEFAULT NULL,
  `dispName` varchar(50) NOT NULL,
  `dval` varchar(50) DEFAULT NULL,
  `ename` varchar(50) DEFAULT NULL,
  `fname` varchar(50) DEFAULT NULL,
  `formdiyId` bigint(20) NOT NULL,
  `height` int(11) DEFAULT NULL,
  `jname` varchar(50) DEFAULT NULL,
  `koname` varchar(50) DEFAULT NULL,
  `maxlength` int(11) DEFAULT NULL,
  `name` varchar(30) NOT NULL,
  `row` int(11) DEFAULT NULL,
  `twname` varchar(50) DEFAULT NULL,
  `width` int(11) DEFAULT NULL,
  PRIMARY KEY (`id`)
) ENGINE=InnoDB AUTO_INCREMENT=17 DEFAULT CHARSET=utf8;

--
-- Dumping data for table `ts_fieldcustom`
--

/*!40000 ALTER TABLE `ts_fieldcustom` DISABLE KEYS */;
INSERT INTO `ts_fieldcustom` (`id`,`createTime`,`creator`,`deptId`,`empId`,`isenabled`,`modifier`,`modifytime`,`orgid`,`remark`,`col`,`controlType`,`datasource`,`dispName`,`dval`,`ename`,`fname`,`formdiyId`,`height`,`jname`,`koname`,`maxlength`,`name`,`row`,`twname`,`width`) VALUES 
 (1,'2012-01-26 00:11:00',-1,-1,NULL,0,-1,'2012-01-28 00:11:00',0,NULL,NULL,0,NULL,'WW11',NULL,NULL,NULL,3,NULL,NULL,NULL,21,'WW',3,NULL,NULL),
 (2,'2012-01-26 00:11:00',-1,-1,NULL,1,-1,'2012-01-27 00:11:00',0,NULL,11,1,NULL,'qq','11',NULL,NULL,1,NULL,NULL,NULL,12,'qqq',33,NULL,NULL),
 (3,'2012-01-28 00:11:00',-1,-1,NULL,1,NULL,NULL,0,NULL,NULL,1,NULL,'yyy',NULL,NULL,NULL,2,NULL,NULL,NULL,0,'yyy',NULL,NULL,NULL),
 (4,'2012-01-28 00:11:00',-1,-1,NULL,-1,NULL,NULL,0,NULL,NULL,1,NULL,'uuu',NULL,NULL,NULL,21,NULL,NULL,NULL,0,'uu',NULL,NULL,NULL),
 (5,'2012-01-28 00:11:00',-1,-1,NULL,0,NULL,NULL,0,NULL,NULL,1,NULL,'ww',NULL,NULL,NULL,1,NULL,NULL,NULL,0,'www',NULL,NULL,NULL),
 (6,'2012-01-28 00:11:00',-1,-1,NULL,0,NULL,NULL,0,NULL,NULL,2,NULL,'444',NULL,NULL,NULL,1,NULL,NULL,NULL,0,'444',NULL,NULL,NULL),
 (7,'2012-01-28 00:11:00',-1,-1,NULL,1,-1,'2012-01-28 00:11:00',0,NULL,NULL,2,NULL,'1111',NULL,NULL,NULL,1,NULL,NULL,NULL,0,'111',NULL,NULL,NULL),
 (8,'2012-01-28 00:11:00',-1,-1,NULL,1,-1,'2012-01-28 00:11:00',0,NULL,NULL,1,NULL,'444',NULL,NULL,NULL,2,NULL,NULL,NULL,0,'44',NULL,NULL,NULL),
 (9,'2012-01-28 00:11:00',-1,-1,NULL,1,NULL,NULL,0,NULL,NULL,1,NULL,'44',NULL,NULL,NULL,1,NULL,NULL,NULL,0,'44',NULL,NULL,NULL),
 (10,'2012-01-28 00:11:00',-1,-1,NULL,1,-1,'2012-01-28 00:11:00',0,NULL,NULL,2,NULL,'2223',NULL,NULL,NULL,22,NULL,NULL,NULL,0,'eee',NULL,NULL,NULL),
 (11,'2012-01-28 00:11:00',-1,-1,NULL,0,-1,'2012-01-28 00:11:00',0,NULL,NULL,2,NULL,'4443',NULL,NULL,NULL,3,NULL,NULL,NULL,0,'44',NULL,NULL,NULL),
 (12,'2012-01-28 00:11:00',-1,-1,NULL,0,-1,'2012-01-28 00:11:00',0,NULL,NULL,4,NULL,'rr33',NULL,NULL,NULL,18,NULL,NULL,NULL,0,'rr',NULL,NULL,NULL),
 (13,'2012-01-28 00:11:00',-1,-1,NULL,1,NULL,NULL,0,NULL,NULL,1,NULL,'44',NULL,NULL,NULL,24,NULL,NULL,NULL,0,'444',NULL,NULL,NULL),
 (14,'2012-01-28 00:11:00',-1,-1,NULL,0,NULL,NULL,0,NULL,NULL,1,NULL,'33',NULL,NULL,NULL,24,NULL,NULL,NULL,0,'33',NULL,NULL,NULL),
 (15,'2012-01-28 00:11:00',-1,-1,NULL,1,-1,'2012-01-28 00:11:00',0,NULL,NULL,3,NULL,'33',NULL,NULL,NULL,24,NULL,NULL,NULL,0,'33',NULL,NULL,NULL),
 (16,'2012-01-28 00:11:00',-1,-1,NULL,1,NULL,NULL,0,NULL,NULL,1,NULL,'www',NULL,NULL,NULL,21,NULL,NULL,NULL,0,'www',NULL,NULL,NULL);
/*!40000 ALTER TABLE `ts_fieldcustom` ENABLE KEYS */;


--
-- Definition of table `ts_fieldprop`
--

DROP TABLE IF EXISTS `ts_fieldprop`;
CREATE TABLE `ts_fieldprop` (
  `id` bigint(20) NOT NULL AUTO_INCREMENT,
  `createTime` datetime NOT NULL,
  `creator` bigint(20) NOT NULL,
  `deptId` bigint(20) NOT NULL,
  `empId` bigint(20) DEFAULT NULL,
  `isenabled` tinyint(4) NOT NULL,
  `modifier` bigint(20) DEFAULT NULL,
  `modifytime` datetime DEFAULT NULL,
  `orgid` bigint(20) NOT NULL,
  `remark` varchar(200) DEFAULT NULL,
  `dispName` varchar(50) NOT NULL,
  `ename` varchar(50) DEFAULT NULL,
  `fname` varchar(50) DEFAULT NULL,
  `formdiyId` bigint(20) NOT NULL,
  `isRequired` int(11) DEFAULT NULL,
  `jname` varchar(50) DEFAULT NULL,
  `koname` varchar(50) DEFAULT NULL,
  `name` varchar(30) NOT NULL,
  `standName` varchar(30) NOT NULL,
  `twname` varchar(50) DEFAULT NULL,
  PRIMARY KEY (`id`)
) ENGINE=InnoDB AUTO_INCREMENT=13 DEFAULT CHARSET=utf8;

--
-- Dumping data for table `ts_fieldprop`
--

/*!40000 ALTER TABLE `ts_fieldprop` DISABLE KEYS */;
INSERT INTO `ts_fieldprop` (`id`,`createTime`,`creator`,`deptId`,`empId`,`isenabled`,`modifier`,`modifytime`,`orgid`,`remark`,`dispName`,`ename`,`fname`,`formdiyId`,`isRequired`,`jname`,`koname`,`name`,`standName`,`twname`) VALUES 
 (1,'2012-01-27 00:11:00',-1,-1,NULL,1,-1,'2012-01-27 00:11:00',0,NULL,'xxx',NULL,NULL,18,0,NULL,NULL,'xx','ffff',NULL),
 (5,'2012-01-28 00:11:00',-1,-1,NULL,0,NULL,NULL,0,NULL,'ee',NULL,NULL,1,0,NULL,NULL,'eee','ee',NULL),
 (6,'2012-01-28 00:11:00',-1,-1,NULL,1,NULL,NULL,0,NULL,'uu',NULL,NULL,2,1,NULL,NULL,'uuu','uu',NULL),
 (7,'2012-01-28 00:11:00',-1,-1,NULL,1,NULL,NULL,0,NULL,'iii',NULL,NULL,2,1,NULL,NULL,'ii','ii',NULL),
 (8,'2012-01-28 00:11:00',-1,-1,NULL,1,-1,'2012-01-28 00:11:00',0,NULL,'ww',NULL,NULL,21,0,NULL,NULL,'www','wwwwww',NULL),
 (9,'2012-01-28 00:11:00',-1,-1,NULL,1,-1,'2012-01-28 00:11:00',0,NULL,'333ww',NULL,NULL,21,0,NULL,NULL,'333','333',NULL),
 (10,'2012-01-28 00:11:00',-1,-1,NULL,1,-1,'2012-01-28 00:11:00',0,NULL,'44ww',NULL,NULL,22,0,NULL,NULL,'44','44',NULL),
 (11,'2012-01-28 00:11:00',-1,-1,NULL,1,NULL,NULL,0,NULL,'555',NULL,NULL,18,0,NULL,NULL,'555','555',NULL),
 (12,'2012-01-28 00:11:00',-1,-1,NULL,0,-1,'2012-01-28 00:11:00',0,NULL,'88',NULL,NULL,18,0,NULL,NULL,'88833','888',NULL);
/*!40000 ALTER TABLE `ts_fieldprop` ENABLE KEYS */;


--
-- Definition of table `ts_formcfg`
--

DROP TABLE IF EXISTS `ts_formcfg`;
CREATE TABLE `ts_formcfg` (
  `id` bigint(20) NOT NULL AUTO_INCREMENT,
  `createTime` datetime NOT NULL,
  `creator` bigint(20) NOT NULL,
  `deptId` bigint(20) NOT NULL,
  `empId` bigint(20) DEFAULT NULL,
  `isenabled` tinyint(4) NOT NULL,
  `modifier` bigint(20) DEFAULT NULL,
  `modifytime` datetime DEFAULT NULL,
  `orgid` bigint(20) NOT NULL,
  `remark` varchar(200) DEFAULT NULL,
  `custFormId` bigint(20) NOT NULL,
  `funRights` varchar(100) NOT NULL,
  `nodeId` bigint(20) NOT NULL,
  `opType` int(11) NOT NULL,
  `orderNo` int(11) NOT NULL,
  PRIMARY KEY (`id`)
) ENGINE=InnoDB AUTO_INCREMENT=59 DEFAULT CHARSET=utf8;

--
-- Dumping data for table `ts_formcfg`
--

/*!40000 ALTER TABLE `ts_formcfg` DISABLE KEYS */;
INSERT INTO `ts_formcfg` (`id`,`createTime`,`creator`,`deptId`,`empId`,`isenabled`,`modifier`,`modifytime`,`orgid`,`remark`,`custFormId`,`funRights`,`nodeId`,`opType`,`orderNo`) VALUES 
 (38,'2013-01-08 18:57:42',1,99999999,NULL,1,NULL,NULL,99999999,NULL,64,'',50,1,1),
 (39,'2013-01-08 18:57:42',1,99999999,NULL,1,NULL,NULL,99999999,NULL,86,',,',50,1,2),
 (40,'2013-01-08 18:57:42',1,99999999,NULL,1,NULL,NULL,99999999,NULL,62,',',50,2,0),
 (41,'2013-01-08 18:57:42',1,99999999,NULL,1,NULL,NULL,99999999,NULL,61,',',50,2,0),
 (42,'2013-01-08 18:57:42',1,99999999,NULL,1,NULL,NULL,99999999,NULL,87,'',50,2,0),
 (43,'2013-01-11 11:05:30',1,99999999,NULL,1,NULL,NULL,99999999,NULL,86,',,',51,1,2),
 (44,'2013-01-11 11:05:30',1,99999999,NULL,1,NULL,NULL,99999999,NULL,64,'',51,1,1),
 (45,'2013-01-11 11:05:30',1,99999999,NULL,1,NULL,NULL,99999999,NULL,87,'',51,2,0),
 (46,'2013-01-11 11:05:30',1,99999999,NULL,1,NULL,NULL,99999999,NULL,61,',',51,2,0),
 (47,'2013-01-11 11:05:30',1,99999999,NULL,1,NULL,NULL,99999999,NULL,62,',',51,2,0),
 (48,'2013-01-11 11:06:22',1,99999999,NULL,1,NULL,NULL,99999999,NULL,86,',,',52,1,1),
 (49,'2013-01-11 11:06:22',1,99999999,NULL,1,NULL,NULL,99999999,NULL,87,'',52,1,2),
 (50,'2013-01-11 11:06:22',1,99999999,NULL,1,NULL,NULL,99999999,NULL,62,',',52,2,0),
 (51,'2013-01-11 11:06:22',1,99999999,NULL,1,NULL,NULL,99999999,NULL,61,',',52,2,0),
 (52,'2013-01-11 11:06:22',1,99999999,NULL,1,NULL,NULL,99999999,NULL,87,'',52,2,0),
 (53,'2013-01-11 20:18:11',1,99999999,NULL,1,NULL,NULL,99999999,NULL,61,',',53,1,0),
 (54,'2013-01-11 20:18:11',1,99999999,NULL,1,NULL,NULL,99999999,NULL,87,'',53,1,2),
 (55,'2013-01-11 20:18:11',1,99999999,NULL,1,NULL,NULL,99999999,NULL,86,',,',53,1,1),
 (56,'2013-01-11 20:18:11',1,99999999,NULL,1,NULL,NULL,99999999,NULL,87,'',53,2,0),
 (57,'2013-01-11 20:18:11',1,99999999,NULL,1,NULL,NULL,99999999,NULL,61,',',53,2,0),
 (58,'2013-01-11 20:18:11',1,99999999,NULL,1,NULL,NULL,99999999,NULL,62,',',53,2,0);
/*!40000 ALTER TABLE `ts_formcfg` ENABLE KEYS */;


--
-- Definition of table `ts_formdiy`
--

DROP TABLE IF EXISTS `ts_formdiy`;
CREATE TABLE `ts_formdiy` (
  `id` bigint(20) NOT NULL AUTO_INCREMENT,
  `createTime` datetime NOT NULL,
  `creator` bigint(20) NOT NULL,
  `deptId` bigint(20) NOT NULL,
  `empId` bigint(20) DEFAULT NULL,
  `isenabled` tinyint(4) NOT NULL,
  `modifier` bigint(20) DEFAULT NULL,
  `modifytime` datetime DEFAULT NULL,
  `orgid` bigint(20) NOT NULL,
  `remark` varchar(200) DEFAULT NULL,
  `frecode` varchar(200) DEFAULT NULL,
  `funcs` varchar(200) DEFAULT NULL,
  `isRestype` int(11) NOT NULL,
  `maxCmncount` int(11) DEFAULT NULL,
  `name` varchar(50) NOT NULL,
  `recode` varchar(50) NOT NULL,
  `sysid` bigint(20) NOT NULL,
  PRIMARY KEY (`id`)
) ENGINE=InnoDB AUTO_INCREMENT=28 DEFAULT CHARSET=utf8;

--
-- Dumping data for table `ts_formdiy`
--

/*!40000 ALTER TABLE `ts_formdiy` DISABLE KEYS */;
INSERT INTO `ts_formdiy` (`id`,`createTime`,`creator`,`deptId`,`empId`,`isenabled`,`modifier`,`modifytime`,`orgid`,`remark`,`frecode`,`funcs`,`isRestype`,`maxCmncount`,`name`,`recode`,`sysid`) VALUES 
 (1,'2012-01-25 00:11:00',-1,-1,NULL,1,NULL,NULL,0,NULL,NULL,NULL,0,0,'','',1),
 (2,'2012-01-25 00:11:00',-1,-1,NULL,0,-1,'2012-01-25 00:11:00',0,NULL,NULL,'xm',0,0,'','',1),
 (3,'2012-01-25 00:11:00',-1,-1,NULL,1,-1,'2012-01-25 00:11:00',0,NULL,'','',0,1,'','',1),
 (18,'2012-01-25 00:11:00',-1,-1,NULL,1,-1,'2012-01-25 00:11:00',0,NULL,NULL,'',0,0,'','',1),
 (19,'2012-01-25 00:11:00',-1,-1,NULL,1,NULL,NULL,0,NULL,NULL,'',0,0,'','',2),
 (20,'2012-01-25 00:11:00',-1,-1,NULL,1,NULL,NULL,0,NULL,NULL,'',0,0,'','',2),
 (21,'2012-01-26 00:11:00',-1,-1,NULL,1,-1,'2012-01-26 00:11:00',0,NULL,NULL,'gw',0,0,'','',1),
 (22,'2012-01-27 00:11:00',-1,-1,NULL,1,-1,'2012-01-28 00:11:00',0,NULL,NULL,'tt',0,0,'tt22','tt',1),
 (23,'2012-01-28 00:11:00',-1,-1,NULL,-1,NULL,NULL,0,'eee','ee','ee',0,11,'ee','eee',1),
 (24,'2012-01-28 00:11:00',-1,-1,NULL,1,NULL,NULL,0,'22','22','22',0,22,'22','22',1),
 (25,'2012-01-28 00:11:00',-1,-1,NULL,1,NULL,NULL,0,NULL,'1234','1234',0,0,'1234','1234',1),
 (26,'2012-01-10 00:12:00',-1,-1,NULL,1,-1,'2012-01-11 00:12:00',0,NULL,NULL,NULL,0,0,'zzz','xx',1),
 (27,'2012-01-27 00:12:00',-1,-1,-1,1,NULL,NULL,0,NULL,'12','dd',0,20,'','12',1);
/*!40000 ALTER TABLE `ts_formdiy` ENABLE KEYS */;


--
-- Definition of table `ts_formrecords`
--

DROP TABLE IF EXISTS `ts_formrecords`;
CREATE TABLE `ts_formrecords` (
  `id` bigint(20) NOT NULL AUTO_INCREMENT,
  `custFormId` bigint(20) NOT NULL,
  `nodeId` bigint(20) NOT NULL,
  `userId` bigint(20) DEFAULT NULL,
  PRIMARY KEY (`id`)
) ENGINE=InnoDB DEFAULT CHARSET=utf8;

--
-- Dumping data for table `ts_formrecords`
--

/*!40000 ALTER TABLE `ts_formrecords` DISABLE KEYS */;
/*!40000 ALTER TABLE `ts_formrecords` ENABLE KEYS */;


--
-- Definition of table `ts_formula`
--

DROP TABLE IF EXISTS `ts_formula`;
CREATE TABLE `ts_formula` (
  `id` bigint(20) NOT NULL AUTO_INCREMENT,
  `createTime` datetime NOT NULL,
  `creator` bigint(20) NOT NULL,
  `deptId` bigint(20) NOT NULL,
  `empId` bigint(20) DEFAULT NULL,
  `isenabled` tinyint(4) NOT NULL,
  `modifier` bigint(20) DEFAULT NULL,
  `modifytime` datetime DEFAULT NULL,
  `orgid` bigint(20) NOT NULL,
  `remark` varchar(200) DEFAULT NULL,
  `code` varchar(20) NOT NULL,
  `dispExpress` varchar(255) NOT NULL,
  `express` varchar(255) NOT NULL,
  `fieldIds` varchar(150) DEFAULT NULL,
  PRIMARY KEY (`id`)
) ENGINE=InnoDB AUTO_INCREMENT=3 DEFAULT CHARSET=utf8;

--
-- Dumping data for table `ts_formula`
--

/*!40000 ALTER TABLE `ts_formula` DISABLE KEYS */;
INSERT INTO `ts_formula` (`id`,`createTime`,`creator`,`deptId`,`empId`,`isenabled`,`modifier`,`modifytime`,`orgid`,`remark`,`code`,`dispExpress`,`express`,`fieldIds`) VALUES 
 (1,'2012-01-07 00:12:00',-1,-1,NULL,0,NULL,NULL,0,NULL,'F2012120709350800','xxxxx','xxxx',NULL),
 (2,'2012-01-07 00:12:00',-1,-1,NULL,0,-1,'2012-01-08 00:12:00',0,NULL,'xx','xxx','xxxx',NULL);
/*!40000 ALTER TABLE `ts_formula` ENABLE KEYS */;


--
-- Definition of table `ts_gvlist`
--

DROP TABLE IF EXISTS `ts_gvlist`;
CREATE TABLE `ts_gvlist` (
  `id` bigint(20) NOT NULL AUTO_INCREMENT,
  `createTime` datetime NOT NULL,
  `creator` bigint(20) NOT NULL,
  `deptId` bigint(20) NOT NULL,
  `empId` bigint(20) DEFAULT NULL,
  `isenabled` tinyint(4) NOT NULL,
  `modifier` bigint(20) DEFAULT NULL,
  `modifytime` datetime DEFAULT NULL,
  `orgid` bigint(20) NOT NULL,
  `remark` varchar(200) DEFAULT NULL,
  `code` varchar(20) NOT NULL,
  `ename` varchar(50) DEFAULT NULL,
  `fname` varchar(50) DEFAULT NULL,
  `jname` varchar(50) DEFAULT NULL,
  `koname` varchar(50) DEFAULT NULL,
  `name` varchar(50) NOT NULL,
  `restypeId` bigint(20) NOT NULL,
  `twname` varchar(50) DEFAULT NULL,
  `biconCls` varchar(200) DEFAULT NULL,
  PRIMARY KEY (`id`)
) ENGINE=InnoDB AUTO_INCREMENT=85 DEFAULT CHARSET=utf8;

--
-- Dumping data for table `ts_gvlist`
--

/*!40000 ALTER TABLE `ts_gvlist` DISABLE KEYS */;
INSERT INTO `ts_gvlist` (`id`,`createTime`,`creator`,`deptId`,`empId`,`isenabled`,`modifier`,`modifytime`,`orgid`,`remark`,`code`,`ename`,`fname`,`jname`,`koname`,`name`,`restypeId`,`twname`,`biconCls`) VALUES 
 (1,'2012-01-10 00:12:00',-1,-1,-1,1,NULL,NULL,0,NULL,'G2012121011423600',NULL,NULL,NULL,NULL,'',1,NULL,NULL),
 (2,'2012-01-10 00:12:00',-1,-1,-1,1,NULL,NULL,0,NULL,'G2012121011433002',NULL,NULL,NULL,NULL,'',1,NULL,NULL),
 (3,'2012-01-10 00:12:00',-1,-1,-1,1,NULL,NULL,0,NULL,'G2012121011434104',NULL,NULL,NULL,NULL,'',1,NULL,NULL),
 (4,'2012-01-10 00:12:00',-1,-1,-1,1,NULL,NULL,0,NULL,'G2012121011435706',NULL,NULL,NULL,NULL,'',1,NULL,NULL),
 (5,'2012-01-10 00:12:00',-1,-1,-1,1,NULL,NULL,0,NULL,'G2012121011440508',NULL,NULL,NULL,NULL,'',1,NULL,NULL),
 (6,'2012-01-10 00:12:00',-1,-1,-1,1,NULL,NULL,0,NULL,'G2012121011441410',NULL,NULL,NULL,NULL,'',1,NULL,NULL),
 (7,'2012-01-10 00:12:00',-1,-1,-1,1,NULL,NULL,0,NULL,'G2012121011450312',NULL,NULL,NULL,NULL,'',2,NULL,NULL),
 (8,'2012-01-10 00:12:00',-1,-1,-1,1,NULL,NULL,0,NULL,'G2012121011451114',NULL,NULL,NULL,NULL,'',2,NULL,NULL),
 (9,'2012-01-10 00:12:00',-1,-1,-1,1,NULL,NULL,0,NULL,'G2012121011451616',NULL,NULL,NULL,NULL,'',2,NULL,NULL),
 (10,'2012-01-10 00:12:00',-1,-1,-1,1,NULL,NULL,0,NULL,'G2012121011454818',NULL,NULL,NULL,NULL,'',3,NULL,NULL),
 (11,'2012-01-10 00:12:00',-1,-1,-1,1,NULL,NULL,0,NULL,'G2012121011480320',NULL,NULL,NULL,NULL,'',3,NULL,NULL),
 (12,'2012-01-10 00:12:00',-1,-1,-1,1,NULL,NULL,0,NULL,'G2012121011481222',NULL,NULL,NULL,NULL,'/',3,NULL,NULL),
 (13,'2012-01-10 00:12:00',-1,-1,-1,1,NULL,NULL,0,NULL,'G2012121011492024',NULL,NULL,NULL,NULL,'/',3,NULL,NULL),
 (14,'2012-01-10 00:12:00',-1,-1,-1,1,NULL,NULL,0,NULL,'G2012121011500226',NULL,NULL,NULL,NULL,'',4,NULL,NULL),
 (15,'2012-01-10 00:12:00',-1,-1,-1,1,NULL,NULL,0,NULL,'G2012121011501328',NULL,NULL,NULL,NULL,'',4,NULL,NULL),
 (16,'2012-01-10 00:12:00',-1,-1,-1,1,NULL,NULL,0,NULL,'G2012121011505030',NULL,NULL,NULL,NULL,'',5,NULL,NULL),
 (17,'2012-01-10 00:12:00',-1,-1,-1,1,NULL,NULL,0,NULL,'G2012121011511632',NULL,NULL,NULL,NULL,'',6,NULL,NULL),
 (18,'2012-01-10 00:12:00',-1,-1,-1,1,NULL,NULL,0,NULL,'G2012121011512434',NULL,NULL,NULL,NULL,'',6,NULL,NULL),
 (19,'2012-01-10 00:12:00',-1,-1,-1,1,NULL,NULL,0,NULL,'G2012121011513236',NULL,NULL,NULL,NULL,'',6,NULL,NULL),
 (20,'2012-01-10 00:12:00',-1,-1,-1,1,NULL,NULL,0,NULL,'G2012121011513938',NULL,NULL,NULL,NULL,'',6,NULL,NULL),
 (21,'2012-01-10 00:12:00',-1,-1,-1,1,NULL,NULL,0,NULL,'G2012121011590040',NULL,NULL,NULL,NULL,'',7,NULL,NULL),
 (22,'2012-01-10 00:12:00',-1,-1,-1,1,NULL,NULL,0,NULL,'G2012121011591242',NULL,NULL,NULL,NULL,'',7,NULL,NULL),
 (23,'2012-01-10 00:12:00',-1,-1,-1,1,NULL,NULL,0,NULL,'G2012121011592244',NULL,NULL,NULL,NULL,'',7,NULL,NULL),
 (24,'2012-01-10 00:12:00',-1,-1,-1,1,NULL,NULL,0,NULL,'G2012121011593046',NULL,NULL,NULL,NULL,'',7,NULL,NULL),
 (25,'2012-01-10 00:12:00',-1,-1,-1,1,NULL,NULL,0,NULL,'G2012121000012648',NULL,NULL,NULL,NULL,'',8,NULL,NULL),
 (26,'2012-01-10 00:12:00',-1,-1,-1,1,NULL,NULL,0,NULL,'G2012121000013850',NULL,NULL,NULL,NULL,'',8,NULL,NULL),
 (27,'2012-01-10 00:12:00',-1,-1,-1,1,NULL,NULL,0,NULL,'G2012121000015452',NULL,NULL,NULL,NULL,'/',8,NULL,NULL),
 (28,'2012-01-10 00:12:00',-1,-1,-1,1,NULL,NULL,0,NULL,'G2012121000021354',NULL,NULL,NULL,NULL,'',8,NULL,NULL),
 (29,'2012-01-10 00:12:00',-1,-1,-1,1,NULL,NULL,0,NULL,'G2012121000022256',NULL,NULL,NULL,NULL,'',8,NULL,NULL),
 (30,'2012-01-10 00:12:00',-1,-1,-1,1,NULL,NULL,0,NULL,'G2012121000023058',NULL,NULL,NULL,NULL,'',8,NULL,NULL),
 (31,'2012-01-10 00:12:00',-1,-1,-1,1,NULL,NULL,0,NULL,'G2012121000024260',NULL,NULL,NULL,NULL,'',8,NULL,NULL),
 (32,'2012-01-10 00:12:00',-1,-1,-1,1,NULL,NULL,0,NULL,'G2012121000043762',NULL,NULL,NULL,NULL,'',9,NULL,NULL),
 (33,'2012-01-10 00:12:00',-1,-1,-1,1,NULL,NULL,0,NULL,'G2012121000044764',NULL,NULL,NULL,NULL,'',9,NULL,NULL),
 (34,'2012-01-10 00:12:00',-1,-1,-1,1,NULL,NULL,0,NULL,'G2012121000045766',NULL,NULL,NULL,NULL,'',9,NULL,NULL),
 (35,'2012-01-10 00:12:00',-1,-1,-1,1,NULL,NULL,0,NULL,'G2012121000051068',NULL,NULL,NULL,NULL,'',9,NULL,NULL),
 (36,'2012-01-10 00:12:00',-1,-1,-1,1,NULL,NULL,0,NULL,'G2012121000052070',NULL,NULL,NULL,NULL,'',9,NULL,NULL),
 (37,'2012-01-10 00:12:00',-1,-1,-1,1,NULL,NULL,0,NULL,'G2012121000052872',NULL,NULL,NULL,NULL,'',9,NULL,NULL),
 (38,'2012-01-10 00:12:00',-1,-1,-1,1,NULL,NULL,0,NULL,'G2012121000053874',NULL,NULL,NULL,NULL,'',9,NULL,NULL),
 (39,'2012-01-10 00:12:00',-1,-1,-1,1,NULL,NULL,0,NULL,'G2012121000062676',NULL,NULL,NULL,NULL,'',10,NULL,NULL),
 (40,'2012-01-10 00:12:00',-1,-1,-1,1,NULL,NULL,0,NULL,'G2012121000063478',NULL,NULL,NULL,NULL,'',10,NULL,NULL),
 (41,'2012-01-10 00:12:00',-1,-1,-1,1,NULL,NULL,0,NULL,'G2012121000064180',NULL,NULL,NULL,NULL,'',10,NULL,NULL),
 (42,'2012-01-10 00:12:00',-1,-1,-1,1,NULL,NULL,0,NULL,'G2012121000420082',NULL,NULL,NULL,NULL,'',11,NULL,NULL),
 (43,'2012-01-10 00:12:00',-1,-1,-1,1,NULL,NULL,0,NULL,'G2012121000420584',NULL,NULL,NULL,NULL,'',11,NULL,NULL),
 (44,'2012-01-10 00:12:00',-1,-1,-1,1,NULL,NULL,0,NULL,'G2012121000425786',NULL,NULL,NULL,NULL,'',12,NULL,NULL),
 (45,'2012-01-10 00:12:00',-1,-1,-1,1,NULL,NULL,0,NULL,'G2012121000430988',NULL,NULL,NULL,NULL,'',12,NULL,NULL),
 (46,'2012-01-10 00:12:00',-1,-1,-1,1,NULL,NULL,0,NULL,'G2012121000431690',NULL,NULL,NULL,NULL,'',12,NULL,NULL),
 (47,'2012-01-10 00:12:00',-1,-1,-1,1,NULL,NULL,0,NULL,'G2012121000434392',NULL,NULL,NULL,NULL,'',13,NULL,NULL),
 (48,'2012-01-10 00:12:00',-1,-1,-1,1,NULL,NULL,0,NULL,'G2012121000435294',NULL,NULL,NULL,NULL,'',13,NULL,NULL),
 (49,'2012-01-10 00:12:00',-1,-1,-1,1,NULL,NULL,0,NULL,'G2012121000440296',NULL,NULL,NULL,NULL,'',13,NULL,NULL),
 (50,'2012-01-10 00:12:00',-1,-1,-1,1,NULL,NULL,0,NULL,'G2012121001280398',NULL,NULL,NULL,NULL,'',14,NULL,NULL),
 (51,'2012-01-10 00:12:00',-1,-1,-1,1,NULL,NULL,0,NULL,'G20121210012813100',NULL,NULL,NULL,NULL,'',14,NULL,NULL),
 (52,'2012-01-10 00:12:00',-1,-1,-1,1,NULL,NULL,0,NULL,'G20121210012820102',NULL,NULL,NULL,NULL,'',14,NULL,NULL),
 (53,'2012-01-10 00:12:00',-1,-1,-1,1,NULL,NULL,0,NULL,'G20121210012827104',NULL,NULL,NULL,NULL,'',14,NULL,NULL),
 (54,'2012-01-10 00:12:00',-1,-1,-1,1,NULL,NULL,0,NULL,'G20121210012836106',NULL,NULL,NULL,NULL,'',14,NULL,NULL),
 (55,'2012-01-10 00:12:00',-1,-1,-1,1,NULL,NULL,0,NULL,'G20121210012843108',NULL,NULL,NULL,NULL,'',14,NULL,NULL),
 (56,'2012-01-10 00:12:00',-1,-1,-1,1,NULL,NULL,0,NULL,'G20121210012921110',NULL,NULL,NULL,NULL,'',15,NULL,NULL),
 (57,'2012-01-10 00:12:00',-1,-1,-1,1,NULL,NULL,0,NULL,'G20121210012928112',NULL,NULL,NULL,NULL,'',15,NULL,NULL),
 (58,'2012-01-10 00:12:00',-1,-1,-1,1,NULL,NULL,0,NULL,'G20121210012936114',NULL,NULL,NULL,NULL,'',15,NULL,NULL),
 (59,'2012-01-10 00:12:00',-1,-1,-1,1,NULL,NULL,0,NULL,'G20121210012944116',NULL,NULL,NULL,NULL,'',15,NULL,NULL),
 (60,'2012-01-10 00:12:00',-1,-1,-1,1,NULL,NULL,0,NULL,'G20121210012951118',NULL,NULL,NULL,NULL,'',15,NULL,NULL),
 (61,'2012-01-10 00:12:00',-1,-1,-1,1,NULL,NULL,0,NULL,'G20121210013048120',NULL,NULL,NULL,NULL,'',16,NULL,NULL),
 (62,'2012-01-10 00:12:00',-1,-1,-1,1,NULL,NULL,0,NULL,'G20121210013058122',NULL,NULL,NULL,NULL,'',16,NULL,NULL),
 (63,'2012-01-10 00:12:00',-1,-1,-1,1,NULL,NULL,0,NULL,'G20121210013108124',NULL,NULL,NULL,NULL,'',16,NULL,NULL),
 (64,'2012-01-10 00:12:00',-1,-1,-1,1,NULL,NULL,0,NULL,'G20121210013114126',NULL,NULL,NULL,NULL,'',16,NULL,NULL),
 (65,'2012-01-10 00:12:00',-1,-1,-1,1,NULL,NULL,0,NULL,'G20121210013124128',NULL,NULL,NULL,NULL,'',16,NULL,NULL),
 (66,'2012-01-10 00:12:00',-1,-1,-1,1,NULL,NULL,0,NULL,'G20121210013131130',NULL,NULL,NULL,NULL,'',16,NULL,NULL),
 (67,'2012-01-10 00:12:00',-1,-1,-1,1,NULL,NULL,0,NULL,'G20121210013139132',NULL,NULL,NULL,NULL,'',16,NULL,NULL),
 (68,'2012-01-10 00:12:00',-1,-1,-1,1,NULL,NULL,0,NULL,'G20121210013222134',NULL,NULL,NULL,NULL,'',17,NULL,NULL),
 (69,'2012-01-10 00:12:00',-1,-1,-1,1,NULL,NULL,0,NULL,'G20121210013226136',NULL,NULL,NULL,NULL,'',17,NULL,NULL),
 (70,'2012-01-10 00:12:00',-1,-1,-1,1,NULL,NULL,0,NULL,'G20121210013233138',NULL,NULL,NULL,NULL,'',17,NULL,NULL),
 (71,'2012-01-16 00:12:00',-1,-1,-1,1,NULL,NULL,0,NULL,'G20121216033457140',NULL,NULL,NULL,NULL,'',19,NULL,NULL),
 (72,'2012-01-16 00:12:00',-1,-1,-1,1,NULL,NULL,0,NULL,'G20121216033515142',NULL,NULL,NULL,NULL,'',19,NULL,NULL),
 (73,'2012-01-16 00:12:00',-1,-1,-1,1,NULL,NULL,0,NULL,'G20121216033526144',NULL,NULL,NULL,NULL,'',19,NULL,NULL),
 (74,'2012-01-16 00:12:00',-1,-1,-1,1,NULL,NULL,0,NULL,'G20121216033541146',NULL,NULL,NULL,NULL,'',19,NULL,NULL),
 (75,'2012-01-16 00:12:00',-1,-1,-1,1,NULL,NULL,0,NULL,'G20121216033551148',NULL,NULL,NULL,NULL,'',19,NULL,NULL),
 (76,'2012-01-18 00:12:00',-1,-1,-1,1,NULL,NULL,0,NULL,'G20121218041122150',NULL,NULL,NULL,NULL,'',20,NULL,NULL),
 (77,'2012-01-18 00:12:00',-1,-1,-1,1,NULL,NULL,0,NULL,'G20121218041135152',NULL,NULL,NULL,NULL,'',20,NULL,NULL),
 (78,'2012-01-18 00:12:00',-1,-1,-1,1,NULL,NULL,0,NULL,'G20121218041144154',NULL,NULL,NULL,NULL,'',20,NULL,NULL),
 (79,'2013-01-05 00:01:00',1,-1,NULL,1,1,'2013-01-07 00:01:00',-1,NULL,'G20130105024146156',NULL,NULL,NULL,NULL,'',21,NULL,'images/big_icons/48x48/animations/go-home-6.png'),
 (80,'2013-01-05 00:01:00',1,-1,NULL,1,1,'2013-01-07 00:01:00',-1,NULL,'G20130105024229158',NULL,NULL,NULL,NULL,'',21,NULL,'images/big_icons/48x48/apps/armagetron_advanced.png'),
 (81,'2013-01-05 00:01:00',1,-1,-1,1,NULL,NULL,-1,NULL,'G20130105024247160',NULL,NULL,NULL,NULL,'',21,NULL,NULL),
 (82,'2013-01-05 00:01:00',1,-1,-1,1,NULL,NULL,-1,NULL,'G20130105024255162',NULL,NULL,NULL,NULL,'',21,NULL,NULL),
 (83,'2013-01-05 00:01:00',1,-1,NULL,1,1,'2013-01-08 00:01:00',-1,NULL,'G20130105024324164',NULL,NULL,NULL,NULL,'',22,NULL,'images/big_icons/48x48/apps/stock3.png'),
 (84,'2013-01-05 00:01:00',1,-1,-1,1,NULL,NULL,-1,NULL,'G20130105024334166',NULL,NULL,NULL,NULL,'',22,NULL,NULL);
/*!40000 ALTER TABLE `ts_gvlist` ENABLE KEYS */;


--
-- Definition of table `ts_holidays`
--

DROP TABLE IF EXISTS `ts_holidays`;
CREATE TABLE `ts_holidays` (
  `id` bigint(20) NOT NULL AUTO_INCREMENT,
  `createTime` datetime NOT NULL,
  `creator` bigint(20) NOT NULL,
  `deptId` bigint(20) NOT NULL,
  `empId` bigint(20) DEFAULT NULL,
  `isenabled` tinyint(4) NOT NULL,
  `modifier` bigint(20) DEFAULT NULL,
  `modifytime` datetime DEFAULT NULL,
  `orgid` bigint(20) NOT NULL,
  `remark` varchar(200) DEFAULT NULL,
  `edate` datetime NOT NULL,
  `name` varchar(100) NOT NULL,
  `orderNo` int(11) NOT NULL,
  `sdate` datetime NOT NULL,
  PRIMARY KEY (`id`)
) ENGINE=InnoDB AUTO_INCREMENT=55 DEFAULT CHARSET=utf8;

--
-- Dumping data for table `ts_holidays`
--

/*!40000 ALTER TABLE `ts_holidays` DISABLE KEYS */;
INSERT INTO `ts_holidays` (`id`,`createTime`,`creator`,`deptId`,`empId`,`isenabled`,`modifier`,`modifytime`,`orgid`,`remark`,`edate`,`name`,`orderNo`,`sdate`) VALUES 
 (1,'2012-12-03 19:42:57',-1,-1,-1,1,NULL,NULL,0,NULL,'2012-12-30 00:00:00','',1,'2012-12-29 00:00:00'),
 (2,'2012-12-03 19:42:57',-1,-1,-1,1,NULL,NULL,0,NULL,'2013-01-06 00:00:00','',1,'2013-01-05 00:00:00'),
 (3,'2012-12-03 19:42:57',-1,-1,-1,1,NULL,NULL,0,NULL,'2013-01-13 00:00:00','',1,'2013-01-12 00:00:00'),
 (4,'2012-12-03 19:42:57',-1,-1,-1,1,NULL,NULL,0,NULL,'2013-01-20 00:00:00','',1,'2013-01-19 00:00:00'),
 (5,'2012-12-03 19:42:57',-1,-1,-1,1,NULL,NULL,0,NULL,'2013-01-27 00:00:00','',1,'2013-01-26 00:00:00'),
 (6,'2012-12-03 19:42:57',-1,-1,-1,1,NULL,NULL,0,NULL,'2013-02-03 00:00:00','',1,'2013-02-02 00:00:00'),
 (7,'2012-12-03 19:42:57',-1,-1,-1,1,NULL,NULL,0,NULL,'2013-02-10 00:00:00','',1,'2013-02-09 00:00:00'),
 (8,'2012-12-03 19:42:57',-1,-1,-1,1,NULL,NULL,0,NULL,'2013-02-17 00:00:00','',1,'2013-02-16 00:00:00'),
 (9,'2012-12-03 19:42:57',-1,-1,-1,1,NULL,NULL,0,NULL,'2013-02-24 00:00:00','',1,'2013-02-23 00:00:00'),
 (10,'2012-12-03 19:42:57',-1,-1,-1,1,NULL,NULL,0,NULL,'2013-03-03 00:00:00','',1,'2013-03-02 00:00:00'),
 (11,'2012-12-03 19:42:57',-1,-1,-1,1,NULL,NULL,0,NULL,'2013-03-10 00:00:00','',1,'2013-03-09 00:00:00'),
 (12,'2012-12-03 19:42:57',-1,-1,-1,1,NULL,NULL,0,NULL,'2013-03-17 00:00:00','',1,'2013-03-16 00:00:00'),
 (13,'2012-12-03 19:42:57',-1,-1,-1,1,NULL,NULL,0,NULL,'2013-03-24 00:00:00','',1,'2013-03-23 00:00:00'),
 (14,'2012-12-03 19:42:57',-1,-1,-1,1,NULL,NULL,0,NULL,'2013-03-31 00:00:00','',1,'2013-03-30 00:00:00'),
 (15,'2012-12-03 19:42:57',-1,-1,-1,1,NULL,NULL,0,NULL,'2013-04-07 00:00:00','',1,'2013-04-06 00:00:00'),
 (16,'2012-12-03 19:42:57',-1,-1,-1,1,NULL,NULL,0,NULL,'2013-04-14 00:00:00','',1,'2013-04-13 00:00:00'),
 (17,'2012-12-03 19:42:57',-1,-1,-1,1,NULL,NULL,0,NULL,'2013-04-21 00:00:00','',1,'2013-04-20 00:00:00'),
 (18,'2012-12-03 19:42:57',-1,-1,-1,1,NULL,NULL,0,NULL,'2013-04-28 00:00:00','',1,'2013-04-27 00:00:00'),
 (19,'2012-12-03 19:42:57',-1,-1,-1,1,NULL,NULL,0,NULL,'2013-05-05 00:00:00','',1,'2013-05-04 00:00:00'),
 (20,'2012-12-03 19:42:57',-1,-1,-1,1,NULL,NULL,0,NULL,'2013-05-12 00:00:00','',1,'2013-05-11 00:00:00'),
 (21,'2012-12-03 19:42:57',-1,-1,-1,1,NULL,NULL,0,NULL,'2013-05-19 00:00:00','',1,'2013-05-18 00:00:00'),
 (22,'2012-12-03 19:42:57',-1,-1,-1,1,NULL,NULL,0,NULL,'2013-05-26 00:00:00','',1,'2013-05-25 00:00:00'),
 (23,'2012-12-03 19:42:57',-1,-1,-1,1,NULL,NULL,0,NULL,'2013-06-02 00:00:00','',1,'2013-06-01 00:00:00'),
 (24,'2012-12-03 19:42:57',-1,-1,-1,1,NULL,NULL,0,NULL,'2013-06-09 00:00:00','',1,'2013-06-08 00:00:00'),
 (25,'2012-12-03 19:42:57',-1,-1,-1,1,NULL,NULL,0,NULL,'2013-06-16 00:00:00','',1,'2013-06-15 00:00:00'),
 (26,'2012-12-03 19:42:57',-1,-1,-1,1,NULL,NULL,0,NULL,'2013-06-23 00:00:00','',1,'2013-06-22 00:00:00'),
 (27,'2012-12-03 19:42:57',-1,-1,-1,1,NULL,NULL,0,NULL,'2013-06-30 00:00:00','',1,'2013-06-29 00:00:00'),
 (28,'2012-12-03 19:42:57',-1,-1,-1,1,NULL,NULL,0,NULL,'2013-07-07 00:00:00','',1,'2013-07-06 00:00:00'),
 (29,'2012-12-03 19:42:57',-1,-1,-1,1,NULL,NULL,0,NULL,'2013-07-14 00:00:00','',1,'2013-07-13 00:00:00'),
 (30,'2012-12-03 19:42:57',-1,-1,-1,1,NULL,NULL,0,NULL,'2013-07-21 00:00:00','',1,'2013-07-20 00:00:00'),
 (31,'2012-12-03 19:42:57',-1,-1,-1,1,NULL,NULL,0,NULL,'2013-07-28 00:00:00','',1,'2013-07-27 00:00:00'),
 (32,'2012-12-03 19:42:57',-1,-1,-1,1,NULL,NULL,0,NULL,'2013-08-04 00:00:00','',1,'2013-08-03 00:00:00'),
 (33,'2012-12-03 19:42:57',-1,-1,-1,1,NULL,NULL,0,NULL,'2013-08-11 00:00:00','',1,'2013-08-10 00:00:00'),
 (34,'2012-12-03 19:42:57',-1,-1,-1,1,NULL,NULL,0,NULL,'2013-08-18 00:00:00','',1,'2013-08-17 00:00:00'),
 (35,'2012-12-03 19:42:57',-1,-1,-1,1,NULL,NULL,0,NULL,'2013-08-25 00:00:00','',1,'2013-08-24 00:00:00'),
 (36,'2012-12-03 19:42:57',-1,-1,-1,1,NULL,NULL,0,NULL,'2013-09-01 00:00:00','',1,'2013-08-31 00:00:00'),
 (37,'2012-12-03 19:42:57',-1,-1,-1,1,NULL,NULL,0,NULL,'2013-09-08 00:00:00','',1,'2013-09-07 00:00:00'),
 (38,'2012-12-03 19:42:57',-1,-1,-1,1,NULL,NULL,0,NULL,'2013-09-15 00:00:00','',1,'2013-09-14 00:00:00'),
 (39,'2012-12-03 19:42:57',-1,-1,-1,1,NULL,NULL,0,NULL,'2013-09-22 00:00:00','',1,'2013-09-21 00:00:00'),
 (40,'2012-12-03 19:42:57',-1,-1,-1,1,NULL,NULL,0,NULL,'2013-09-29 00:00:00','',1,'2013-09-28 00:00:00'),
 (41,'2012-12-03 19:42:57',-1,-1,-1,1,NULL,NULL,0,NULL,'2013-10-06 00:00:00','',1,'2013-10-05 00:00:00'),
 (42,'2012-12-03 19:42:57',-1,-1,-1,1,NULL,NULL,0,NULL,'2013-10-13 00:00:00','',1,'2013-10-12 00:00:00'),
 (43,'2012-12-03 19:42:57',-1,-1,-1,1,NULL,NULL,0,NULL,'2013-10-20 00:00:00','',1,'2013-10-19 00:00:00'),
 (44,'2012-12-03 19:42:57',-1,-1,-1,1,NULL,NULL,0,NULL,'2013-10-27 00:00:00','',1,'2013-10-26 00:00:00'),
 (45,'2012-12-03 19:42:57',-1,-1,-1,1,NULL,NULL,0,NULL,'2013-11-03 00:00:00','',1,'2013-11-02 00:00:00'),
 (46,'2012-12-03 19:42:57',-1,-1,-1,1,NULL,NULL,0,NULL,'2013-11-10 00:00:00','',1,'2013-11-09 00:00:00'),
 (47,'2012-12-03 19:42:57',-1,-1,-1,1,NULL,NULL,0,NULL,'2013-11-17 00:00:00','',1,'2013-11-16 00:00:00'),
 (48,'2012-12-03 19:42:57',-1,-1,-1,1,NULL,NULL,0,NULL,'2013-11-24 00:00:00','',1,'2013-11-23 00:00:00'),
 (49,'2012-12-03 19:42:57',-1,-1,-1,1,NULL,NULL,0,NULL,'2013-12-01 00:00:00','',1,'2013-11-30 00:00:00'),
 (50,'2012-12-03 19:42:57',-1,-1,-1,1,NULL,NULL,0,NULL,'2013-12-08 00:00:00','',1,'2013-12-07 00:00:00'),
 (51,'2012-12-03 19:42:57',-1,-1,-1,1,NULL,NULL,0,NULL,'2013-12-15 00:00:00','',1,'2013-12-14 00:00:00'),
 (52,'2012-12-03 19:42:57',-1,-1,-1,1,NULL,NULL,0,NULL,'2013-12-22 00:00:00','',1,'2013-12-21 00:00:00'),
 (53,'2012-12-03 19:42:57',-1,-1,-1,1,NULL,NULL,0,NULL,'2013-12-29 00:00:00','',1,'2013-12-28 00:00:00'),
 (54,'2012-01-05 00:12:00',-1,-1,NULL,1,-1,'2012-01-07 00:12:00',0,NULL,'2012-01-03 00:01:00','',1,'2012-01-02 00:01:00');
/*!40000 ALTER TABLE `ts_holidays` ENABLE KEYS */;


--
-- Definition of table `ts_matparams`
--

DROP TABLE IF EXISTS `ts_matparams`;
CREATE TABLE `ts_matparams` (
  `id` bigint(20) NOT NULL AUTO_INCREMENT,
  `createTime` datetime NOT NULL,
  `creator` bigint(20) NOT NULL,
  `deptId` bigint(20) NOT NULL,
  `empId` bigint(20) DEFAULT NULL,
  `isenabled` tinyint(4) NOT NULL,
  `modifier` bigint(20) DEFAULT NULL,
  `modifytime` datetime DEFAULT NULL,
  `orgid` bigint(20) NOT NULL,
  `remark` varchar(200) DEFAULT NULL,
  `allowBlank` int(11) NOT NULL,
  `isAttach` int(11) NOT NULL,
  `isRemark` int(11) NOT NULL,
  `name` varchar(200) NOT NULL,
  `orderNo` int(11) NOT NULL,
  `subjectId` bigint(20) NOT NULL,
  PRIMARY KEY (`id`)
) ENGINE=InnoDB AUTO_INCREMENT=7 DEFAULT CHARSET=utf8;

--
-- Dumping data for table `ts_matparams`
--

/*!40000 ALTER TABLE `ts_matparams` DISABLE KEYS */;
INSERT INTO `ts_matparams` (`id`,`createTime`,`creator`,`deptId`,`empId`,`isenabled`,`modifier`,`modifytime`,`orgid`,`remark`,`allowBlank`,`isAttach`,`isRemark`,`name`,`orderNo`,`subjectId`) VALUES 
 (1,'2012-01-30 00:12:00',-1,-1,-1,-1,NULL,NULL,0,'sfdaf',0,0,0,'',0,5),
 (2,'2012-01-30 00:12:00',-1,-1,-1,1,NULL,NULL,0,'df',0,0,0,'fffff',0,3),
 (3,'2012-01-30 00:12:00',-1,-1,-1,-1,NULL,NULL,0,'df',0,0,0,'fedfds',0,4),
 (4,'2012-01-30 00:12:00',-1,-1,-1,0,NULL,NULL,0,'fdfff',0,0,0,'hjhhhhh',0,4),
 (5,'2012-01-30 00:12:00',-1,-1,-1,1,NULL,NULL,0,'fdfff',0,0,0,'hjhhhhh',0,4),
 (6,'2013-01-02 00:01:00',-1,-1,-1,1,NULL,NULL,0,'ffff',1,0,1,'12',5,12);
/*!40000 ALTER TABLE `ts_matparams` ENABLE KEYS */;


--
-- Definition of table `ts_matresult`
--

DROP TABLE IF EXISTS `ts_matresult`;
CREATE TABLE `ts_matresult` (
  `id` bigint(20) NOT NULL AUTO_INCREMENT,
  `createTime` datetime NOT NULL,
  `creator` bigint(20) NOT NULL,
  `deptId` bigint(20) NOT NULL,
  `empId` bigint(20) DEFAULT NULL,
  `isenabled` tinyint(4) NOT NULL,
  `modifier` bigint(20) DEFAULT NULL,
  `modifytime` datetime DEFAULT NULL,
  `orgid` bigint(20) NOT NULL,
  `remark` varchar(200) DEFAULT NULL,
  `attachIds` varchar(50) DEFAULT NULL,
  `formId` bigint(20) NOT NULL,
  `isRemark` int(11) NOT NULL,
  `result` varchar(50) NOT NULL,
  `sysId` bigint(20) NOT NULL,
  PRIMARY KEY (`id`)
) ENGINE=InnoDB DEFAULT CHARSET=utf8;

--
-- Dumping data for table `ts_matresult`
--

/*!40000 ALTER TABLE `ts_matresult` DISABLE KEYS */;
/*!40000 ALTER TABLE `ts_matresult` ENABLE KEYS */;


--
-- Definition of table `ts_matsubjec`
--

DROP TABLE IF EXISTS `ts_matsubjec`;
CREATE TABLE `ts_matsubjec` (
  `id` bigint(20) NOT NULL AUTO_INCREMENT,
  `createTime` datetime NOT NULL,
  `creator` bigint(20) NOT NULL,
  `deptId` bigint(20) NOT NULL,
  `empId` bigint(20) DEFAULT NULL,
  `isenabled` tinyint(4) NOT NULL,
  `modifier` bigint(20) DEFAULT NULL,
  `modifytime` datetime DEFAULT NULL,
  `orgid` bigint(20) NOT NULL,
  `remark` varchar(200) DEFAULT NULL,
  `name` varchar(50) NOT NULL,
  `orderNo` int(11) NOT NULL,
  `tempId` bigint(20) NOT NULL,
  PRIMARY KEY (`id`)
) ENGINE=InnoDB AUTO_INCREMENT=6 DEFAULT CHARSET=utf8;

--
-- Dumping data for table `ts_matsubjec`
--

/*!40000 ALTER TABLE `ts_matsubjec` DISABLE KEYS */;
INSERT INTO `ts_matsubjec` (`id`,`createTime`,`creator`,`deptId`,`empId`,`isenabled`,`modifier`,`modifytime`,`orgid`,`remark`,`name`,`orderNo`,`tempId`) VALUES 
 (1,'2012-01-30 00:12:00',-1,-1,-1,1,NULL,NULL,0,'12','',12,3),
 (2,'2012-01-30 00:12:00',-1,-1,-1,-1,NULL,NULL,0,'s','wwwe',1,3),
 (3,'2012-01-30 00:12:00',-1,-1,-1,0,NULL,NULL,0,'','',0,4),
 (4,'2012-01-30 00:12:00',-1,-1,-1,1,NULL,NULL,0,'111','',2,3),
 (5,'2012-01-30 00:12:00',-1,-1,-1,1,NULL,NULL,0,'ewrewrwr','dsfd',1,4);
/*!40000 ALTER TABLE `ts_matsubjec` ENABLE KEYS */;


--
-- Definition of table `ts_mattemp`
--

DROP TABLE IF EXISTS `ts_mattemp`;
CREATE TABLE `ts_mattemp` (
  `id` bigint(20) NOT NULL AUTO_INCREMENT,
  `createTime` datetime NOT NULL,
  `creator` bigint(20) NOT NULL,
  `deptId` bigint(20) NOT NULL,
  `empId` bigint(20) DEFAULT NULL,
  `isenabled` tinyint(4) NOT NULL,
  `modifier` bigint(20) DEFAULT NULL,
  `modifytime` datetime DEFAULT NULL,
  `orgid` bigint(20) NOT NULL,
  `remark` varchar(200) DEFAULT NULL,
  `breedId` bigint(20) NOT NULL,
  `name` varchar(100) NOT NULL,
  `sysId` bigint(20) NOT NULL,
  PRIMARY KEY (`id`)
) ENGINE=InnoDB AUTO_INCREMENT=14 DEFAULT CHARSET=utf8;

--
-- Dumping data for table `ts_mattemp`
--

/*!40000 ALTER TABLE `ts_mattemp` DISABLE KEYS */;
INSERT INTO `ts_mattemp` (`id`,`createTime`,`creator`,`deptId`,`empId`,`isenabled`,`modifier`,`modifytime`,`orgid`,`remark`,`breedId`,`name`,`sysId`) VALUES 
 (1,'2012-01-29 00:12:00',-1,-1,NULL,1,-1,'2012-01-30 00:12:00',0,'d',70,'',3),
 (2,'2012-01-29 00:12:00',-1,-1,-1,1,NULL,NULL,0,'dfd',70,'dff',3),
 (3,'2012-01-29 00:12:00',-1,-1,-1,1,NULL,NULL,0,NULL,70,'rrr',3),
 (4,'2012-01-29 00:12:00',-1,-1,NULL,1,-1,'2013-01-05 00:01:00',0,NULL,71,'',1),
 (5,'2012-01-29 00:12:00',-1,-1,NULL,1,-1,'2012-01-30 00:12:00',0,NULL,75,'rrreee',1),
 (6,'2012-01-29 00:12:00',-1,-1,NULL,-1,-1,'2012-01-29 00:12:00',0,NULL,75,'12',1),
 (7,'2012-01-29 00:12:00',-1,-1,NULL,1,-1,'2012-01-29 00:12:00',0,NULL,70,'wwwwwweeee',3),
 (8,'2012-01-30 00:12:00',-1,-1,NULL,1,-1,'2013-01-02 00:01:00',0,'dzcdxfdf',70,'',1),
 (9,'2012-01-30 00:12:00',-1,-1,-1,1,NULL,NULL,0,'hhh',75,'',1),
 (10,'2013-01-02 00:01:00',-1,-1,-1,1,NULL,NULL,0,NULL,70,'',3),
 (11,'2013-01-02 00:01:00',-1,-1,-1,1,NULL,NULL,0,NULL,69,'',1),
 (12,'2013-01-05 00:01:00',-1,-1,-1,1,NULL,NULL,0,NULL,69,'',1),
 (13,'2013-01-05 00:01:00',-1,-1,-1,1,NULL,NULL,0,NULL,75,'',1);
/*!40000 ALTER TABLE `ts_mattemp` ENABLE KEYS */;


--
-- Definition of table `ts_menu`
--

DROP TABLE IF EXISTS `ts_menu`;
CREATE TABLE `ts_menu` (
  `menuId` bigint(20) NOT NULL AUTO_INCREMENT,
  `createTime` datetime NOT NULL,
  `creator` bigint(20) NOT NULL,
  `deptId` bigint(20) NOT NULL,
  `isenabled` tinyint(4) NOT NULL,
  `modifier` bigint(20) DEFAULT NULL,
  `modifytime` datetime DEFAULT NULL,
  `orgid` bigint(20) NOT NULL,
  `remark` varchar(200) DEFAULT NULL,
  `code` varchar(20) NOT NULL,
  `iconCls` varchar(200) DEFAULT NULL,
  `jsArray` varchar(200) DEFAULT NULL,
  `link` varchar(100) DEFAULT NULL,
  `name` varchar(50) NOT NULL,
  `type` int(11) NOT NULL,
  `pid` bigint(20) NOT NULL DEFAULT '0',
  `empId` bigint(20) DEFAULT NULL,
  `isSystem` tinyint(4) DEFAULT NULL,
  `accordionId` bigint(20) DEFAULT NULL,
  `leaf` varchar(255) DEFAULT NULL,
  `params` varchar(200) DEFAULT NULL,
  `biconCls` varchar(200) DEFAULT NULL,
  `orderNo` int(11) DEFAULT NULL,
  `loadType` int(11) unsigned DEFAULT NULL,
  `tabId` varchar(50) DEFAULT NULL,
  `cached` int(11) DEFAULT '0',
  PRIMARY KEY (`menuId`)
) ENGINE=InnoDB AUTO_INCREMENT=97 DEFAULT CHARSET=utf8;

--
-- Dumping data for table `ts_menu`
--

/*!40000 ALTER TABLE `ts_menu` DISABLE KEYS */;
INSERT INTO `ts_menu` (`menuId`,`createTime`,`creator`,`deptId`,`isenabled`,`modifier`,`modifytime`,`orgid`,`remark`,`code`,`iconCls`,`jsArray`,`link`,`name`,`type`,`pid`,`empId`,`isSystem`,`accordionId`,`leaf`,`params`,`biconCls`,`orderNo`,`loadType`,`tabId`,`cached`) VALUES 
 (49,'2012-01-01 00:11:00',-1,-1,1,-1,'2012-01-08 00:11:00',0,NULL,'20121101015443',NULL,'pages/app/sys/org/OrgMgr.js',NULL,'',1,19,NULL,0,19,'true',NULL,'images/big_icons/48x48/places/crystal-style/user-home2-txr.png',0,1,NULL,NULL),
 (50,'2012-01-01 00:11:00',-1,-1,1,-1,'2012-01-08 00:11:00',0,NULL,'20121101022429',NULL,'pages/app/sys/role/RoleMgr.js',NULL,'',1,19,NULL,0,19,'true',NULL,'images/big_icons/48x48/apps/tux-txr.png',0,1,NULL,NULL),
 (51,'2012-01-01 00:11:00',-1,-1,1,-1,'2012-01-11 00:11:00',0,NULL,'20121101092153',NULL,'pages/app/sys/user/UserMgr.js',NULL,'',1,19,NULL,0,19,'true',NULL,'images/big_icons/48x48/emotes/face-monkey-txr.png',0,1,NULL,NULL),
 (52,'2012-01-02 00:11:00',1,1,1,-1,'2012-01-28 00:11:00',9999,NULL,'20121102083453',NULL,'pages/app/sys/gvlist/GvlistMgr.js',NULL,'',1,19,NULL,0,19,'true',NULL,'images/big_icons/48x48/emotes/face-raspberry-3.png',0,1,NULL,NULL),
 (53,'2012-01-02 00:11:00',1,1,1,-1,'2012-01-08 00:11:00',9999,NULL,'20121102083512',NULL,'pages/app/sys/system/SystemMgr.js',NULL,'',1,19,NULL,0,19,'true',NULL,'images/big_icons/48x48/emotes/face-cool-txr.png',0,1,NULL,NULL),
 (54,'2012-01-02 00:11:00',1,1,1,-1,'2012-01-08 00:11:00',9999,NULL,'20121102083641',NULL,'pages/app/sys/accordion/AccordionMgr.js',NULL,'',1,19,NULL,0,19,'true',NULL,'images/big_icons/48x48/emotes/face-kiss-2-txr.png',0,1,NULL,NULL),
 (55,'2012-01-02 00:11:00',1,1,1,-1,'2012-01-08 00:11:00',9999,NULL,'20121102083642',NULL,'pages/app/sys/menu/MenuMgr.js',NULL,'',1,19,NULL,0,19,'true',NULL,'images/big_icons/48x48/emotes/face-tongue-txr.png',0,1,NULL,NULL),
 (56,'2012-01-20 00:11:00',-1,-1,1,NULL,NULL,0,NULL,'20121120095510',NULL,'pages/app/sys/holidays/HolidaysMgr.js',NULL,'',1,19,NULL,0,19,'true',NULL,NULL,0,1,NULL,NULL),
 (57,'2012-01-21 00:11:00',-1,-1,1,-1,'2012-01-21 00:11:00',0,NULL,'20121121024623',NULL,'pages/app/sys/bcode/BusscodeMgr.js',NULL,'',1,19,NULL,0,19,'true',NULL,'images/big_icons/48x48/apps/gnome-tetravex.png',0,1,NULL,NULL),
 (58,'2012-01-22 00:11:00',-1,-1,1,-1,'2012-01-22 00:11:00',0,NULL,'20121122090812',NULL,'pages/app/sys/Individuation/FormDiyMgr.js',NULL,'',1,19,NULL,0,19,'true',NULL,'images/big_icons/48x48/apps/adium.png',0,1,NULL,NULL),
 (59,'2012-01-28 00:11:00',-1,-1,1,-1,'2012-01-28 00:11:00',0,NULL,'20121128073600',NULL,'pages/app/sys/sysparams/SysparamsMgr.js',NULL,'',1,19,NULL,0,19,'true',NULL,'images/big_icons/48x48/devices/audio-card.png',0,1,NULL,NULL),
 (60,'2012-01-28 00:11:00',-1,-1,1,-1,'2012-01-28 00:11:00',0,NULL,'20121128091502',NULL,'pages/app/sys/variety/VarietyMgr.js',NULL,'',1,19,NULL,0,19,'true',NULL,'images/big_icons/48x48/devices/blockdevice.png',0,1,NULL,NULL),
 (61,'2012-01-06 00:12:00',-1,-1,1,-1,'2012-01-06 00:12:00',0,NULL,'20121206034441',NULL,'',NULL,'',1,21,NULL,0,21,'true',NULL,NULL,0,1,NULL,NULL),
 (62,'2012-01-06 00:12:00',-1,-1,1,NULL,NULL,0,NULL,'20121206034748',NULL,NULL,NULL,'',1,21,NULL,0,21,'true',NULL,NULL,0,1,NULL,NULL),
 (63,'2012-01-06 00:12:00',-1,-1,1,NULL,NULL,0,NULL,'20121206035013',NULL,NULL,NULL,'',1,21,NULL,0,21,'true',NULL,NULL,0,1,NULL,NULL),
 (64,'2012-01-06 00:12:00',-1,-1,1,NULL,NULL,0,NULL,'20121206035213',NULL,NULL,NULL,'',1,21,NULL,0,21,'true',NULL,NULL,0,1,NULL,NULL),
 (65,'2012-01-06 00:12:00',-1,-1,1,-1,'2012-01-14 00:12:00',0,NULL,'20121206045850',NULL,'pages/app/finance/fcinit/rate/RateMgr.js',NULL,'',1,26,NULL,0,26,'true',NULL,NULL,0,1,NULL,NULL),
 (66,'2012-01-08 00:12:00',-1,-1,1,-1,'2012-01-14 00:12:00',0,NULL,'20121208064939',NULL,'pages/app/finance/fcinit/account/AccountMgr.js',NULL,'',1,26,NULL,0,26,'true',NULL,NULL,0,1,NULL,NULL),
 (68,'2012-01-10 00:12:00',-1,-1,1,-1,'2013-01-03 00:01:00',0,NULL,'20121210011720',NULL,'pages/app/crm/incustomer/CustomerInfoEdit.js',NULL,'',1,22,NULL,0,22,'true',NULL,NULL,0,1,'customerInfoEdit_tabid_6',0),
 (69,'2012-01-10 00:12:00',-1,-1,1,-1,'2012-01-14 00:12:00',0,NULL,'20121210011852',NULL,'pages/app/crm/incustomer/CustomerInfoMgr.js',NULL,'',1,22,NULL,0,22,'true',NULL,NULL,0,1,NULL,NULL),
 (70,'2012-01-10 00:12:00',-1,-1,1,1,'2013-01-11 00:01:00',0,NULL,'20121210012448',NULL,'pages/app/crm/ecustomer/EcustomerInfoEdit.js',NULL,'',1,22,NULL,0,22,'true',NULL,NULL,0,1,'ecustomerInfoEdit_tabid_10',0),
 (71,'2012-01-10 00:12:00',-1,-1,1,1,'2013-01-04 00:01:00',0,NULL,'20121210013153',NULL,'pages/app/crm/ecustomer/EcustomerInfoMgr.js',NULL,'',1,22,NULL,0,22,'true',NULL,NULL,0,1,NULL,0),
 (72,'2012-01-10 00:12:00',-1,-1,1,-1,'2012-01-23 00:12:00',0,NULL,'20121210013226',NULL,'pages/app/finance/bloan/apply/Apply.js',NULL,'',1,23,NULL,0,23,'true',NULL,NULL,0,2,'apply_form_tabid_3',1),
 (73,'2012-01-10 00:12:00',-1,-1,1,-1,'2012-01-10 00:12:00',0,NULL,'20121210063930',NULL,'pages/app/sys/Homes/HomesMgr.js',NULL,'',1,19,NULL,0,19,'true',NULL,'/images/big_icons/48x48/categories/applications-internet-4.png',0,1,NULL,NULL),
 (74,'2012-01-22 00:12:00',-1,-1,1,NULL,NULL,0,NULL,'20121222015630',NULL,NULL,NULL,'',1,23,-1,0,23,'false',NULL,NULL,0,1,NULL,NULL),
 (75,'2012-01-22 00:12:00',-1,-1,1,-1,'2012-01-23 00:12:00',0,NULL,'20121222015702',NULL,'pages/app/finance/bloan/temporary/TempCustApplyMgr.js',NULL,'',2,74,NULL,0,23,'true',NULL,NULL,0,1,'tempCustApplyMgr_tabid_4',0),
 (76,'2012-01-22 00:12:00',-1,-1,1,1,'2012-01-29 00:12:00',0,NULL,'20121222015817',NULL,'pages/app/finance/bloan/temporary/TempEntCustApplyMgr.js',NULL,'',2,74,NULL,0,23,'true',NULL,NULL,0,1,NULL,0),
 (77,'2012-01-22 00:12:00',-1,-1,1,-1,'2012-01-23 00:12:00',0,NULL,'20121222040056',NULL,'pages/app/finance/fcinit/order/OrderMgr.js',NULL,'',1,26,NULL,0,26,'true',NULL,NULL,0,1,NULL,0),
 (78,'2012-01-22 00:12:00',-1,-1,1,NULL,NULL,0,NULL,'20121222045951',NULL,'pages/app/finance/fcinit/order/OrderMgr.js',NULL,'',1,25,-1,0,25,'true',NULL,NULL,0,1,NULL,NULL),
 (79,'2012-01-23 00:12:00',-1,-1,1,NULL,NULL,0,NULL,'20121223041126',NULL,'pages/app/finance/fcinit/risklevel/RiskLevelMgr.js',NULL,'',1,26,-1,0,26,'true',NULL,NULL,0,1,NULL,0),
 (80,'2012-01-26 00:12:00',-1,-1,-1,NULL,NULL,0,NULL,'20121226041822',NULL,'pages/app/workflow/mainUIs/AuditMainUI.js',NULL,'',1,23,-1,0,23,'true',NULL,NULL,0,2,'flow_auditMainUI_tabid_5',1),
 (81,'2012-01-27 00:12:00',-1,-1,1,1,'2013-01-05 00:01:00',0,NULL,'20121227075042',NULL,'pages/app/sys/mat/MatTempMgr.js',NULL,'',1,19,NULL,0,19,'true',NULL,'images/big_icons/48x48/apps/development-gtk.png',0,1,NULL,0),
 (82,'2013-01-06 00:01:00',1,-1,1,1,'2013-01-14 00:01:00',-1,NULL,'20130106030724',NULL,'pages/app/workflow/formUIs/mort/MortgageMgr.js',NULL,'',1,25,NULL,0,25,'true',NULL,NULL,0,1,NULL,0),
 (83,'2013-01-06 00:01:00',1,-1,1,1,'2013-01-14 00:01:00',-1,NULL,'20130106030851',NULL,'pages/app/workflow/formUIs/pledge/PledgeMgr.js',NULL,'',1,25,NULL,0,25,'true',NULL,NULL,0,1,NULL,0),
 (84,'2013-01-06 00:01:00',-1,-1,1,NULL,NULL,0,NULL,'20130106083420',NULL,'pages/app/finance/auditloan/approval/AuditCustApplyMgr.js',NULL,'',1,24,-1,0,24,'true',NULL,NULL,0,1,NULL,0),
 (85,'2013-01-06 00:01:00',-1,-1,1,NULL,NULL,0,NULL,'20130106083450',NULL,'pages/app/finance/auditloan/approval/AuditEntCustApplyMgr.js',NULL,'',1,24,-1,0,24,'true',NULL,NULL,0,1,NULL,0),
 (86,'2013-01-08 00:01:00',1,-1,1,1,'2013-01-11 00:01:00',-1,NULL,'20130108064641',NULL,'pages/app/workflow/formUIs/mort/MortgageMgr.js',NULL,'',1,21,NULL,0,21,'true',NULL,NULL,0,1,NULL,0),
 (87,'2013-01-08 00:01:00',1,-1,1,1,'2013-01-11 00:01:00',-1,NULL,'20130108064705',NULL,'pages/app/workflow/formUIs/pledge/PledgeMgr.js',NULL,'',1,21,NULL,0,21,'true',NULL,NULL,0,1,NULL,0),
 (88,'2013-01-10 00:01:00',1,-1,1,NULL,NULL,-1,NULL,'20130110002742',NULL,NULL,NULL,'',1,24,-1,0,24,'false',NULL,NULL,0,1,NULL,0),
 (89,'2013-01-10 00:01:00',1,-1,1,NULL,NULL,-1,NULL,'20130110002836',NULL,'pages/app/finance/auditloan/apphostorys/AuditCustApplyHistory.js',NULL,'',2,88,-1,0,24,'true',NULL,NULL,0,1,NULL,0),
 (90,'2013-01-10 00:01:00',1,-1,1,NULL,NULL,-1,NULL,'20130110002935',NULL,'pages/app/finance/auditloan/apphostorys/AuditEntCustApplyHistory.js',NULL,'',2,88,-1,0,24,'true',NULL,NULL,0,1,NULL,0),
 (91,'2013-01-10 00:01:00',1,-1,1,NULL,NULL,-1,NULL,'20130110003005',NULL,NULL,NULL,'',1,24,-1,0,24,'false',NULL,NULL,0,1,NULL,0),
 (92,'2013-01-10 00:01:00',1,-1,1,NULL,NULL,-1,NULL,'20130110003040',NULL,'pages/app/finance/auditloan/applyalls/AuditCustApplyAll.js',NULL,'',2,91,-1,0,24,'true',NULL,NULL,0,1,NULL,0),
 (93,'2013-01-10 00:01:00',1,-1,1,NULL,NULL,-1,NULL,'20130110003108',NULL,'pages/app/finance/auditloan/applyalls/AuditEntCustApplyAll.js',NULL,'',2,91,-1,0,24,'true',NULL,NULL,0,1,NULL,0),
 (94,'2013-01-11 00:01:00',-1,-1,1,1,'2013-01-14 00:01:00',0,NULL,'20130111083950',NULL,'pages/app/workflow/formUIs/loancontract/LoancontractMgr.js',NULL,'',1,25,NULL,0,25,'true',NULL,NULL,0,1,NULL,0),
 (95,'2013-01-13 00:01:00',-1,-1,1,-1,'2013-01-13 00:01:00',0,NULL,'20130113045617',NULL,'pages/app/workflow/formUIs/Gua/GuaContractMgr.js',NULL,'',1,25,NULL,0,25,'true',NULL,NULL,0,1,NULL,0),
 (96,'2013-01-14 00:01:00',1,-1,1,1,'2013-01-14 00:01:00',-1,NULL,'20130114114333',NULL,'pages/app/workflow/formUIs/mortcontract/MortContractMgr.js',NULL,'',1,25,NULL,0,25,'true',NULL,NULL,0,1,NULL,0);
/*!40000 ALTER TABLE `ts_menu` ENABLE KEYS */;


--
-- Definition of table `ts_module`
--

DROP TABLE IF EXISTS `ts_module`;
CREATE TABLE `ts_module` (
  `id` bigint(20) NOT NULL AUTO_INCREMENT,
  `createTime` datetime NOT NULL,
  `creator` bigint(20) NOT NULL,
  `deptId` bigint(20) NOT NULL,
  `empId` bigint(20) DEFAULT NULL,
  `isenabled` tinyint(4) NOT NULL,
  `modifier` bigint(20) DEFAULT NULL,
  `modifytime` datetime DEFAULT NULL,
  `orgid` bigint(20) NOT NULL,
  `remark` varchar(200) DEFAULT NULL,
  `code` varchar(20) NOT NULL,
  `menuId` bigint(20) NOT NULL,
  `name` varchar(30) NOT NULL,
  `iconCls` varchar(30) DEFAULT NULL,
  PRIMARY KEY (`id`)
) ENGINE=InnoDB AUTO_INCREMENT=92 DEFAULT CHARSET=utf8;

--
-- Dumping data for table `ts_module`
--

/*!40000 ALTER TABLE `ts_module` DISABLE KEYS */;
INSERT INTO `ts_module` (`id`,`createTime`,`creator`,`deptId`,`empId`,`isenabled`,`modifier`,`modifytime`,`orgid`,`remark`,`code`,`menuId`,`name`,`iconCls`) VALUES 
 (1,'2012-01-01 00:11:00',-1,-1,NULL,-1,-1,'2012-01-01 00:11:00',0,'','M2012110103553700',50,'',NULL),
 (2,'2012-01-09 00:11:00',-1,-1,NULL,1,NULL,NULL,0,NULL,'M2012110908275502',49,'','page_add'),
 (3,'2012-01-09 00:11:00',-1,-1,NULL,1,NULL,NULL,0,NULL,'M2012110908300004',49,'','page_edit'),
 (4,'2012-01-09 00:11:00',-1,-1,NULL,1,NULL,NULL,0,NULL,'M2012110908302306',49,'','page_delete'),
 (5,'2012-01-09 00:11:00',-1,-1,NULL,1,NULL,NULL,0,NULL,'M2012110908312808',49,'','page_add'),
 (6,'2012-01-09 00:11:00',-1,-1,NULL,1,NULL,NULL,0,NULL,'M2012110908341310',49,'','page_edit'),
 (7,'2012-01-09 00:11:00',-1,-1,NULL,1,NULL,NULL,0,NULL,'M2012110908343812',49,'','page_delete'),
 (8,'2012-01-09 00:11:00',-1,-1,NULL,1,NULL,NULL,0,NULL,'M2012110908352714',49,'','page_add'),
 (9,'2012-01-09 00:11:00',-1,-1,NULL,1,NULL,NULL,0,NULL,'M2012110908354316',49,'','page_edit'),
 (10,'2012-01-09 00:11:00',-1,-1,NULL,1,NULL,NULL,0,NULL,'M2012110908363218',49,'','page_enabled'),
 (11,'2012-01-09 00:11:00',-1,-1,NULL,1,NULL,NULL,0,NULL,'M2012110908365020',49,'','page_disabled'),
 (12,'2012-01-09 00:11:00',-1,-1,NULL,1,NULL,NULL,0,NULL,'M2012110908371822',49,'','page_delete'),
 (13,'2012-01-06 00:12:00',-1,-1,NULL,1,NULL,NULL,0,NULL,'M2012120603470924',61,'','xxxx'),
 (14,'2012-01-06 00:12:00',-1,-1,NULL,1,NULL,NULL,0,NULL,'M2012120603472926',61,'','detail'),
 (15,'2012-01-06 00:12:00',-1,-1,NULL,1,NULL,NULL,0,NULL,'M2012120603493828',62,'','upload'),
 (16,'2012-01-06 00:12:00',-1,-1,NULL,1,NULL,NULL,0,NULL,'M2012120603495830',62,'',''),
 (17,'2012-01-06 00:12:00',-1,-1,NULL,1,NULL,NULL,0,NULL,'M2012120603512732',63,'',''),
 (18,'2012-01-06 00:12:00',-1,-1,NULL,1,NULL,NULL,0,NULL,'M2012120603515234',63,'',''),
 (19,'2012-01-06 00:12:00',-1,-1,NULL,1,NULL,NULL,0,NULL,'M2012120603531436',64,'',''),
 (20,'2012-01-06 00:12:00',-1,-1,NULL,1,NULL,NULL,0,NULL,'M2012120607355738',65,'','xxx'),
 (21,'2012-12-27 20:50:24',-1,-1,NULL,1,NULL,NULL,0,NULL,'M2012122708502440',50,'','page_edit'),
 (22,'2012-12-27 20:50:24',-1,-1,NULL,1,NULL,NULL,0,NULL,'M2012122708502442',50,'','page_edit'),
 (23,'2012-12-27 20:50:24',-1,-1,NULL,1,NULL,NULL,0,NULL,'M2012122708502444',50,'','page_add'),
 (24,'2012-12-27 20:50:24',-1,-1,NULL,1,NULL,NULL,0,NULL,'M2012122708502446',50,'','page_add'),
 (25,'2012-12-27 20:50:24',-1,-1,NULL,1,NULL,NULL,0,NULL,'M2012122708502448',50,'','page_add'),
 (26,'2012-12-27 20:50:24',-1,-1,NULL,1,NULL,NULL,0,NULL,'M2012122708502450',50,'','page_delete'),
 (27,'2012-12-27 20:50:24',-1,-1,NULL,1,NULL,NULL,0,NULL,'M2012122708502452',50,'','page_delete'),
 (28,'2012-12-27 21:01:41',-1,-1,NULL,1,NULL,NULL,0,NULL,'M2012122709014154',69,'','page_query'),
 (29,'2012-12-27 21:01:41',-1,-1,NULL,1,NULL,NULL,0,NULL,'M2012122709014156',69,'','page_reset'),
 (30,'2012-12-27 21:01:42',-1,-1,NULL,1,NULL,NULL,0,NULL,'M2012122709014258',69,'','page_add'),
 (31,'2012-12-27 21:01:42',-1,-1,NULL,1,NULL,NULL,0,NULL,'M2012122709014260',69,'','page_edit'),
 (32,'2012-12-27 21:01:42',-1,-1,NULL,1,NULL,NULL,0,NULL,'M2012122709014262',69,'','page_edit'),
 (33,'2012-12-27 21:01:42',-1,-1,NULL,1,NULL,NULL,0,NULL,'M2012122709014264',69,'','page_enabled'),
 (34,'2012-12-27 21:01:42',-1,-1,NULL,1,NULL,NULL,0,NULL,'M2012122709014266',69,'','page_disabled'),
 (35,'2012-12-27 21:01:42',-1,-1,NULL,1,NULL,NULL,0,NULL,'M2012122709014268',69,'','page_delete'),
 (36,'2012-12-27 21:01:42',-1,-1,NULL,1,NULL,NULL,0,NULL,'M2012122709014270',69,'','page_edit'),
 (37,'2012-12-27 21:01:42',-1,-1,NULL,1,NULL,NULL,0,NULL,'M2012122709014272',69,'','page_edit'),
 (38,'2012-12-27 21:05:24',-1,-1,NULL,1,NULL,NULL,0,NULL,'M2012122709052474',75,'','page_query'),
 (39,'2012-12-27 21:05:24',-1,-1,NULL,1,NULL,NULL,0,NULL,'M2012122709052476',75,'','page_reset'),
 (40,'2012-12-27 21:05:24',-1,-1,NULL,1,NULL,NULL,0,NULL,'M2012122709052478',75,'','page_add'),
 (41,'2012-12-27 21:05:25',-1,-1,NULL,1,NULL,NULL,0,NULL,'M2012122709052580',75,'','page_edit'),
 (42,'2012-12-27 21:05:25',-1,-1,NULL,1,NULL,NULL,0,NULL,'M2012122709052582',75,'','page_detail'),
 (43,'2012-12-27 21:05:25',-1,-1,NULL,1,NULL,NULL,0,NULL,'M2012122709052584',75,'','page_audit'),
 (44,'2012-12-27 21:05:25',-1,-1,NULL,1,NULL,NULL,0,NULL,'M2012122709052586',75,'','page_delete'),
 (45,'2012-12-27 21:05:25',-1,-1,NULL,1,NULL,NULL,0,NULL,'M2012122709052588',75,'','page_exportxls'),
 (46,'2012-12-29 14:55:04',1,99999999,NULL,1,NULL,NULL,99999999,NULL,'M2012122902550490',76,'','page_query'),
 (47,'2012-12-29 14:55:04',1,99999999,NULL,1,NULL,NULL,99999999,NULL,'M2012122902550492',76,'','page_reset'),
 (48,'2012-12-29 14:55:04',1,99999999,NULL,1,NULL,NULL,99999999,NULL,'M2012122902550494',76,'','page_add'),
 (49,'2012-12-29 14:55:04',1,99999999,NULL,1,NULL,NULL,99999999,NULL,'M2012122902550496',76,'','page_edit'),
 (50,'2012-12-29 14:55:04',1,99999999,NULL,1,NULL,NULL,99999999,NULL,'M2012122902550498',76,'','page_detail'),
 (51,'2012-12-29 14:55:05',1,99999999,NULL,1,NULL,NULL,99999999,NULL,'M20121229025505100',76,'','page_audit'),
 (52,'2012-12-29 14:55:05',1,99999999,NULL,1,NULL,NULL,99999999,NULL,'M20121229025505102',76,'','page_delete'),
 (53,'2012-12-29 14:55:05',1,99999999,NULL,1,NULL,NULL,99999999,NULL,'M20121229025505104',76,'','page_exportxls'),
 (54,'2013-01-04 21:37:24',1,99999999,NULL,1,NULL,NULL,99999999,NULL,'M20130104093724106',71,'','page_query'),
 (55,'2013-01-04 21:37:27',1,99999999,NULL,1,NULL,NULL,99999999,NULL,'M20130104093727108',71,'','page_reset'),
 (56,'2013-01-04 21:37:27',1,99999999,NULL,1,NULL,NULL,99999999,NULL,'M20130104093727110',71,'','page_add'),
 (57,'2013-01-04 21:37:27',1,99999999,NULL,1,NULL,NULL,99999999,NULL,'M20130104093727112',71,'','page_edit'),
 (58,'2013-01-04 21:37:27',1,99999999,NULL,1,NULL,NULL,99999999,NULL,'M20130104093727114',71,'','page_edit'),
 (59,'2013-01-04 21:37:28',1,99999999,NULL,1,NULL,NULL,99999999,NULL,'M20130104093728116',71,'','page_enabled'),
 (60,'2013-01-04 21:37:28',1,99999999,NULL,1,NULL,NULL,99999999,NULL,'M20130104093728118',71,'','page_disabled'),
 (61,'2013-01-04 21:37:28',1,99999999,NULL,1,NULL,NULL,99999999,NULL,'M20130104093728120',71,'','page_delete'),
 (62,'2013-01-04 21:37:28',1,99999999,NULL,1,NULL,NULL,99999999,NULL,'M20130104093728122',71,'','page_edit'),
 (63,'2013-01-04 21:37:28',1,99999999,NULL,1,NULL,NULL,99999999,NULL,'M20130104093728124',71,'','page_edit'),
 (64,'2013-01-06 20:35:53',1,99999999,NULL,1,NULL,NULL,99999999,NULL,'M20130106083553126',84,'','page_query'),
 (65,'2013-01-06 20:35:53',1,99999999,NULL,1,NULL,NULL,99999999,NULL,'M20130106083553128',84,'','page_reset'),
 (66,'2013-01-06 20:35:53',1,99999999,NULL,1,NULL,NULL,99999999,NULL,'M20130106083553130',84,'','page_audit'),
 (67,'2013-01-06 20:35:53',1,99999999,NULL,1,NULL,NULL,99999999,NULL,'M20130106083553132',84,'','page_edit'),
 (68,'2013-01-06 20:48:56',1,99999999,NULL,1,NULL,NULL,99999999,NULL,'M20130106084856134',85,'','page_query'),
 (69,'2013-01-06 20:48:56',1,99999999,NULL,1,NULL,NULL,99999999,NULL,'M20130106084856136',85,'','page_reset'),
 (70,'2013-01-06 20:48:56',1,99999999,NULL,1,NULL,NULL,99999999,NULL,'M20130106084856138',85,'','page_audit'),
 (71,'2013-01-06 20:48:56',1,99999999,NULL,1,NULL,NULL,99999999,NULL,'M20130106084856140',85,'','page_edit'),
 (72,'2013-01-08 00:01:00',1,-1,-1,1,NULL,NULL,-1,NULL,'M20130108065135142',86,'',''),
 (73,'2013-01-08 00:01:00',1,-1,-1,1,NULL,NULL,-1,NULL,'M20130108065146144',86,'',''),
 (74,'2013-01-08 00:01:00',1,-1,-1,1,NULL,NULL,-1,NULL,'M20130108065157146',86,'',''),
 (75,'2013-01-10 12:31:48',1,99999999,NULL,1,NULL,NULL,99999999,NULL,'M20130110003148148',89,'','page_query'),
 (76,'2013-01-10 12:31:49',1,99999999,NULL,1,NULL,NULL,99999999,NULL,'M20130110003149150',89,'','page_reset'),
 (77,'2013-01-10 12:32:57',1,99999999,NULL,1,NULL,NULL,99999999,NULL,'M20130110003257152',89,'','page_detail'),
 (78,'2013-01-10 12:33:00',1,99999999,NULL,1,NULL,NULL,99999999,NULL,'M20130110003300154',90,'','page_query'),
 (79,'2013-01-10 12:33:00',1,99999999,NULL,1,NULL,NULL,99999999,NULL,'M20130110003300156',90,'','page_reset'),
 (80,'2013-01-10 12:33:00',1,99999999,NULL,1,NULL,NULL,99999999,NULL,'M20130110003300158',90,'','page_detail'),
 (81,'2013-01-10 12:33:25',1,99999999,NULL,1,NULL,NULL,99999999,NULL,'M20130110003325160',92,'','page_query'),
 (82,'2013-01-10 12:33:25',1,99999999,NULL,1,NULL,NULL,99999999,NULL,'M20130110003325162',92,'','page_reset'),
 (83,'2013-01-10 12:33:25',1,99999999,NULL,1,NULL,NULL,99999999,NULL,'M20130110003325164',92,'','page_detail'),
 (84,'2013-01-10 12:33:28',1,99999999,NULL,1,NULL,NULL,99999999,NULL,'M20130110003328166',93,'','page_query'),
 (85,'2013-01-10 12:33:28',1,99999999,NULL,1,NULL,NULL,99999999,NULL,'M20130110003328168',93,'','page_reset'),
 (86,'2013-01-10 12:33:28',1,99999999,NULL,1,NULL,NULL,99999999,NULL,'M20130110003328170',93,'','page_detail'),
 (87,'2013-01-11 17:21:58',1,99999999,NULL,1,NULL,NULL,99999999,NULL,'M20130111052158172',85,'','page_audit'),
 (88,'2013-01-11 17:21:59',1,99999999,NULL,1,NULL,NULL,99999999,NULL,'M20130111052159174',84,'','page_audit'),
 (89,'2013-01-14 16:13:17',1,99999999,NULL,1,NULL,NULL,99999999,NULL,'M20130114041317176',82,'','page_add'),
 (90,'2013-01-14 16:13:18',1,99999999,NULL,1,NULL,NULL,99999999,NULL,'M20130114041318178',82,'','page_edit'),
 (91,'2013-01-14 16:13:18',1,99999999,NULL,1,NULL,NULL,99999999,NULL,'M20130114041318180',82,'','page_delete');
/*!40000 ALTER TABLE `ts_module` ENABLE KEYS */;


--
-- Definition of table `ts_nodecfg`
--

DROP TABLE IF EXISTS `ts_nodecfg`;
CREATE TABLE `ts_nodecfg` (
  `id` bigint(20) NOT NULL AUTO_INCREMENT,
  `createTime` datetime NOT NULL,
  `creator` bigint(20) NOT NULL,
  `deptId` bigint(20) NOT NULL,
  `empId` bigint(20) DEFAULT NULL,
  `isenabled` tinyint(4) NOT NULL,
  `modifier` bigint(20) DEFAULT NULL,
  `modifytime` datetime DEFAULT NULL,
  `orgid` bigint(20) NOT NULL,
  `remark` varchar(200) DEFAULT NULL,
  `btime` varchar(10) DEFAULT NULL,
  `counterrsign` int(11) NOT NULL,
  `isTimeOut` int(11) DEFAULT NULL,
  `nodeId` bigint(20) NOT NULL,
  `timeOut` varchar(10) DEFAULT NULL,
  `transType` int(11) NOT NULL,
  `reminds` varchar(10) DEFAULT NULL,
  PRIMARY KEY (`id`)
) ENGINE=InnoDB AUTO_INCREMENT=54 DEFAULT CHARSET=utf8;

--
-- Dumping data for table `ts_nodecfg`
--

/*!40000 ALTER TABLE `ts_nodecfg` DISABLE KEYS */;
INSERT INTO `ts_nodecfg` (`id`,`createTime`,`creator`,`deptId`,`empId`,`isenabled`,`modifier`,`modifytime`,`orgid`,`remark`,`btime`,`counterrsign`,`isTimeOut`,`nodeId`,`timeOut`,`transType`,`reminds`) VALUES 
 (29,'2013-01-03 00:01:00',1,-1,-1,1,NULL,NULL,-1,NULL,'3,D',0,1,13,'1,M',0,'1'),
 (39,'2013-01-06 00:01:00',1,-1,-1,1,NULL,NULL,-1,NULL,NULL,0,0,19,NULL,0,'1'),
 (40,'2013-01-06 00:01:00',1,-1,-1,1,NULL,NULL,-1,NULL,NULL,0,0,20,NULL,0,'1'),
 (41,'2013-01-06 00:01:00',1,-1,-1,1,NULL,NULL,-1,NULL,NULL,0,0,21,NULL,0,'1'),
 (43,'2013-01-06 00:01:00',1,-1,-1,1,NULL,NULL,-1,NULL,NULL,0,0,23,NULL,0,'1'),
 (44,'2013-01-06 00:01:00',1,-1,-1,1,NULL,NULL,-1,NULL,NULL,0,0,15,NULL,0,'1,2,3'),
 (45,'2013-01-06 00:01:00',1,-1,-1,1,NULL,NULL,-1,NULL,NULL,0,0,16,NULL,0,'1'),
 (46,'2013-01-06 00:01:00',1,-1,-1,1,NULL,NULL,-1,NULL,NULL,0,0,18,NULL,0,'1'),
 (48,'2013-01-07 00:01:00',1,-1,-1,1,NULL,NULL,-1,NULL,NULL,0,0,17,NULL,0,'1'),
 (49,'2013-01-07 00:01:00',1,-1,-1,1,NULL,NULL,-1,NULL,NULL,1,0,22,NULL,0,'1'),
 (53,'2013-01-11 00:01:00',1,-1,-1,1,NULL,NULL,-1,NULL,NULL,0,0,14,NULL,0,'1,2,3');
/*!40000 ALTER TABLE `ts_nodecfg` ENABLE KEYS */;


--
-- Definition of table `ts_pledge`
--

DROP TABLE IF EXISTS `ts_pledge`;
CREATE TABLE `ts_pledge` (
  `id` bigint(20) NOT NULL AUTO_INCREMENT,
  `createTime` datetime NOT NULL,
  `creator` bigint(20) NOT NULL,
  `deptId` bigint(20) NOT NULL,
  `empId` bigint(20) DEFAULT NULL,
  `isenabled` tinyint(4) NOT NULL,
  `modifier` bigint(20) DEFAULT NULL,
  `modifytime` datetime DEFAULT NULL,
  `orgid` bigint(20) NOT NULL,
  `remark` varchar(200) DEFAULT NULL,
  `address` varchar(150) DEFAULT NULL,
  `carrMan` varchar(30) DEFAULT NULL,
  `carrTime` datetime DEFAULT NULL,
  `charMan` varchar(30) DEFAULT NULL,
  `charTime` datetime DEFAULT NULL,
  `conTel` varchar(20) DEFAULT NULL,
  `formId` bigint(20) NOT NULL,
  `gtype` bigint(20) NOT NULL,
  `mman` varchar(30) DEFAULT NULL,
  `morTime` datetime DEFAULT NULL,
  `mpVal` decimal(19,2) NOT NULL,
  `name` varchar(60) NOT NULL,
  `oldVal` decimal(19,2) NOT NULL,
  `quantity` int(11) NOT NULL,
  `state` int(11) NOT NULL,
  `unint` varchar(20) DEFAULT NULL,
  PRIMARY KEY (`id`)
) ENGINE=InnoDB AUTO_INCREMENT=3 DEFAULT CHARSET=utf8;

--
-- Dumping data for table `ts_pledge`
--

/*!40000 ALTER TABLE `ts_pledge` DISABLE KEYS */;
INSERT INTO `ts_pledge` (`id`,`createTime`,`creator`,`deptId`,`empId`,`isenabled`,`modifier`,`modifytime`,`orgid`,`remark`,`address`,`carrMan`,`carrTime`,`charMan`,`charTime`,`conTel`,`formId`,`gtype`,`mman`,`morTime`,`mpVal`,`name`,`oldVal`,`quantity`,`state`,`unint`) VALUES 
 (1,'2013-01-08 00:01:00',1,-1,NULL,1,1,'2013-01-14 00:01:00',-1,NULL,NULL,NULL,NULL,NULL,NULL,NULL,-1,83,'','2013-01-08 00:01:00','20.00','x','1000000.00',10000,0,''),
 (2,'2013-01-08 00:01:00',1,-1,NULL,1,1,'2013-01-08 00:01:00',-1,'','',NULL,NULL,NULL,NULL,'18617010770',-1,84,'','2013-01-08 00:01:00','100000.00','','10000.00',10,0,'');
/*!40000 ALTER TABLE `ts_pledge` ENABLE KEYS */;


--
-- Definition of table `ts_post`
--

DROP TABLE IF EXISTS `ts_post`;
CREATE TABLE `ts_post` (
  `id` bigint(20) NOT NULL AUTO_INCREMENT,
  `createTime` datetime NOT NULL,
  `creator` bigint(20) NOT NULL,
  `deptId` bigint(20) NOT NULL,
  `empId` bigint(20) DEFAULT NULL,
  `isenabled` tinyint(4) NOT NULL,
  `modifier` bigint(20) DEFAULT NULL,
  `modifytime` datetime DEFAULT NULL,
  `orgid` bigint(20) NOT NULL,
  `remark` varchar(200) DEFAULT NULL,
  `code` varchar(20) NOT NULL,
  `indeptId` bigint(20) NOT NULL,
  `mnemonic` varchar(100) DEFAULT NULL,
  `mtask` varchar(200) DEFAULT NULL,
  `name` varchar(100) NOT NULL,
  PRIMARY KEY (`id`)
) ENGINE=InnoDB AUTO_INCREMENT=11 DEFAULT CHARSET=utf8;

--
-- Dumping data for table `ts_post`
--

/*!40000 ALTER TABLE `ts_post` DISABLE KEYS */;
INSERT INTO `ts_post` (`id`,`createTime`,`creator`,`deptId`,`empId`,`isenabled`,`modifier`,`modifytime`,`orgid`,`remark`,`code`,`indeptId`,`mnemonic`,`mtask`,`name`) VALUES 
 (1,'2012-01-11 00:11:00',-1,-1,NULL,1,NULL,NULL,0,NULL,'P2012111101420400',1,NULL,NULL,''),
 (2,'2012-01-11 00:11:00',-1,-1,NULL,1,NULL,NULL,0,NULL,'P2012111101423002',1,NULL,NULL,'Java'),
 (3,'2012-01-11 00:11:00',-1,-1,NULL,1,NULL,NULL,0,NULL,'P2012111101434804',1,NULL,NULL,''),
 (4,'2012-01-09 00:12:00',-1,-1,NULL,0,NULL,NULL,0,NULL,'P2012120907575206',3,NULL,NULL,''),
 (5,'2012-01-09 00:12:00',-1,-1,NULL,1,1,'2013-01-08 00:01:00',0,NULL,'P2012120908021608',4,NULL,NULL,''),
 (6,'2012-01-09 00:12:00',-1,-1,NULL,1,NULL,NULL,0,NULL,'P2012120908594710',5,NULL,NULL,'vvv'),
 (7,'2012-01-09 00:12:00',-1,-1,NULL,1,NULL,NULL,0,NULL,'P2012120909362512',6,NULL,NULL,'111'),
 (8,'2012-01-10 00:12:00',-1,-1,NULL,1,NULL,NULL,0,NULL,'P2012121010532514',7,NULL,NULL,'ccc'),
 (9,'2012-01-10 00:12:00',-1,-1,NULL,1,NULL,NULL,0,NULL,'P2012121011142016',7,NULL,NULL,'cc'),
 (10,'2012-01-13 00:12:00',-1,-1,-1,1,NULL,NULL,0,NULL,'P2012121309150118',8,NULL,NULL,'xxx');
/*!40000 ALTER TABLE `ts_post` ENABLE KEYS */;


--
-- Definition of table `ts_province`
--

DROP TABLE IF EXISTS `ts_province`;
CREATE TABLE `ts_province` (
  `id` bigint(20) NOT NULL AUTO_INCREMENT,
  `createTime` datetime NOT NULL,
  `creator` bigint(20) NOT NULL,
  `deptId` bigint(20) NOT NULL,
  `empId` bigint(20) DEFAULT NULL,
  `isenabled` tinyint(4) NOT NULL,
  `modifier` bigint(20) DEFAULT NULL,
  `modifytime` datetime DEFAULT NULL,
  `orgid` bigint(20) NOT NULL,
  `remark` varchar(200) DEFAULT NULL,
  `code` varchar(20) NOT NULL,
  `countryd` bigint(20) NOT NULL,
  `ename` varchar(50) DEFAULT NULL,
  `fname` varchar(50) DEFAULT NULL,
  `isdefault` int(11) NOT NULL,
  `jname` varchar(50) DEFAULT NULL,
  `koname` varchar(50) DEFAULT NULL,
  `name` varchar(50) NOT NULL,
  `twname` varchar(50) DEFAULT NULL,
  PRIMARY KEY (`id`)
) ENGINE=InnoDB AUTO_INCREMENT=3 DEFAULT CHARSET=utf8;

--
-- Dumping data for table `ts_province`
--

/*!40000 ALTER TABLE `ts_province` DISABLE KEYS */;
INSERT INTO `ts_province` (`id`,`createTime`,`creator`,`deptId`,`empId`,`isenabled`,`modifier`,`modifytime`,`orgid`,`remark`,`code`,`countryd`,`ename`,`fname`,`isdefault`,`jname`,`koname`,`name`,`twname`) VALUES 
 (1,'2012-01-13 00:12:00',-1,-1,-1,1,NULL,NULL,0,NULL,'P2012121302424700',1,'Guangdong Province',NULL,1,NULL,NULL,'',NULL),
 (2,'2012-01-13 00:12:00',-1,-1,-1,1,NULL,NULL,0,NULL,'P2012121302444602',1,'Hubei Province',NULL,0,NULL,NULL,'',NULL);
/*!40000 ALTER TABLE `ts_province` ENABLE KEYS */;


--
-- Definition of table `ts_rate`
--

DROP TABLE IF EXISTS `ts_rate`;
CREATE TABLE `ts_rate` (
  `id` bigint(20) NOT NULL AUTO_INCREMENT,
  `createTime` datetime NOT NULL,
  `creator` bigint(20) NOT NULL,
  `deptId` bigint(20) NOT NULL,
  `empId` bigint(20) DEFAULT NULL,
  `isenabled` tinyint(4) NOT NULL,
  `modifier` bigint(20) DEFAULT NULL,
  `modifytime` datetime DEFAULT NULL,
  `orgid` bigint(20) NOT NULL,
  `remark` varchar(200) DEFAULT NULL,
  `bdate` datetime DEFAULT NULL,
  `code` varchar(20) NOT NULL,
  `formulaId` bigint(20) DEFAULT NULL,
  `isFormula` int(11) NOT NULL,
  `limits` int(11) NOT NULL,
  `name` varchar(30) NOT NULL,
  `types` int(11) NOT NULL,
  `val` double NOT NULL,
  `type` int(11) NOT NULL,
  PRIMARY KEY (`id`)
) ENGINE=InnoDB AUTO_INCREMENT=5 DEFAULT CHARSET=utf8;

--
-- Dumping data for table `ts_rate`
--

/*!40000 ALTER TABLE `ts_rate` DISABLE KEYS */;
INSERT INTO `ts_rate` (`id`,`createTime`,`creator`,`deptId`,`empId`,`isenabled`,`modifier`,`modifytime`,`orgid`,`remark`,`bdate`,`code`,`formulaId`,`isFormula`,`limits`,`name`,`types`,`val`,`type`) VALUES 
 (1,'2012-01-07 00:12:00',-1,-1,NULL,1,-1,'2012-01-07 00:12:00',0,NULL,'2012-01-07 00:01:00','R2012120706534500',NULL,1,2,'',2,3.2,0),
 (2,'2012-01-07 00:12:00',-1,-1,NULL,1,-1,'2012-01-07 00:12:00',0,NULL,'2012-01-07 00:01:00','R2012120708345002',2,1,2,'',2,3.21,0),
 (3,'2012-01-08 00:12:00',-1,-1,NULL,0,-1,'2012-01-08 00:12:00',0,NULL,'2012-01-03 00:12:00','R2012120811364204',NULL,0,1,'hh',1,3.3,0),
 (4,'2012-01-08 00:12:00',-1,-1,NULL,1,-1,'2012-01-08 00:12:00',0,NULL,'2012-01-04 00:12:00','R2012120811412906',NULL,0,2,'xx',2,3.3,0);
/*!40000 ALTER TABLE `ts_rate` ENABLE KEYS */;


--
-- Definition of table `ts_region`
--

DROP TABLE IF EXISTS `ts_region`;
CREATE TABLE `ts_region` (
  `id` bigint(20) NOT NULL AUTO_INCREMENT,
  `createTime` datetime NOT NULL,
  `creator` bigint(20) NOT NULL,
  `deptId` bigint(20) NOT NULL,
  `empId` bigint(20) DEFAULT NULL,
  `isenabled` tinyint(4) NOT NULL,
  `modifier` bigint(20) DEFAULT NULL,
  `modifytime` datetime DEFAULT NULL,
  `orgid` bigint(20) NOT NULL,
  `remark` varchar(200) DEFAULT NULL,
  `cityId` bigint(20) NOT NULL,
  `code` varchar(20) NOT NULL,
  `ename` varchar(50) DEFAULT NULL,
  `fname` varchar(50) DEFAULT NULL,
  `isdefault` int(11) NOT NULL,
  `jname` varchar(50) DEFAULT NULL,
  `koname` varchar(50) DEFAULT NULL,
  `name` varchar(50) NOT NULL,
  `twname` varchar(50) DEFAULT NULL,
  PRIMARY KEY (`id`)
) ENGINE=InnoDB AUTO_INCREMENT=3 DEFAULT CHARSET=utf8;

--
-- Dumping data for table `ts_region`
--

/*!40000 ALTER TABLE `ts_region` DISABLE KEYS */;
INSERT INTO `ts_region` (`id`,`createTime`,`creator`,`deptId`,`empId`,`isenabled`,`modifier`,`modifytime`,`orgid`,`remark`,`cityId`,`code`,`ename`,`fname`,`isdefault`,`jname`,`koname`,`name`,`twname`) VALUES 
 (1,'2012-01-13 00:12:00',-1,-1,NULL,1,-1,'2012-01-13 00:12:00',0,NULL,1,'R2012121302474100','Baiyun Region',NULL,1,NULL,NULL,'',NULL),
 (2,'2012-01-13 00:12:00',-1,-1,NULL,1,-1,'2012-01-13 00:12:00',0,NULL,2,'R2012121302483302','Hongshan Region',NULL,0,NULL,NULL,'',NULL);
/*!40000 ALTER TABLE `ts_region` ENABLE KEYS */;


--
-- Definition of table `ts_restype`
--

DROP TABLE IF EXISTS `ts_restype`;
CREATE TABLE `ts_restype` (
  `id` bigint(20) NOT NULL AUTO_INCREMENT,
  `createTime` datetime NOT NULL,
  `creator` bigint(20) NOT NULL,
  `deptId` bigint(20) NOT NULL,
  `empId` bigint(20) DEFAULT NULL,
  `isenabled` tinyint(4) NOT NULL,
  `modifier` bigint(20) DEFAULT NULL,
  `modifytime` datetime DEFAULT NULL,
  `orgid` bigint(20) NOT NULL,
  `remark` varchar(200) DEFAULT NULL,
  `name` varchar(50) NOT NULL,
  `recode` varchar(50) DEFAULT NULL,
  PRIMARY KEY (`id`)
) ENGINE=InnoDB AUTO_INCREMENT=23 DEFAULT CHARSET=utf8;

--
-- Dumping data for table `ts_restype`
--

/*!40000 ALTER TABLE `ts_restype` DISABLE KEYS */;
INSERT INTO `ts_restype` (`id`,`createTime`,`creator`,`deptId`,`empId`,`isenabled`,`modifier`,`modifytime`,`orgid`,`remark`,`name`,`recode`) VALUES 
 (1,'2012-01-10 00:12:00',-1,-1,-1,1,NULL,NULL,0,NULL,'','100001'),
 (2,'2012-01-10 00:12:00',-1,-1,-1,1,NULL,NULL,0,NULL,'','100002'),
 (3,'2012-01-10 00:12:00',-1,-1,-1,1,NULL,NULL,0,NULL,'','100003'),
 (4,'2012-01-10 00:12:00',-1,-1,-1,1,NULL,NULL,0,NULL,'','100004'),
 (5,'2012-01-10 00:12:00',-1,-1,-1,1,NULL,NULL,0,NULL,'','100005'),
 (6,'2012-01-10 00:12:00',-1,-1,-1,1,NULL,NULL,0,NULL,'','100006'),
 (7,'2012-01-10 00:12:00',-1,-1,NULL,1,-1,'2012-01-10 00:12:00',0,'','','100007'),
 (8,'2012-01-10 00:12:00',-1,-1,-1,1,NULL,NULL,0,'','','100008'),
 (9,'2012-01-10 00:12:00',-1,-1,-1,1,NULL,NULL,0,NULL,'','100009'),
 (10,'2012-01-10 00:12:00',-1,-1,-1,1,NULL,NULL,0,NULL,'','100010'),
 (11,'2012-01-10 00:12:00',-1,-1,-1,1,NULL,NULL,0,NULL,'','100011'),
 (12,'2012-01-10 00:12:00',-1,-1,-1,1,NULL,NULL,0,NULL,'','100012'),
 (13,'2012-01-10 00:12:00',-1,-1,-1,1,NULL,NULL,0,NULL,'','100013'),
 (14,'2012-01-10 00:12:00',-1,-1,-1,1,NULL,NULL,0,'','','200000'),
 (15,'2012-01-10 00:12:00',-1,-1,NULL,1,-1,'2012-01-10 00:12:00',0,'','','200001'),
 (16,'2012-01-10 00:12:00',-1,-1,-1,1,NULL,NULL,0,'','','200002'),
 (17,'2012-01-10 00:12:00',-1,-1,-1,1,NULL,NULL,0,'','','200003'),
 (18,'2012-01-11 00:12:00',-1,-1,-1,-1,NULL,NULL,0,NULL,'','100015'),
 (19,'2012-01-16 00:12:00',-1,-1,-1,1,NULL,NULL,0,NULL,'','200004'),
 (20,'2012-01-18 00:12:00',-1,-1,-1,1,NULL,NULL,0,NULL,'','100014'),
 (21,'2013-01-05 00:01:00',1,-1,-1,1,NULL,NULL,-1,NULL,'','100016'),
 (22,'2013-01-05 00:01:00',1,-1,-1,1,NULL,NULL,-1,NULL,'','100017');
/*!40000 ALTER TABLE `ts_restype` ENABLE KEYS */;


--
-- Definition of table `ts_right`
--

DROP TABLE IF EXISTS `ts_right`;
CREATE TABLE `ts_right` (
  `id` bigint(20) NOT NULL AUTO_INCREMENT,
  `mmId` bigint(20) NOT NULL,
  `objtype` int(11) NOT NULL,
  `roleId` bigint(20) NOT NULL,
  `type` int(11) NOT NULL,
  `accessIds` varchar(255) DEFAULT NULL,
  `level` int(11) NOT NULL,
  PRIMARY KEY (`id`)
) ENGINE=InnoDB AUTO_INCREMENT=1377 DEFAULT CHARSET=utf8;

--
-- Dumping data for table `ts_right`
--

/*!40000 ALTER TABLE `ts_right` DISABLE KEYS */;
INSERT INTO `ts_right` (`id`,`mmId`,`objtype`,`roleId`,`type`,`accessIds`,`level`) VALUES 
 (1049,22,0,10,0,NULL,0),
 (1050,23,0,10,0,NULL,0),
 (1051,24,0,10,0,NULL,0),
 (1052,68,0,10,1,NULL,0),
 (1053,69,0,10,1,NULL,0),
 (1054,70,0,10,1,NULL,0),
 (1055,71,0,10,1,NULL,0),
 (1056,72,0,10,1,NULL,0),
 (1057,74,0,10,1,NULL,0),
 (1058,75,0,10,1,NULL,0),
 (1059,76,0,10,1,NULL,0),
 (1060,84,0,10,1,NULL,0),
 (1061,85,0,10,1,NULL,0),
 (1062,28,0,10,2,NULL,0),
 (1063,29,0,10,2,NULL,0),
 (1064,30,0,10,2,NULL,0),
 (1065,31,0,10,2,NULL,0),
 (1066,32,0,10,2,NULL,0),
 (1067,33,0,10,2,NULL,0),
 (1068,34,0,10,2,NULL,0),
 (1069,35,0,10,2,NULL,0),
 (1070,36,0,10,2,NULL,0),
 (1071,37,0,10,2,NULL,0),
 (1072,54,0,10,2,NULL,0),
 (1073,55,0,10,2,NULL,0),
 (1074,56,0,10,2,NULL,0),
 (1075,57,0,10,2,NULL,0),
 (1076,58,0,10,2,NULL,0),
 (1077,59,0,10,2,NULL,0),
 (1078,60,0,10,2,NULL,0),
 (1079,61,0,10,2,NULL,0),
 (1080,62,0,10,2,NULL,0),
 (1081,63,0,10,2,NULL,0),
 (1082,38,0,10,2,NULL,0),
 (1083,39,0,10,2,NULL,0),
 (1084,40,0,10,2,NULL,0),
 (1085,41,0,10,2,NULL,0),
 (1086,42,0,10,2,NULL,0),
 (1087,43,0,10,2,NULL,0),
 (1088,44,0,10,2,NULL,0),
 (1089,45,0,10,2,NULL,0),
 (1090,46,0,10,2,NULL,0),
 (1091,47,0,10,2,NULL,0),
 (1092,48,0,10,2,NULL,0),
 (1093,49,0,10,2,NULL,0),
 (1094,50,0,10,2,NULL,0),
 (1095,51,0,10,2,NULL,0),
 (1096,52,0,10,2,NULL,0),
 (1097,53,0,10,2,NULL,0),
 (1098,64,0,10,2,NULL,0),
 (1099,65,0,10,2,NULL,0),
 (1100,66,0,10,2,NULL,0),
 (1101,67,0,10,2,NULL,0),
 (1102,68,0,10,2,NULL,0),
 (1103,69,0,10,2,NULL,0),
 (1104,70,0,10,2,NULL,0),
 (1105,71,0,10,2,NULL,0),
 (1163,22,0,7,0,NULL,0),
 (1164,23,0,7,0,NULL,0),
 (1165,24,0,7,0,NULL,0),
 (1166,68,0,7,1,NULL,0),
 (1167,69,0,7,1,NULL,0),
 (1168,70,0,7,1,NULL,0),
 (1169,71,0,7,1,NULL,0),
 (1170,72,0,7,1,NULL,0),
 (1171,74,0,7,1,NULL,0),
 (1172,75,0,7,1,NULL,0),
 (1173,76,0,7,1,NULL,0),
 (1174,84,0,7,1,NULL,0),
 (1175,85,0,7,1,NULL,0),
 (1176,91,0,7,1,NULL,0),
 (1177,92,0,7,1,NULL,0),
 (1178,93,0,7,1,NULL,0),
 (1179,88,0,7,1,NULL,0),
 (1180,89,0,7,1,NULL,0),
 (1181,90,0,7,1,NULL,0),
 (1182,28,0,7,2,NULL,0),
 (1183,29,0,7,2,NULL,0),
 (1184,30,0,7,2,NULL,0),
 (1185,31,0,7,2,NULL,0),
 (1186,32,0,7,2,NULL,0),
 (1187,33,0,7,2,NULL,0),
 (1188,34,0,7,2,NULL,0),
 (1189,35,0,7,2,NULL,0),
 (1190,36,0,7,2,NULL,0),
 (1191,37,0,7,2,NULL,0),
 (1192,54,0,7,2,NULL,0),
 (1193,55,0,7,2,NULL,0),
 (1194,56,0,7,2,NULL,0),
 (1195,57,0,7,2,NULL,0),
 (1196,58,0,7,2,NULL,0),
 (1197,59,0,7,2,NULL,0),
 (1198,60,0,7,2,NULL,0),
 (1199,61,0,7,2,NULL,0),
 (1200,62,0,7,2,NULL,0),
 (1201,63,0,7,2,NULL,0),
 (1202,38,0,7,2,NULL,0),
 (1203,39,0,7,2,NULL,0),
 (1204,40,0,7,2,NULL,0),
 (1205,41,0,7,2,NULL,0),
 (1206,42,0,7,2,NULL,0),
 (1207,43,0,7,2,NULL,0),
 (1208,46,0,7,2,NULL,0),
 (1209,47,0,7,2,NULL,0),
 (1210,48,0,7,2,NULL,0),
 (1211,49,0,7,2,NULL,0),
 (1212,50,0,7,2,NULL,0),
 (1213,51,0,7,2,NULL,0),
 (1214,52,0,7,2,NULL,0),
 (1215,53,0,7,2,NULL,0),
 (1216,64,0,7,2,NULL,0),
 (1217,65,0,7,2,NULL,0),
 (1218,66,0,7,2,NULL,0),
 (1219,67,0,7,2,NULL,0),
 (1220,68,0,7,2,NULL,0),
 (1221,69,0,7,2,NULL,0),
 (1222,70,0,7,2,NULL,0),
 (1223,71,0,7,2,NULL,0),
 (1224,81,0,7,2,NULL,0),
 (1225,82,0,7,2,NULL,0),
 (1226,83,0,7,2,NULL,0),
 (1227,84,0,7,2,NULL,0),
 (1228,85,0,7,2,NULL,0),
 (1229,86,0,7,2,NULL,0),
 (1230,75,0,7,2,NULL,0),
 (1231,76,0,7,2,NULL,0),
 (1232,77,0,7,2,NULL,0),
 (1233,78,0,7,2,NULL,0),
 (1234,79,0,7,2,NULL,0),
 (1235,80,0,7,2,NULL,0),
 (1236,22,0,11,0,NULL,0),
 (1237,23,0,11,0,NULL,0),
 (1238,24,0,11,0,NULL,0),
 (1239,68,0,11,1,NULL,0),
 (1240,69,0,11,1,NULL,0),
 (1241,70,0,11,1,NULL,0),
 (1242,71,0,11,1,NULL,0),
 (1243,72,0,11,1,NULL,0),
 (1244,74,0,11,1,NULL,0),
 (1245,75,0,11,1,NULL,0),
 (1246,76,0,11,1,NULL,0),
 (1247,84,0,11,1,NULL,0),
 (1248,85,0,11,1,NULL,0),
 (1249,88,0,11,1,NULL,0),
 (1250,89,0,11,1,NULL,0),
 (1251,90,0,11,1,NULL,0),
 (1252,28,0,11,2,NULL,0),
 (1253,29,0,11,2,NULL,0),
 (1254,30,0,11,2,NULL,0),
 (1255,31,0,11,2,NULL,0),
 (1256,32,0,11,2,NULL,0),
 (1257,33,0,11,2,NULL,0),
 (1258,34,0,11,2,NULL,0),
 (1259,35,0,11,2,NULL,0),
 (1260,36,0,11,2,NULL,0),
 (1261,37,0,11,2,NULL,0),
 (1262,54,0,11,2,NULL,0),
 (1263,55,0,11,2,NULL,0),
 (1264,56,0,11,2,NULL,0),
 (1265,57,0,11,2,NULL,0),
 (1266,58,0,11,2,NULL,0),
 (1267,59,0,11,2,NULL,0),
 (1268,60,0,11,2,NULL,0),
 (1269,61,0,11,2,NULL,0),
 (1270,62,0,11,2,NULL,0),
 (1271,63,0,11,2,NULL,0),
 (1272,38,0,11,2,NULL,0),
 (1273,39,0,11,2,NULL,0),
 (1274,40,0,11,2,NULL,0),
 (1275,41,0,11,2,NULL,0),
 (1276,42,0,11,2,NULL,0),
 (1277,43,0,11,2,NULL,0),
 (1278,44,0,11,2,NULL,0),
 (1279,45,0,11,2,NULL,0),
 (1280,46,0,11,2,NULL,0),
 (1281,47,0,11,2,NULL,0),
 (1282,48,0,11,2,NULL,0),
 (1283,49,0,11,2,NULL,0),
 (1284,50,0,11,2,NULL,0),
 (1285,51,0,11,2,NULL,0),
 (1286,52,0,11,2,NULL,0),
 (1287,53,0,11,2,NULL,0),
 (1288,64,0,11,2,NULL,0),
 (1289,65,0,11,2,NULL,0),
 (1290,66,0,11,2,NULL,0),
 (1291,67,0,11,2,NULL,0),
 (1292,68,0,11,2,NULL,0),
 (1293,69,0,11,2,NULL,0),
 (1294,70,0,11,2,NULL,0),
 (1295,71,0,11,2,NULL,0),
 (1296,75,0,11,2,NULL,0),
 (1297,76,0,11,2,NULL,0),
 (1298,77,0,11,2,NULL,0),
 (1299,78,0,11,2,NULL,0),
 (1300,79,0,11,2,NULL,0),
 (1301,80,0,11,2,NULL,0),
 (1302,22,0,6,0,NULL,0),
 (1303,23,0,6,0,NULL,0),
 (1304,24,0,6,0,NULL,0),
 (1305,68,0,6,1,NULL,0),
 (1306,69,0,6,1,NULL,0),
 (1307,70,0,6,1,NULL,0),
 (1308,71,0,6,1,NULL,0),
 (1309,72,0,6,1,NULL,0),
 (1310,74,0,6,1,NULL,0),
 (1311,75,0,6,1,NULL,0),
 (1312,76,0,6,1,NULL,0),
 (1313,84,0,6,1,NULL,0),
 (1314,85,0,6,1,NULL,0),
 (1315,88,0,6,1,NULL,0),
 (1316,89,0,6,1,NULL,0),
 (1317,90,0,6,1,NULL,0),
 (1318,91,0,6,1,NULL,0),
 (1319,92,0,6,1,NULL,0),
 (1320,93,0,6,1,NULL,0),
 (1321,28,0,6,2,NULL,0),
 (1322,29,0,6,2,NULL,0),
 (1323,30,0,6,2,NULL,0),
 (1324,31,0,6,2,NULL,0),
 (1325,32,0,6,2,NULL,0),
 (1326,33,0,6,2,NULL,0),
 (1327,34,0,6,2,NULL,0),
 (1328,35,0,6,2,NULL,0),
 (1329,36,0,6,2,NULL,0),
 (1330,37,0,6,2,NULL,0),
 (1331,54,0,6,2,NULL,0),
 (1332,55,0,6,2,NULL,0),
 (1333,56,0,6,2,NULL,0),
 (1334,57,0,6,2,NULL,0),
 (1335,58,0,6,2,NULL,0),
 (1336,59,0,6,2,NULL,0),
 (1337,60,0,6,2,NULL,0),
 (1338,61,0,6,2,NULL,0),
 (1339,62,0,6,2,NULL,0),
 (1340,63,0,6,2,NULL,0),
 (1341,38,0,6,2,NULL,0),
 (1342,39,0,6,2,NULL,0),
 (1343,40,0,6,2,NULL,0),
 (1344,41,0,6,2,NULL,0),
 (1345,42,0,6,2,NULL,0),
 (1346,43,0,6,2,NULL,0),
 (1347,44,0,6,2,NULL,0),
 (1348,45,0,6,2,NULL,0),
 (1349,46,0,6,2,NULL,0),
 (1350,47,0,6,2,NULL,0),
 (1351,48,0,6,2,NULL,0),
 (1352,49,0,6,2,NULL,0),
 (1353,50,0,6,2,NULL,0),
 (1354,51,0,6,2,NULL,0),
 (1355,52,0,6,2,NULL,0),
 (1356,53,0,6,2,NULL,0),
 (1357,64,0,6,2,NULL,0),
 (1358,65,0,6,2,NULL,0),
 (1359,66,0,6,2,NULL,0),
 (1360,67,0,6,2,NULL,0),
 (1361,68,0,6,2,NULL,0),
 (1362,69,0,6,2,NULL,0),
 (1363,70,0,6,2,NULL,0),
 (1364,71,0,6,2,NULL,0),
 (1365,75,0,6,2,NULL,0),
 (1366,76,0,6,2,NULL,0),
 (1367,77,0,6,2,NULL,0),
 (1368,78,0,6,2,NULL,0),
 (1369,79,0,6,2,NULL,0),
 (1370,80,0,6,2,NULL,0),
 (1371,81,0,6,2,NULL,0),
 (1372,82,0,6,2,NULL,0),
 (1373,83,0,6,2,NULL,0),
 (1374,84,0,6,2,NULL,0),
 (1375,85,0,6,2,NULL,0),
 (1376,86,0,6,2,NULL,0);
/*!40000 ALTER TABLE `ts_right` ENABLE KEYS */;


--
-- Definition of table `ts_role`
--

DROP TABLE IF EXISTS `ts_role`;
CREATE TABLE `ts_role` (
  `id` bigint(20) NOT NULL AUTO_INCREMENT,
  `createTime` datetime NOT NULL,
  `creator` bigint(20) NOT NULL,
  `deptId` bigint(20) NOT NULL,
  `empId` bigint(20) DEFAULT NULL,
  `isenabled` tinyint(4) NOT NULL,
  `modifier` bigint(20) DEFAULT NULL,
  `modifytime` datetime DEFAULT NULL,
  `orgid` bigint(20) NOT NULL,
  `remark` varchar(200) DEFAULT NULL,
  `code` varchar(20) NOT NULL,
  `name` varchar(30) DEFAULT NULL,
  PRIMARY KEY (`id`)
) ENGINE=InnoDB AUTO_INCREMENT=13 DEFAULT CHARSET=utf8;

--
-- Dumping data for table `ts_role`
--

/*!40000 ALTER TABLE `ts_role` DISABLE KEYS */;
INSERT INTO `ts_role` (`id`,`createTime`,`creator`,`deptId`,`empId`,`isenabled`,`modifier`,`modifytime`,`orgid`,`remark`,`code`,`name`) VALUES 
 (1,'2012-01-09 00:11:00',-1,-1,NULL,1,-1,'2012-01-09 00:11:00',0,'','R2012110901022200',''),
 (2,'2012-01-09 00:11:00',-1,-1,NULL,-1,NULL,NULL,0,NULL,'R2012110902064502',''),
 (3,'2012-01-10 00:11:00',-1,-1,NULL,1,NULL,NULL,0,'xxxx','R2012111009584904','2'),
 (4,'2012-01-10 00:11:00',-1,-1,NULL,1,NULL,NULL,0,NULL,'R2012111010034006','3'),
 (5,'2012-01-12 00:11:00',-1,-1,NULL,1,NULL,NULL,0,NULL,'R2012111202561808',''),
 (6,'2012-01-12 00:11:00',-1,-1,NULL,1,NULL,NULL,0,NULL,'R2012111202570410',''),
 (7,'2012-01-12 00:11:00',-1,-1,NULL,1,-1,'2012-01-27 00:12:00',0,NULL,'R2012111202572112',''),
 (8,'2012-01-12 00:11:00',-1,-1,NULL,1,NULL,NULL,0,NULL,'R2012111202574514',''),
 (9,'2012-01-12 00:11:00',-1,-1,NULL,1,-1,'2012-01-27 00:12:00',0,NULL,'R2012111202582216',''),
 (10,'2012-01-12 00:11:00',-1,-1,NULL,1,NULL,NULL,0,NULL,'R2012111203005518',''),
 (11,'2012-01-12 00:11:00',-1,-1,NULL,1,NULL,NULL,0,NULL,'R2012111203013220',''),
 (12,'2012-01-28 00:12:00',1,-1,-1,1,NULL,NULL,-1,NULL,'R2012122802114922','');
/*!40000 ALTER TABLE `ts_role` ENABLE KEYS */;


--
-- Definition of table `ts_sysparams`
--

DROP TABLE IF EXISTS `ts_sysparams`;
CREATE TABLE `ts_sysparams` (
  `id` bigint(20) NOT NULL AUTO_INCREMENT,
  `createTime` datetime NOT NULL,
  `creator` bigint(20) NOT NULL,
  `deptId` bigint(20) NOT NULL,
  `empId` bigint(20) DEFAULT NULL,
  `isenabled` tinyint(4) NOT NULL,
  `modifier` bigint(20) DEFAULT NULL,
  `modifytime` datetime DEFAULT NULL,
  `orgid` bigint(20) NOT NULL,
  `remark` varchar(200) DEFAULT NULL,
  `name` varchar(50) NOT NULL,
  `recode` varchar(50) NOT NULL,
  `sysid` bigint(20) NOT NULL,
  `val` varchar(50) NOT NULL,
  PRIMARY KEY (`id`)
) ENGINE=InnoDB AUTO_INCREMENT=4 DEFAULT CHARSET=utf8;

--
-- Dumping data for table `ts_sysparams`
--

/*!40000 ALTER TABLE `ts_sysparams` DISABLE KEYS */;
INSERT INTO `ts_sysparams` (`id`,`createTime`,`creator`,`deptId`,`empId`,`isenabled`,`modifier`,`modifytime`,`orgid`,`remark`,`name`,`recode`,`sysid`,`val`) VALUES 
 (1,'2012-01-28 00:11:00',-1,-1,NULL,1,NULL,NULL,0,NULL,'www','www',1,'www'),
 (2,'2012-01-28 00:11:00',-1,-1,NULL,1,NULL,NULL,0,NULL,'e','e',2,'e'),
 (3,'2012-01-28 00:11:00',-1,-1,NULL,1,-1,'2012-01-28 00:11:00',0,NULL,'1','145',1,'11');
/*!40000 ALTER TABLE `ts_sysparams` ENABLE KEYS */;


--
-- Definition of table `ts_sysright`
--

DROP TABLE IF EXISTS `ts_sysright`;
CREATE TABLE `ts_sysright` (
  `id` bigint(20) NOT NULL AUTO_INCREMENT,
  `objId` bigint(20) NOT NULL,
  `objtype` int(11) NOT NULL,
  `sysId` bigint(20) NOT NULL,
  PRIMARY KEY (`id`)
) ENGINE=InnoDB AUTO_INCREMENT=29 DEFAULT CHARSET=utf8;

--
-- Dumping data for table `ts_sysright`
--

/*!40000 ALTER TABLE `ts_sysright` DISABLE KEYS */;
INSERT INTO `ts_sysright` (`id`,`objId`,`objtype`,`sysId`) VALUES 
 (18,10,0,3),
 (20,34,1,3),
 (21,33,1,3),
 (22,32,1,3),
 (23,35,1,3),
 (25,36,1,3),
 (26,7,0,3),
 (27,11,0,3),
 (28,6,0,3);
/*!40000 ALTER TABLE `ts_sysright` ENABLE KEYS */;


--
-- Definition of table `ts_system`
--

DROP TABLE IF EXISTS `ts_system`;
CREATE TABLE `ts_system` (
  `id` bigint(20) NOT NULL AUTO_INCREMENT,
  `createTime` datetime NOT NULL,
  `creator` bigint(20) NOT NULL,
  `deptId` bigint(20) NOT NULL,
  `empId` bigint(20) DEFAULT NULL,
  `isenabled` tinyint(4) NOT NULL,
  `modifier` bigint(20) DEFAULT NULL,
  `modifytime` datetime DEFAULT NULL,
  `orgid` bigint(20) NOT NULL,
  `remark` varchar(200) DEFAULT NULL,
  `autotime` int(11) DEFAULT NULL,
  `code` varchar(30) NOT NULL,
  `hasup` int(11) NOT NULL,
  `icon` varchar(200) DEFAULT NULL,
  `lastupdate` datetime DEFAULT NULL,
  `mnemonic` varchar(30) DEFAULT NULL,
  `name` varchar(30) NOT NULL,
  `synopsis` varchar(255) DEFAULT NULL,
  `systype` int(11) DEFAULT NULL,
  `typeup` int(11) NOT NULL,
  `url` varchar(200) DEFAULT NULL,
  PRIMARY KEY (`id`)
) ENGINE=InnoDB AUTO_INCREMENT=6 DEFAULT CHARSET=utf8;

--
-- Dumping data for table `ts_system`
--

/*!40000 ALTER TABLE `ts_system` DISABLE KEYS */;
INSERT INTO `ts_system` (`id`,`createTime`,`creator`,`deptId`,`empId`,`isenabled`,`modifier`,`modifytime`,`orgid`,`remark`,`autotime`,`code`,`hasup`,`icon`,`lastupdate`,`mnemonic`,`name`,`synopsis`,`systype`,`typeup`,`url`) VALUES 
 (1,'2012-01-28 00:10:00',1,1,NULL,1,-1,'2012-01-29 00:10:00',9999,NULL,24,'S2012102802373000',0,'images/big_icons/48x48/actions/run-build-configure-txr.png',NULL,NULL,'',NULL,0,0,'MyDesktop.SysPlatformWindow'),
 (2,'2012-01-28 00:10:00',-1,-1,NULL,0,NULL,NULL,0,NULL,NULL,'S2012102807535102',0,'images/big_icons/48x48/apps/accessories-calculator-3-txr.png',NULL,NULL,'',NULL,0,0,'MyDesktop.AppWindow'),
 (3,'2012-01-28 00:10:00',-1,-1,NULL,1,-1,'2012-01-06 00:12:00',0,NULL,NULL,'S2012102807595204',0,'images/big_icons/48x48/places/crystal_clear-style/user-desktop-txr.png',NULL,NULL,'',NULL,0,0,'MyDesktop.AppWindow'),
 (4,'2012-01-08 00:11:00',-1,-1,NULL,0,-1,'2012-01-09 00:11:00',0,NULL,NULL,'S2012110808562506',0,'images/big_icons/48x48/others/animals-eagle-txr.png',NULL,NULL,'',NULL,3,0,'http://192.168.1.4:8082/smartplatform'),
 (5,'2012-01-09 00:11:00',-1,-1,NULL,0,-1,'2012-01-09 00:11:00',0,NULL,NULL,'S2012110909235908',0,'images/big_icons/48x48/others/animals-owl-txr.png',NULL,NULL,'',NULL,3,0,'http://fanyi.youdao.com/');
/*!40000 ALTER TABLE `ts_system` ENABLE KEYS */;


--
-- Definition of table `ts_transcfg`
--

DROP TABLE IF EXISTS `ts_transcfg`;
CREATE TABLE `ts_transcfg` (
  `id` bigint(20) NOT NULL AUTO_INCREMENT,
  `createTime` datetime NOT NULL,
  `creator` bigint(20) NOT NULL,
  `deptId` bigint(20) NOT NULL,
  `empId` bigint(20) DEFAULT NULL,
  `isenabled` tinyint(4) NOT NULL,
  `modifier` bigint(20) DEFAULT NULL,
  `modifytime` datetime DEFAULT NULL,
  `orgid` bigint(20) NOT NULL,
  `remark` varchar(200) DEFAULT NULL,
  `acType` int(11) NOT NULL,
  `actorIds` varchar(150) DEFAULT NULL,
  `nodeId` bigint(20) NOT NULL,
  `transId` bigint(20) NOT NULL,
  PRIMARY KEY (`id`)
) ENGINE=InnoDB AUTO_INCREMENT=47 DEFAULT CHARSET=utf8;

--
-- Dumping data for table `ts_transcfg`
--

/*!40000 ALTER TABLE `ts_transcfg` DISABLE KEYS */;
INSERT INTO `ts_transcfg` (`id`,`createTime`,`creator`,`deptId`,`empId`,`isenabled`,`modifier`,`modifytime`,`orgid`,`remark`,`acType`,`actorIds`,`nodeId`,`transId`) VALUES 
 (18,'2013-01-03 18:45:08',1,99999999,NULL,1,NULL,NULL,99999999,NULL,2,'32',29,16),
 (19,'2013-01-05 20:22:44',1,99999999,NULL,1,NULL,NULL,99999999,NULL,1,'7,6,5',30,17),
 (20,'2013-01-06 14:37:26',1,99999999,NULL,1,NULL,NULL,99999999,NULL,2,'35,32',31,18),
 (21,'2013-01-06 16:51:34',1,99999999,NULL,1,NULL,NULL,99999999,NULL,2,'34',32,22),
 (22,'2013-01-06 16:51:34',1,99999999,NULL,1,NULL,NULL,99999999,NULL,1,'7',32,21),
 (23,'2013-01-06 17:25:34',1,99999999,NULL,1,NULL,NULL,99999999,NULL,3,'',36,19),
 (24,'2013-01-06 17:25:44',1,99999999,NULL,1,NULL,NULL,99999999,NULL,0,'',36,18),
 (25,'2013-01-06 17:29:35',1,99999999,NULL,1,NULL,NULL,99999999,NULL,1,'10',39,24),
 (26,'2013-01-06 17:30:12',1,99999999,NULL,1,NULL,NULL,99999999,NULL,2,'33',40,25),
 (27,'2013-01-06 17:30:34',1,99999999,NULL,1,NULL,NULL,99999999,NULL,2,'32,35',41,26),
 (28,'2013-01-06 17:32:11',1,99999999,NULL,1,NULL,NULL,99999999,NULL,0,'',42,29),
 (29,'2013-01-06 17:32:11',1,99999999,NULL,1,NULL,NULL,99999999,NULL,3,'',42,28),
 (30,'2013-01-06 17:32:11',1,99999999,NULL,1,NULL,NULL,99999999,NULL,1,'11',42,27),
 (31,'2013-01-06 17:32:38',1,99999999,NULL,1,NULL,NULL,99999999,NULL,0,'',43,30),
 (32,'2013-01-06 17:33:38',1,99999999,NULL,1,NULL,NULL,99999999,NULL,3,'',44,19),
 (33,'2013-01-06 17:33:38',1,99999999,NULL,1,NULL,NULL,99999999,NULL,0,'',44,18),
 (34,'2013-01-06 17:34:12',1,99999999,NULL,1,NULL,NULL,99999999,NULL,0,'',45,20),
 (35,'2013-01-06 17:34:20',1,99999999,NULL,1,NULL,NULL,99999999,NULL,0,'',46,23),
 (36,'2013-01-07 11:54:49',1,99999999,NULL,1,NULL,NULL,99999999,NULL,2,'33',47,22),
 (37,'2013-01-07 11:54:49',1,99999999,NULL,1,NULL,NULL,99999999,NULL,1,'7',47,21),
 (38,'2013-01-07 12:03:33',1,99999999,NULL,1,NULL,NULL,99999999,NULL,2,'33',48,22),
 (39,'2013-01-07 12:03:33',1,99999999,NULL,1,NULL,NULL,99999999,NULL,1,'7',48,21),
 (40,'2013-01-07 17:48:32',1,99999999,NULL,1,NULL,NULL,99999999,NULL,0,'',49,29),
 (41,'2013-01-07 17:48:32',1,99999999,NULL,1,NULL,NULL,99999999,NULL,3,'',49,28),
 (42,'2013-01-07 17:48:32',1,99999999,NULL,1,NULL,NULL,99999999,NULL,1,'11',49,27),
 (43,'2013-01-08 18:57:42',1,99999999,NULL,1,NULL,NULL,99999999,NULL,1,'7,6,5',50,17),
 (44,'2013-01-11 11:05:30',1,99999999,NULL,1,NULL,NULL,99999999,NULL,1,'7,6,5',51,17),
 (45,'2013-01-11 11:06:22',1,99999999,NULL,1,NULL,NULL,99999999,NULL,1,'7,6,5',52,17),
 (46,'2013-01-11 20:18:11',1,99999999,NULL,1,NULL,NULL,99999999,NULL,1,'7,6,5',53,17);
/*!40000 ALTER TABLE `ts_transcfg` ENABLE KEYS */;


--
-- Definition of table `ts_urole`
--

DROP TABLE IF EXISTS `ts_urole`;
CREATE TABLE `ts_urole` (
  `id` bigint(20) NOT NULL AUTO_INCREMENT,
  `roleId` bigint(20) NOT NULL,
  `userId` bigint(20) NOT NULL,
  PRIMARY KEY (`id`)
) ENGINE=InnoDB AUTO_INCREMENT=182 DEFAULT CHARSET=utf8;

--
-- Dumping data for table `ts_urole`
--

/*!40000 ALTER TABLE `ts_urole` DISABLE KEYS */;
INSERT INTO `ts_urole` (`id`,`roleId`,`userId`) VALUES 
 (177,7,34),
 (178,6,33),
 (179,7,32),
 (180,10,35),
 (181,11,36);
/*!40000 ALTER TABLE `ts_urole` ENABLE KEYS */;


--
-- Definition of table `ts_user`
--

DROP TABLE IF EXISTS `ts_user`;
CREATE TABLE `ts_user` (
  `userId` bigint(20) NOT NULL AUTO_INCREMENT,
  `createTime` datetime NOT NULL,
  `creator` bigint(20) NOT NULL,
  `deptId` bigint(20) NOT NULL,
  `empId` bigint(20) DEFAULT NULL,
  `isenabled` tinyint(4) NOT NULL,
  `modifier` bigint(20) DEFAULT NULL,
  `modifytime` datetime DEFAULT NULL,
  `orgid` bigint(20) NOT NULL,
  `remark` varchar(200) DEFAULT NULL,
  `accessIds` varchar(255) DEFAULT NULL,
  `dataLevel` tinyint(4) DEFAULT NULL,
  `email` varchar(50) DEFAULT NULL,
  `empName` varchar(30) DEFAULT NULL,
  `indeptId` bigint(20) DEFAULT NULL,
  `inempId` bigint(20) DEFAULT NULL,
  `iplimit` varchar(100) DEFAULT NULL,
  `isSystem` int(11) DEFAULT NULL,
  `leader` bigint(20) DEFAULT NULL,
  `loglimit` int(11) DEFAULT NULL,
  `mnemonic` varchar(100) DEFAULT NULL,
  `passWord` varchar(30) DEFAULT NULL,
  `phone` varchar(20) DEFAULT NULL,
  `postId` bigint(20) DEFAULT NULL,
  `pwdcycle` int(11) DEFAULT NULL,
  `pwdfail` int(11) DEFAULT NULL,
  `pwdtip` int(11) DEFAULT NULL,
  `tel` varchar(20) DEFAULT NULL,
  `userName` varchar(30) DEFAULT NULL,
  `accessNames` longtext,
  `incompId` bigint(20) DEFAULT NULL,
  `i18n` varchar(10) DEFAULT NULL,
  `code` varchar(20) DEFAULT NULL,
  `sex` int(11) DEFAULT NULL,
  PRIMARY KEY (`userId`)
) ENGINE=InnoDB AUTO_INCREMENT=37 DEFAULT CHARSET=utf8;

--
-- Dumping data for table `ts_user`
--

/*!40000 ALTER TABLE `ts_user` DISABLE KEYS */;
INSERT INTO `ts_user` (`userId`,`createTime`,`creator`,`deptId`,`empId`,`isenabled`,`modifier`,`modifytime`,`orgid`,`remark`,`accessIds`,`dataLevel`,`email`,`empName`,`indeptId`,`inempId`,`iplimit`,`isSystem`,`leader`,`loglimit`,`mnemonic`,`passWord`,`phone`,`postId`,`pwdcycle`,`pwdfail`,`pwdtip`,`tel`,`userName`,`accessNames`,`incompId`,`i18n`,`code`,`sex`) VALUES 
 (1,'2012-11-08 00:00:00',-1,-1,-1,1,NULL,NULL,9999,NULL,NULL,0,NULL,'',NULL,NULL,NULL,1,NULL,NULL,NULL,'1',NULL,-1,NULL,NULL,NULL,NULL,'admin',NULL,NULL,NULL,NULL,NULL),
 (32,'2012-01-26 00:12:00',1,-1,NULL,1,1,'2013-01-08 00:01:00',-1,NULL,'',7,NULL,'',1,NULL,NULL,0,NULL,0,NULL,'111',NULL,1,30,0,0,NULL,'cmw',NULL,1,NULL,NULL,0),
 (33,'2012-01-26 00:12:00',1,-1,NULL,1,1,'2013-01-08 00:01:00',-1,NULL,'',0,NULL,'',1,NULL,NULL,0,NULL,0,NULL,'111',NULL,2,30,0,0,NULL,'xf',NULL,1,NULL,NULL,1),
 (34,'2012-01-26 00:12:00',1,-1,NULL,1,1,'2013-01-08 00:01:00',-1,NULL,'',2,NULL,'',1,NULL,NULL,0,NULL,0,NULL,'111',NULL,2,30,0,0,NULL,'pdt',NULL,1,NULL,NULL,0),
 (35,'2012-01-26 00:12:00',1,-1,NULL,1,1,'2013-01-08 00:01:00',-1,NULL,'',7,NULL,'',1,NULL,NULL,0,NULL,0,NULL,'111',NULL,3,30,0,0,NULL,'cj',NULL,1,NULL,NULL,0),
 (36,'2013-01-08 00:01:00',1,-1,-1,1,NULL,NULL,-1,NULL,'',7,NULL,'',4,NULL,NULL,0,NULL,0,NULL,'111',NULL,5,30,0,0,NULL,'wm',NULL,1,NULL,NULL,1);
/*!40000 ALTER TABLE `ts_user` ENABLE KEYS */;


--
-- Definition of table `ts_variety`
--

DROP TABLE IF EXISTS `ts_variety`;
CREATE TABLE `ts_variety` (
  `id` bigint(20) NOT NULL AUTO_INCREMENT,
  `createTime` datetime NOT NULL,
  `creator` bigint(20) NOT NULL,
  `deptId` bigint(20) NOT NULL,
  `empId` bigint(20) DEFAULT NULL,
  `isenabled` tinyint(4) NOT NULL,
  `modifier` bigint(20) DEFAULT NULL,
  `modifytime` datetime DEFAULT NULL,
  `orgid` bigint(20) NOT NULL,
  `remark` varchar(200) DEFAULT NULL,
  `amountRange` varchar(50) DEFAULT NULL,
  `bussType` int(11) NOT NULL,
  `code` varchar(50) NOT NULL,
  `companyIds` varchar(50) DEFAULT NULL,
  `companyName` varchar(50) DEFAULT NULL,
  `isCredit` int(11) NOT NULL,
  `isLimit` int(11) DEFAULT NULL,
  `isLoan` int(11) DEFAULT NULL,
  `limitRange` varchar(50) DEFAULT NULL,
  `name` varchar(50) NOT NULL,
  `pdid` varchar(50) DEFAULT NULL,
  `sysId` bigint(20) NOT NULL,
  `useorg` int(11) DEFAULT NULL,
  `icon` varchar(200) DEFAULT NULL,
  PRIMARY KEY (`id`)
) ENGINE=InnoDB AUTO_INCREMENT=78 DEFAULT CHARSET=utf8;

--
-- Dumping data for table `ts_variety`
--

/*!40000 ALTER TABLE `ts_variety` DISABLE KEYS */;
INSERT INTO `ts_variety` (`id`,`createTime`,`creator`,`deptId`,`empId`,`isenabled`,`modifier`,`modifytime`,`orgid`,`remark`,`amountRange`,`bussType`,`code`,`companyIds`,`companyName`,`isCredit`,`isLimit`,`isLoan`,`limitRange`,`name`,`pdid`,`sysId`,`useorg`,`icon`) VALUES 
 (69,'2012-01-05 00:12:00',-1,-1,NULL,1,NULL,NULL,0,NULL,'66,777',0,'V20121205010931136',NULL,'',0,1,1,'66,77D','yyy',NULL,1,1,NULL),
 (70,'2012-01-05 00:12:00',-1,-1,NULL,1,-1,'2012-01-14 00:12:00',0,'  \n','2,3',0,'V20121205014707138','1','',0,1,1,'33,333,D','','process1:5:704',3,1,'images/big_icons/48x48/apps/grass.png'),
 (71,'2012-01-05 00:12:00',-1,-1,NULL,1,-1,'2012-01-05 00:12:00',0,NULL,'33,55',1,'V20121205022940140',NULL,'',0,1,1,'44,44M','ttt',NULL,1,1,NULL),
 (72,'2012-01-05 00:12:00',-1,-1,NULL,1,-1,'2012-01-06 00:12:00',0,NULL,'5,8',1,'V20121205023342142',NULL,'',0,1,1,'5,6D','ttt',NULL,1,1,NULL),
 (73,'2012-01-05 00:12:00',-1,-1,NULL,1,-1,'2012-01-06 00:12:00',0,NULL,'6,7',1,'V20121205023406144',NULL,'',0,1,1,'7,8M','tte',NULL,1,1,NULL),
 (74,'2012-01-05 00:12:00',-1,-1,NULL,1,-1,'2012-01-06 00:12:00',0,NULL,'6,7',0,'V20121205024348146',NULL,'',1,1,1,'8,9Y','ttt',NULL,1,1,NULL),
 (75,'2012-01-05 00:12:00',-1,-1,NULL,-1,NULL,NULL,0,NULL,'3,5',1,'V20121205052422148',NULL,'',0,1,1,'4,6D','',NULL,1,1,NULL),
 (76,'2012-01-05 00:12:00',-1,-1,NULL,1,-1,'2012-01-06 00:12:00',0,NULL,'22,33',1,'V20121205052557150',NULL,'',0,1,1,'44,55D','ee',NULL,1,1,NULL),
 (77,'2012-01-05 00:12:00',-1,-1,NULL,1,-1,'2012-01-06 00:12:00',0,NULL,'4,5',1,'V20121205061416152',NULL,'',0,1,1,'5,6D','pppp',NULL,1,1,NULL);
/*!40000 ALTER TABLE `ts_variety` ENABLE KEYS */;




/*!40101 SET SQL_MODE=@OLD_SQL_MODE */;
/*!40014 SET FOREIGN_KEY_CHECKS=@OLD_FOREIGN_KEY_CHECKS */;
/*!40014 SET UNIQUE_CHECKS=@OLD_UNIQUE_CHECKS */;
/*!40101 SET CHARACTER_SET_CLIENT=@OLD_CHARACTER_SET_CLIENT */;
/*!40101 SET CHARACTER_SET_RESULTS=@OLD_CHARACTER_SET_RESULTS */;
/*!40101 SET COLLATION_CONNECTION=@OLD_COLLATION_CONNECTION */;
/*!40101 SET CHARACTER_SET_CLIENT=@OLD_CHARACTER_SET_CLIENT */;
