﻿<skin name="一听皮肤" version="1.0" author="CenFun" email="cenfun@gmail.com" url="http://bbs.cenfun.com/" readme="移植1ting的播放器皮肤" show_tips="0.5">
  <option xywh="0C, 43C, 5B, 73B" src="" mask="" lock="1" display="0" group="A" fade="0">
    <pane xywh="0, 0, 100%, 100%" align="left" font="宋体" size="12" color="#135BA8, #339900" />
    <scrollbar thumb_src="scrollbar_thumb.png" button_src="scrollbar_button.png" track_src="scrollbar_track.png"/>
    <bt_close xywh="" src="" tips="" />
    <event type="open" target="media" property="display" value="0" />
	<event type="open" target="lrc" property="display" value="0" />
	<event type="open" target="list" property="display" value="0" />
    <event type="close" target="list" property="display" value="1" />
  </option>
  <lrc xywh="0C, 43C, 5B, 73B" src="" mask="" lock="1" display="0" group="A">
    <text xywh="0, 0, 100%, 100%" align="center" font="Arial" size="12" leading="0" color="#135BA8, #339900" horizontal="0" max_scale="2" max_button="0">
      <kmc time_preview="5000" time_sec3="8000" show_info="1" margin="5" size="14" bold="1" align="center, center" color="#135BA8, #339900" />
    </text>
	<event type="open" target="media" property="display" value="0" />
	<event type="open" target="list" property="display" value="0" />
    <event type="close" target="list" property="display" value="1" />
  </lrc>
  <media xywh="0C, 43C, 5B, 73B" src="media.swf" mask="" lock="1" display="0" group="A">
    <video xywh="0, 0, 100%, 100%" />
	<event type="open" target="list" property="display" value="0" />
    <event type="close" target="list" property="display" value="1" />
  </media>
  <list xywh="0C, 43C, 5B, 73B" src="list.png" mask="" lock="1" display="1" group="A" fade="0">
    <tree xywh="0, 30R, 100%, 100%" align="left" font="Arial" size="12" color="#135BA8, #339900" bold="0,1" />
    <search xywh="5, 6R, 160, 18" align="left" font="Arial" size="12" color="#999999, #666666" borderColor="#B7B7B7" backgroundColor="#F7F7F7" bold="" value="请输入关键字进行过滤" />
    <scrollbar thumb_src="scrollbar_thumb.png" button_src="scrollbar_button.png" track_src="scrollbar_track.png"/>
    <icons bullet="bullet.png" opened="" closed="" />
	<event type="open" target="media" property="display" value="0" />
    <event type="close" target="list" property="display" value="1" />
  </list>
  <console xywh="0C, 0C, 100%, 100%" src="console.png" mask="" lock="1" display="1" group="A" snap="true">
    <bt_play xywh="13, 39, 37, 37" src="bt_play.png" tips="播放,暂停" />
    <bt_stop xywh="55, 45, 28, 28" src="bt_stop.png" tips="停止" />
    <bt_prev xywh="-31C, 45, 64, 26" src="bt_prev.png" tips="上一个" />
    <bt_next xywh="31C, 45, 64, 26" src="bt_next.png" tips="下一个" />
    <bt_random xywh="40R, 58, 11, 11" src="bt_random.png" tips="打开无序,关闭无序" />
    <bt_repeat xywh="25R, 58, 11, 11" src="bt_repeat.png" tips="打开重复,关闭重复" />
    <bt_mute xywh="80R, 58, 14, 10" src="bt_mute.png" tips="静音,打开声音" />
    <volume xywh="10R, 45, 85, 6" thumb_src="volume_thumb.png" track_src="volume_track.png" tips="音量" />
    <progress xywh="0C, 25, 1B, 6" thumb_src="progress_thumb.png" track_src="progress_track.png" tips="定位" />
    <bt_list xywh="4, 89, 88, 27" src="bt_list.png" tips="关闭列表,打开列表" />
    <bt_video xywh="95, 89, 88, 27" src="bt_video.png" tips="关闭视频,打开视频" />
    <bt_fullscreen xywh="10R, 58, 11, 11" src="bt_fullscreen.png" tips="打开全屏,退出全屏" />
    <title xywh="5, 5, 60B, 18" align="left" font="Verdana" size="12" color="#ffffff" bold="1" borderColor="" />
    <status xywh="5, 7R, 5B, 18" align="left" font="Verdana" size="12" color="#666666" borderColor="" />
    <time xywh="5R, 6, 110, 16" align="right" font="Verdana" size="11" color="#ffffff" borderColor="" />
  </console>
</skin>
